logical_page,offset_mib,time_ns,from,to
0,0.0,114250074,C,D
0,0.0,3380796138,D,C
0,0.0,4399589708,C,D
0,0.0,7342505384,D,C
0,0.0,8322187206,C,D
0,0.0,11424413862,D,C
64,0.25,114250074,C,D
64,0.25,3380796138,D,C
64,0.25,4399589708,C,D
64,0.25,7342505384,D,C
64,0.25,8322187206,C,D
64,0.25,11424413862,D,C
128,0.5,114250074,C,D
128,0.5,3380796138,D,C
128,0.5,4399589708,C,D
128,0.5,7342505384,D,C
128,0.5,8344690676,C,D
128,0.5,11424413862,D,C
192,0.75,114250074,C,D
192,0.75,3380796138,D,C
192,0.75,4399589708,C,D
192,0.75,7342505384,D,C
192,0.75,8344690676,C,D
192,0.75,11424413862,D,C
256,1.0,114250074,C,D
256,1.0,3380796138,D,C
256,1.0,4399589708,C,D
256,1.0,7342505384,D,C
256,1.0,8344690676,C,D
256,1.0,11424413862,D,C
320,1.25,114250074,C,D
320,1.25,3380796138,D,C
320,1.25,4399589708,C,D
320,1.25,7342505384,D,C
320,1.25,8344690676,C,D
320,1.25,11446742401,D,C
384,1.5,114250074,C,D
384,1.5,3380796138,D,C
384,1.5,4421700203,C,D
384,1.5,7342505384,D,C
384,1.5,8344690676,C,D
384,1.5,11446742401,D,C
448,1.75,114250074,C,D
448,1.75,3380796138,D,C
448,1.75,4421700203,C,D
448,1.75,7342505384,D,C
448,1.75,8344690676,C,D
448,1.75,11446742401,D,C
512,2.0,137245847,C,D
512,2.0,3380796138,D,C
512,2.0,4421700203,C,D
512,2.0,7342505384,D,C
512,2.0,8344690676,C,D
512,2.0,11446742401,D,C
576,2.25,137245847,C,D
576,2.25,3380796138,D,C
576,2.25,4421700203,C,D
576,2.25,7342505384,D,C
576,2.25,8344690676,C,D
576,2.25,11446742401,D,C
640,2.5,137245847,C,D
640,2.5,3403304208,D,C
640,2.5,4421700203,C,D
640,2.5,7342505384,D,C
640,2.5,8344690676,C,D
640,2.5,11446742401,D,C
704,2.75,137245847,C,D
704,2.75,3403304208,D,C
704,2.75,4421700203,C,D
704,2.75,7342505384,D,C
704,2.75,8344690676,C,D
704,2.75,11446742401,D,C
768,3.0,137245847,C,D
768,3.0,3403304208,D,C
768,3.0,4444178926,C,D
768,3.0,7342505384,D,C
768,3.0,8344690676,C,D
768,3.0,11446742401,D,C
832,3.25,137245847,C,D
832,3.25,3403304208,D,C
832,3.25,4444178926,C,D
832,3.25,7364947108,D,C
832,3.25,8344690676,C,D
832,3.25,11446742401,D,C
896,3.5,137245847,C,D
896,3.5,3403304208,D,C
896,3.5,4444178926,C,D
896,3.5,7364947108,D,C
896,3.5,8367185959,C,D
896,3.5,11446742401,D,C
960,3.75,137245847,C,D
960,3.75,3403304208,D,C
960,3.75,4444178926,C,D
960,3.75,7364947108,D,C
960,3.75,8367185959,C,D
960,3.75,11468971460,D,C
1024,4.0,137245847,C,D
1024,4.0,3403304208,D,C
1024,4.0,4444178926,C,D
1024,4.0,7364947108,D,C
1024,4.0,8367185959,C,D
1024,4.0,11468971460,D,C
1088,4.25,137245847,C,D
1088,4.25,3403304208,D,C
1088,4.25,4444178926,C,D
1088,4.25,7364947108,D,C
1088,4.25,8367185959,C,D
1088,4.25,11468971460,D,C
1152,4.5,137245847,C,D
1152,4.5,3403304208,D,C
1152,4.5,4444178926,C,D
1152,4.5,7364947108,D,C
1152,4.5,8367185959,C,D
1152,4.5,11468971460,D,C
1216,4.75,137245847,C,D
1216,4.75,3403304208,D,C
1216,4.75,4444178926,C,D
1216,4.75,7364947108,D,C
1216,4.75,8389659205,C,D
1216,4.75,11468971460,D,C
1280,5.0,137245847,C,D
1280,5.0,3403304208,D,C
1280,5.0,4444178926,C,D
1280,5.0,7364947108,D,C
1280,5.0,8389659205,C,D
1280,5.0,11468971460,D,C
1344,5.25,137245847,C,D
1344,5.25,3425408924,D,C
1344,5.25,4444178926,C,D
1344,5.25,7364947108,D,C
1344,5.25,8389659205,C,D
1344,5.25,11468971460,D,C
1408,5.5,137245847,C,D
1408,5.5,3425408924,D,C
1408,5.5,4444178926,C,S
1408,5.5,4476462955,S,D
1408,5.5,7364947108,D,C
1408,5.5,8389659205,C,D
1408,5.5,11468971460,D,C
1472,5.75,159424716,C,D
1472,5.75,3425408924,D,C
1472,5.75,4444178926,C,D
1472,5.75,7364947108,D,C
1472,5.75,8389659205,C,D
1472,5.75,11468971460,D,C
1536,6.0,159424716,C,D
1536,6.0,3425408924,D,C
1536,6.0,4476462955,C,D
1536,6.0,7364947108,D,C
1536,6.0,8389659205,C,D
1536,6.0,11468971460,D,C
1600,6.25,159424716,C,D
1600,6.25,3425408924,D,C
1600,6.25,4476462955,C,D
1600,6.25,7364947108,D,C
1600,6.25,8389659205,C,D
1600,6.25,11468971460,D,C
1664,6.5,159424716,C,D
1664,6.5,3425408924,D,C
1664,6.5,4476462955,C,D
1664,6.5,7398815569,D,C
1664,6.5,8389659205,C,D
1664,6.5,11468971460,D,C
1728,6.75,159424716,C,D
1728,6.75,3425408924,D,C
1728,6.75,4476462955,C,D
1728,6.75,7398815569,D,C
1728,6.75,8389659205,C,D
1728,6.75,11468971460,D,C
1792,7.0,159424716,C,D
1792,7.0,3425408924,D,C
1792,7.0,4476462955,C,D
1792,7.0,7398815569,D,C
1792,7.0,8389659205,C,D
1792,7.0,11468971460,D,C
1856,7.25,159424716,C,D
1856,7.25,3425408924,D,C
1856,7.25,4476462955,C,D
1856,7.25,7398815569,D,C
1856,7.25,8389659205,C,D
1856,7.25,11468971460,D,C
1920,7.5,159424716,C,D
1920,7.5,3425408924,D,C
1920,7.5,4476462955,C,D
1920,7.5,7398815569,D,C
1920,7.5,8389659205,C,D
1920,7.5,11468971460,D,C
1984,7.75,181548228,C,D
1984,7.75,3453542299,D,C
1984,7.75,4476462955,C,D
1984,7.75,7398815569,D,C
1984,7.75,8389659205,C,D
1984,7.75,11468971460,D,C
2048,8.0,181548228,C,D
2048,8.0,3453542299,D,C
2048,8.0,4476462955,C,D
2048,8.0,7398815569,D,C
2048,8.0,8389659205,C,D
2048,8.0,11468971460,D,C
2112,8.25,181548228,C,D
2112,8.25,3453542299,D,C
2112,8.25,4476462955,C,D
2112,8.25,7398815569,D,C
2112,8.25,8411977607,C,D
2112,8.25,11468971460,D,C
2176,8.5,181548228,C,D
2176,8.5,3453542299,D,C
2176,8.5,4476462955,C,D
2176,8.5,7398815569,D,C
2176,8.5,8411977607,C,D
2176,8.5,11491278972,D,C
2240,8.75,181548228,C,D
2240,8.75,3453542299,D,C
2240,8.75,4476462955,C,D
2240,8.75,7398815569,D,C
2240,8.75,8411977607,C,D
2240,8.75,11491278972,D,C
2304,9.0,181548228,C,D
2304,9.0,3453542299,D,C
2304,9.0,4476462955,C,D
2304,9.0,7398815569,D,C
2304,9.0,8411977607,C,D
2304,9.0,11491278972,D,C
2368,9.25,181548228,C,D
2368,9.25,3453542299,D,C
2368,9.25,4476462955,C,D
2368,9.25,7421287342,D,C
2368,9.25,8411977607,C,D
2368,9.25,11491278972,D,C
2432,9.5,181548228,C,D
2432,9.5,3453542299,D,C
2432,9.5,4476462955,C,D
2432,9.5,7421287342,D,C
2432,9.5,8411977607,C,D
2432,9.5,11491278972,D,C
2496,9.75,203387922,C,D
2496,9.75,3453542299,D,C
2496,9.75,4476462955,C,D
2496,9.75,7421287342,D,C
2496,9.75,8411977607,C,D
2496,9.75,11491278972,D,C
2560,10.0,203387922,C,D
2560,10.0,3453542299,D,C
2560,10.0,4476462955,C,D
2560,10.0,7421287342,D,C
2560,10.0,8411977607,C,D
2560,10.0,11491278972,D,C
2624,10.25,203387922,C,D
2624,10.25,3453542299,D,C
2624,10.25,4476462955,C,D
2624,10.25,7421287342,D,C
2624,10.25,8411977607,C,D
2624,10.25,11491278972,D,C
2688,10.5,203387922,C,D
2688,10.5,3453542299,D,C
2688,10.5,4476462955,C,D
2688,10.5,7421287342,D,C
2688,10.5,8411977607,C,D
2688,10.5,11491278972,D,C
2752,10.75,203387922,C,D
2752,10.75,3453542299,D,C
2752,10.75,4476462955,C,D
2752,10.75,7421287342,D,C
2752,10.75,8411977607,C,D
2752,10.75,11513561719,D,C
2816,11.0,203387922,C,D
2816,11.0,3453542299,D,C
2816,11.0,4476462955,C,D
2816,11.0,7421287342,D,C
2816,11.0,8411977607,C,D
2816,11.0,11513561719,D,C
2880,11.25,203387922,C,D
2880,11.25,3475568727,D,C
2880,11.25,4476462955,C,D
2880,11.25,7421287342,D,C
2880,11.25,8411977607,C,D
2880,11.25,11513561719,D,C
2944,11.5,203387922,C,D
2944,11.5,3475568727,D,C
2944,11.5,4476462955,C,D
2944,11.5,7421287342,D,C
2944,11.5,8411977607,C,D
2944,11.5,11513561719,D,C
3008,11.75,203387922,C,D
3008,11.75,3475568727,D,C
3008,11.75,4476462955,C,D
3008,11.75,7421287342,D,C
3008,11.75,8411977607,C,D
3008,11.75,11513561719,D,C
3072,12.0,203387922,C,D
3072,12.0,3497538414,D,C
3072,12.0,4476462955,C,D
3072,12.0,7421287342,D,C
3072,12.0,8434119684,C,D
3072,12.0,11513561719,D,C
3136,12.25,203387922,C,D
3200,12.5,203387922,C,D
3200,12.5,3497538414,D,C
3200,12.5,4476462955,C,D
3200,12.5,7421287342,D,C
3200,12.5,8434119684,C,D
3200,12.5,11513561719,D,C
3264,12.75,225435614,C,D
3264,12.75,3497538414,D,C
3264,12.75,4476462955,C,D
3264,12.75,7421287342,D,C
3264,12.75,8434119684,C,D
3264,12.75,11513561719,D,C
3328,13.0,225435614,C,D
3328,13.0,3497538414,D,C
3328,13.0,4476462955,C,D
3328,13.0,7421287342,D,C
3328,13.0,8434119684,C,D
3328,13.0,11513561719,D,C
3392,13.25,225435614,C,D
3392,13.25,3497538414,D,C
3392,13.25,4476462955,C,D
3392,13.25,7421287342,D,C
3392,13.25,8434119684,C,D
3392,13.25,11513561719,D,C
3456,13.5,225435614,C,D
3456,13.5,3497538414,D,C
3456,13.5,4476462955,C,D
3456,13.5,7421287342,D,C
3456,13.5,8434119684,C,D
3456,13.5,11513561719,D,C
3520,13.75,225435614,C,D
3520,13.75,3497538414,D,C
3520,13.75,4476462955,C,D
3520,13.75,7421287342,D,C
3520,13.75,8434119684,C,D
3520,13.75,11513561719,D,C
3584,14.0,225435614,C,D
3584,14.0,3497538414,D,C
3584,14.0,4476462955,C,D
3584,14.0,7421287342,D,C
3584,14.0,8434119684,C,D
3584,14.0,11513561719,D,C
3648,14.25,225435614,C,D
3648,14.25,3519655125,D,C
3648,14.25,4476462955,C,D
3648,14.25,7421287342,D,C
3648,14.25,8434119684,C,D
3648,14.25,11513561719,D,C
3712,14.5,247329694,C,D
3712,14.5,3519655125,D,C
3712,14.5,4476462955,C,D
3712,14.5,7445014772,D,C
3712,14.5,8434119684,C,D
3712,14.5,11513561719,D,C
3776,14.75,247329694,C,D
3776,14.75,3519655125,D,C
3776,14.75,4476462955,C,D
3776,14.75,7445014772,D,C
3776,14.75,8434119684,C,D
3776,14.75,11513561719,D,C
3840,15.0,247329694,C,D
3840,15.0,3519655125,D,C
3840,15.0,4476462955,C,D
3840,15.0,7445014772,D,C
3840,15.0,8456338220,C,D
3840,15.0,11513561719,D,C
3904,15.25,247329694,C,D
3904,15.25,3519655125,D,C
3904,15.25,4476462955,C,D
3904,15.25,7556323200,D,C
3904,15.25,8456338220,C,D
3904,15.25,11513561719,D,C
3968,15.5,247329694,C,D
3968,15.5,3519655125,D,C
3968,15.5,4476462955,C,D
3968,15.5,7556323200,D,C
3968,15.5,8456338220,C,D
3968,15.5,11513561719,D,C
4032,15.75,247329694,C,D
4032,15.75,3519655125,D,C
4032,15.75,4476462955,C,D
4032,15.75,7556323200,D,C
4032,15.75,8456338220,C,D
4032,15.75,11513561719,D,C
4096,16.0,247329694,C,D
4096,16.0,3519655125,D,C
4096,16.0,4476462955,C,D
4096,16.0,7556323200,D,C
4096,16.0,8456338220,C,D
4096,16.0,11513561719,D,C
4160,16.25,247329694,C,D
4160,16.25,3519655125,D,C
4160,16.25,4476462955,C,D
4160,16.25,7556323200,D,C
4160,16.25,8456338220,C,D
4160,16.25,11513561719,D,C
4224,16.5,247329694,C,D
4224,16.5,3519655125,D,C
4224,16.5,4476462955,C,D
4224,16.5,7556323200,D,C
4224,16.5,8456338220,C,D
4224,16.5,11513561719,D,C
4288,16.75,247329694,C,D
4288,16.75,3519655125,D,C
4288,16.75,4476462955,C,D
4288,16.75,7556323200,D,C
4288,16.75,8456338220,C,D
4288,16.75,11513561719,D,C
4352,17.0,247329694,C,D
4352,17.0,3519655125,D,C
4352,17.0,4476462955,C,D
4352,17.0,7556323200,D,C
4352,17.0,8456338220,C,D
4352,17.0,11513561719,D,C
4416,17.25,247329694,C,D
4416,17.25,3610215169,D,C
4416,17.25,4476462955,C,D
4416,17.25,7556323200,D,C
4416,17.25,8456338220,C,D
4416,17.25,11513561719,D,C
4480,17.5,247329694,C,D
4480,17.5,3610215169,D,C
4480,17.5,4476462955,C,D
4480,17.5,7556323200,D,C
4480,17.5,8456338220,C,D
4480,17.5,11513561719,D,C
4544,17.75,269321681,C,D
4544,17.75,3610215169,D,C
4544,17.75,4476462955,C,D
4544,17.75,7556323200,D,C
4544,17.75,8456338220,C,D
4544,17.75,11513561719,D,C
4608,18.0,269321681,C,D
4608,18.0,3610215169,D,C
4608,18.0,4476462955,C,D
4608,18.0,7556323200,D,C
4608,18.0,8478584898,C,D
4608,18.0,11513561719,D,C
4672,18.25,269321681,C,D
4672,18.25,3610215169,D,C
4672,18.25,4476462955,C,D
4672,18.25,7556323200,D,C
4672,18.25,8478584898,C,D
4672,18.25,11647949059,D,C
4736,18.5,269321681,C,D
4736,18.5,3610215169,D,C
4736,18.5,4476462955,C,D
4736,18.5,7556323200,D,C
4736,18.5,8478584898,C,D
4736,18.5,11647949059,D,C
4800,18.75,269321681,C,D
4800,18.75,3610215169,D,C
4800,18.75,4476462955,C,D
4800,18.75,7556323200,D,C
4800,18.75,8478584898,C,D
4800,18.75,11670170782,D,C
4864,19.0,269321681,C,D
4864,19.0,3610215169,D,C
4864,19.0,4498461070,C,D
4864,19.0,7556323200,D,C
4864,19.0,8478584898,C,D
4864,19.0,11670170782,D,C
4928,19.25,269321681,C,D
4928,19.25,3610215169,D,C
4928,19.25,4498461070,C,D
4928,19.25,7556323200,D,C
4928,19.25,8500704732,C,D
4928,19.25,11670170782,D,C
4992,19.5,269321681,C,D
4992,19.5,3610215169,D,C
4992,19.5,4498461070,C,D
4992,19.5,7556323200,D,C
4992,19.5,8500704732,C,D
4992,19.5,11670170782,D,C
5056,19.75,291348424,C,D
5056,19.75,3610215169,D,C
5056,19.75,4498461070,C,D
5056,19.75,7556323200,D,C
5056,19.75,8500704732,C,D
5056,19.75,11670170782,D,C
5120,20.0,291348424,C,D
5120,20.0,3610215169,D,C
5120,20.0,4498461070,C,D
5120,20.0,7556323200,D,C
5120,20.0,8500704732,C,D
5120,20.0,11670170782,D,C
5184,20.25,291348424,C,D
5184,20.25,3610215169,D,C
5184,20.25,4498461070,C,D
5184,20.25,7556323200,D,C
5184,20.25,8500704732,C,D
5184,20.25,11670170782,D,C
5248,20.5,291348424,C,D
5248,20.5,3610215169,D,C
5248,20.5,4498461070,C,D
5248,20.5,7556323200,D,C
5248,20.5,8500704732,C,D
5248,20.5,11670170782,D,C
5312,20.75,291348424,C,D
5312,20.75,3610215169,D,C
5312,20.75,4498461070,C,D
5312,20.75,7556323200,D,C
5312,20.75,8500704732,C,D
5312,20.75,11670170782,D,C
5376,21.0,291348424,C,D
5376,21.0,3610215169,D,C
5376,21.0,4498461070,C,D
5376,21.0,7578749055,D,C
5376,21.0,8500704732,C,D
5376,21.0,11670170782,D,C
5440,21.25,291348424,C,D
5440,21.25,3610215169,D,C
5440,21.25,4498461070,C,D
5440,21.25,7578749055,D,C
5440,21.25,8500704732,C,D
5440,21.25,11670170782,D,C
5504,21.5,291348424,C,D
5504,21.5,3610215169,D,C
5504,21.5,4498461070,C,D
5504,21.5,7578749055,D,C
5504,21.5,8500704732,C,D
5504,21.5,11692518335,D,C
5568,21.75,291348424,C,D
5568,21.75,3610215169,D,C
5568,21.75,4498461070,C,D
5568,21.75,7578749055,D,C
5568,21.75,8500704732,C,D
5568,21.75,11692518335,D,C
5632,22.0,319141316,C,D
5632,22.0,3610215169,D,C
5632,22.0,4498461070,C,D
5632,22.0,7602453413,D,C
5632,22.0,8500704732,C,D
5632,22.0,11692518335,D,C
5696,22.25,319141316,C,D
5696,22.25,3610215169,D,C
5696,22.25,4498461070,C,D
5696,22.25,7602453413,D,C
5696,22.25,8500704732,C,D
5696,22.25,11692518335,D,C
5760,22.5,319141316,C,D
5760,22.5,3610215169,D,C
5760,22.5,4520998795,C,D
5760,22.5,7602453413,D,C
5760,22.5,8500704732,C,D
5760,22.5,11692518335,D,C
5824,22.75,319141316,C,D
5824,22.75,3610215169,D,C
5824,22.75,4520998795,C,D
5824,22.75,7602453413,D,C
5824,22.75,8500704732,C,D
5824,22.75,11692518335,D,C
5888,23.0,319141316,C,D
5888,23.0,3610215169,D,C
5888,23.0,4520998795,C,D
5888,23.0,7602453413,D,C
5888,23.0,8522792306,C,D
5888,23.0,11692518335,D,C
5952,23.25,319141316,C,D
6016,23.5,319141316,C,D
6080,23.75,319141316,C,D
6080,23.75,3610215169,D,C
6080,23.75,4520998795,C,D
6080,23.75,7602453413,D,C
6080,23.75,8522792306,C,D
6080,23.75,11692518335,D,C
6144,24.0,319141316,C,D
6144,24.0,3610215169,D,C
6144,24.0,4520998795,C,D
6144,24.0,7602453413,D,C
6144,24.0,8522792306,C,D
6144,24.0,11692518335,D,C
6208,24.25,319141316,C,D
6208,24.25,3610215169,D,C
6208,24.25,4520998795,C,D
6208,24.25,7602453413,D,C
6208,24.25,8522792306,C,D
6208,24.25,11692518335,D,C
6272,24.5,319141316,C,D
6272,24.5,3610215169,D,C
6272,24.5,4520998795,C,D
6272,24.5,7602453413,D,C
6272,24.5,8522792306,C,D
6272,24.5,11692518335,D,C
6336,24.75,319141316,C,D
6336,24.75,3610215169,D,C
6336,24.75,4520998795,C,D
6336,24.75,7602453413,D,C
6336,24.75,8522792306,C,D
6336,24.75,11692518335,D,C
6400,25.0,319141316,C,D
6400,25.0,3610215169,D,C
6400,25.0,4520998795,C,D
6400,25.0,7602453413,D,C
6400,25.0,8522792306,C,D
6400,25.0,11692518335,D,C
6464,25.25,319141316,C,D
6464,25.25,3610215169,D,C
6464,25.25,4520998795,C,D
6464,25.25,7602453413,D,C
6464,25.25,8522792306,C,D
6464,25.25,11714703780,D,C
6528,25.5,319141316,C,D
6528,25.5,3610215169,D,C
6528,25.5,4520998795,C,D
6528,25.5,7602453413,D,C
6528,25.5,8522792306,C,D
6528,25.5,11714703780,D,C
6592,25.75,319141316,C,D
6592,25.75,3610215169,D,C
6592,25.75,4520998795,C,D
6592,25.75,7602453413,D,C
6592,25.75,8544921484,C,D
6592,25.75,11714703780,D,C
6656,26.0,319141316,C,D
6656,26.0,3610215169,D,C
6656,26.0,4520998795,C,D
6656,26.0,7602453413,D,C
6656,26.0,8544921484,C,D
6656,26.0,11714703780,D,C
6720,26.25,319141316,C,D
6720,26.25,4520998795,C,D
6720,26.25,7602453413,D,C
6720,26.25,8544921484,C,D
6720,26.25,11714703780,D,C
6784,26.5,319141316,C,D
6784,26.5,3633215876,D,C
6784,26.5,4520998795,C,D
6784,26.5,7602453413,D,C
6784,26.5,8544921484,C,D
6784,26.5,11714703780,D,C
6848,26.75,319141316,C,D
6848,26.75,3633215876,D,C
6848,26.75,4520998795,C,D
6848,26.75,7602453413,D,C
6848,26.75,8544921484,C,D
6848,26.75,11714703780,D,C
6912,27.0,319141316,C,D
6912,27.0,3633215876,D,C
6912,27.0,4520998795,C,D
6912,27.0,7602453413,D,C
6912,27.0,8544921484,C,D
6912,27.0,11714703780,D,C
6976,27.25,319141316,C,D
6976,27.25,3633215876,D,C
6976,27.25,4520998795,C,D
6976,27.25,7602453413,D,C
6976,27.25,8544921484,C,D
6976,27.25,11714703780,D,C
7040,27.5,319141316,C,D
7040,27.5,3633215876,D,C
7040,27.5,4520998795,C,D
7040,27.5,7624467954,D,C
7040,27.5,8544921484,C,D
7040,27.5,11714703780,D,C
7104,27.75,319141316,C,D
7104,27.75,3633215876,D,C
7104,27.75,4520998795,C,D
7104,27.75,7624467954,D,C
7104,27.75,8544921484,C,D
7104,27.75,11714703780,D,C
7168,28.0,319141316,C,D
7168,28.0,3633215876,D,C
7168,28.0,4520998795,C,D
7168,28.0,7624467954,D,C
7168,28.0,8544921484,C,D
7168,28.0,11714703780,D,C
7232,28.25,319141316,C,D
7232,28.25,3655600695,D,C
7232,28.25,4520998795,C,D
7232,28.25,7624467954,D,C
7232,28.25,8544921484,C,D
7232,28.25,11714703780,D,C
7296,28.5,319141316,C,D
7296,28.5,3655600695,D,C
7296,28.5,4520998795,C,D
7296,28.5,7624467954,D,C
7296,28.5,8544921484,C,D
7296,28.5,11736824328,D,C
7360,28.75,319141316,C,D
7360,28.75,3655600695,D,C
7360,28.75,4520998795,C,D
7360,28.75,7624467954,D,C
7360,28.75,8544921484,C,D
7360,28.75,11736824328,D,C
7424,29.0,319141316,C,D
7424,29.0,3655600695,D,C
7424,29.0,4520998795,C,D
7424,29.0,7624467954,D,C
7424,29.0,8544921484,C,D
7424,29.0,11736824328,D,C
7488,29.25,319141316,C,D
7488,29.25,3655600695,D,C
7488,29.25,4543041706,C,D
7488,29.25,7624467954,D,C
7488,29.25,8570028633,C,D
7488,29.25,11758951002,D,C
7552,29.5,319141316,C,D
7552,29.5,3703932100,D,C
7552,29.5,4543041706,C,D
7552,29.5,7624467954,D,C
7552,29.5,8570028633,C,D
7552,29.5,11758951002,D,C
7616,29.75,319141316,C,D
7616,29.75,3703932100,D,C
7616,29.75,4543041706,C,D
7616,29.75,7624467954,D,C
7616,29.75,8570028633,C,D
7616,29.75,11758951002,D,C
7680,30.0,319141316,C,D
7680,30.0,3703932100,D,C
7680,30.0,4543041706,C,D
7680,30.0,7624467954,D,C
7680,30.0,8570028633,C,D
7680,30.0,11758951002,D,C
7744,30.25,319141316,C,D
7744,30.25,3703932100,D,C
7744,30.25,4543041706,C,D
7744,30.25,7624467954,D,C
7744,30.25,8570028633,C,D
7744,30.25,11758951002,D,C
7808,30.5,341688235,C,D
7808,30.5,3703932100,D,C
7808,30.5,4543041706,C,D
7808,30.5,7624467954,D,C
7808,30.5,8607072152,C,D
7808,30.5,11758951002,D,C
7872,30.75,341688235,C,D
7872,30.75,3703932100,D,C
7872,30.75,4543041706,C,D
7872,30.75,7624467954,D,C
7872,30.75,8607072152,C,D
7872,30.75,11758951002,D,C
7936,31.0,341688235,C,D
7936,31.0,3703932100,D,C
7936,31.0,4543041706,C,D
7936,31.0,7624467954,D,C
7936,31.0,8607072152,C,D
7936,31.0,11758951002,D,C
8000,31.25,341688235,C,D
8000,31.25,3703932100,D,C
8000,31.25,4565075467,C,D
8000,31.25,7624467954,D,C
8000,31.25,8607072152,C,D
8000,31.25,11758951002,D,C
8064,31.5,341688235,C,D
8064,31.5,3703932100,D,C
8064,31.5,4565075467,C,D
8064,31.5,7624467954,D,C
8064,31.5,8607072152,C,D
8064,31.5,11781176058,D,C
8128,31.75,341688235,C,D
8128,31.75,3703932100,D,C
8128,31.75,4565075467,C,D
8128,31.75,7624467954,D,C
8128,31.75,8607072152,C,D
8128,31.75,11781176058,D,C
8192,32.0,341688235,C,D
8192,32.0,3703932100,D,C
8192,32.0,4565075467,C,D
8192,32.0,7624467954,D,C
8192,32.0,8607072152,C,D
8192,32.0,11781176058,D,C
8256,32.25,341688235,C,D
8256,32.25,3703932100,D,C
8256,32.25,4565075467,C,D
8256,32.25,7647204214,D,C
8256,32.25,8607072152,C,D
8256,32.25,11781176058,D,C
8320,32.5,341688235,C,D
8320,32.5,3703932100,D,S
8320,32.5,3726058570,S,C
8320,32.5,4565075467,C,D
8320,32.5,7647204214,D,C
8320,32.5,8629268973,C,D
8320,32.5,11781176058,D,C
8384,32.75,341688235,C,D
8384,32.75,3703932100,D,C
8384,32.75,4565075467,C,D
8384,32.75,7647204214,D,C
8384,32.75,8629268973,C,D
8384,32.75,11781176058,D,C
8448,33.0,341688235,C,D
8448,33.0,3726058570,D,C
8448,33.0,4565075467,C,D
8448,33.0,7647204214,D,C
8448,33.0,8629268973,C,D
8448,33.0,11781176058,D,C
8512,33.25,341688235,C,D
8512,33.25,3726058570,D,C
8512,33.25,4565075467,C,D
8512,33.25,7647204214,D,C
8512,33.25,8629268973,C,D
8512,33.25,11781176058,D,C
8576,33.5,363500133,C,D
8576,33.5,3726058570,D,C
8576,33.5,4565075467,C,D
8576,33.5,7647204214,D,C
8576,33.5,8629268973,C,D
8576,33.5,11781176058,D,C
8640,33.75,363500133,C,D
8640,33.75,3726058570,D,C
8640,33.75,4565075467,C,D
8640,33.75,7647204214,D,C
8640,33.75,8629268973,C,D
8640,33.75,11803361361,D,C
8704,34.0,363500133,C,D
8704,34.0,3726058570,D,C
8704,34.0,4587439955,C,D
8704,34.0,7647204214,D,C
8704,34.0,8629268973,C,D
8704,34.0,11803361361,D,C
8768,34.25,363500133,C,D
8768,34.25,3726058570,D,C
8768,34.25,4587439955,C,D
8768,34.25,7647204214,D,C
8768,34.25,8629268973,C,D
8768,34.25,11803361361,D,C
8832,34.5,363500133,C,D
8832,34.5,3726058570,D,C
8832,34.5,4587439955,C,D
8832,34.5,7647204214,D,C
8832,34.5,8651290186,C,D
8832,34.5,11803361361,D,C
8896,34.75,363500133,C,D
8896,34.75,3726058570,D,C
8896,34.75,4587439955,C,D
8896,34.75,7670018725,D,C
8896,34.75,8651290186,C,D
8896,34.75,11803361361,D,C
8960,35.0,387124897,C,D
8960,35.0,3726058570,D,C
8960,35.0,4587439955,C,D
8960,35.0,7670018725,D,C
8960,35.0,8651290186,C,D
8960,35.0,11803361361,D,C
9024,35.25,387124897,C,D
9024,35.25,3726058570,D,C
9024,35.25,4609402370,C,D
9024,35.25,7670018725,D,C
9024,35.25,8651290186,C,D
9024,35.25,11803361361,D,C
9088,35.5,387124897,C,D
9088,35.5,3748141993,D,C
9088,35.5,4609402370,C,D
9088,35.5,7670018725,D,C
9088,35.5,8651290186,C,D
9088,35.5,11803361361,D,C
9152,35.75,387124897,C,D
9152,35.75,3748141993,D,C
9152,35.75,4609402370,C,D
9152,35.75,7692427046,D,C
9152,35.75,8651290186,C,D
9152,35.75,11803361361,D,C
9216,36.0,387124897,C,D
9216,36.0,3748141993,D,C
9216,36.0,4609402370,C,D
9216,36.0,7692427046,D,C
9216,36.0,8651290186,C,D
9216,36.0,11803361361,D,C
9280,36.25,387124897,C,D
9280,36.25,3748141993,D,C
9280,36.25,4609402370,C,D
9280,36.25,7692427046,D,C
9280,36.25,8651290186,C,D
9280,36.25,11803361361,D,C
9344,36.5,387124897,C,D
9344,36.5,3770144706,D,C
9344,36.5,4609402370,C,D
9344,36.5,7692427046,D,C
9344,36.5,8651290186,C,D
9344,36.5,11803361361,D,C
9408,36.75,387124897,C,D
9408,36.75,3770144706,D,C
9408,36.75,4609402370,C,D
9408,36.75,7692427046,D,C
9408,36.75,8651290186,C,D
9408,36.75,11803361361,D,C
9472,37.0,387124897,C,D
9472,37.0,3770144706,D,C
9472,37.0,4609402370,C,D
9472,37.0,7692427046,D,C
9472,37.0,8673917628,C,D
9472,37.0,11803361361,D,C
9536,37.25,387124897,C,D
9536,37.25,3770144706,D,C
9536,37.25,4609402370,C,D
9536,37.25,7692427046,D,C
9536,37.25,8673917628,C,D
9536,37.25,11803361361,D,C
9600,37.5,387124897,C,D
9600,37.5,3770144706,D,C
9600,37.5,4609402370,C,D
9600,37.5,7692427046,D,C
9600,37.5,8673917628,C,D
9600,37.5,11803361361,D,C
9664,37.75,408994153,C,D
9664,37.75,3770144706,D,C
9664,37.75,4609402370,C,D
9664,37.75,7692427046,D,C
9664,37.75,8673917628,C,D
9664,37.75,11803361361,D,C
9728,38.0,408994153,C,D
9728,38.0,3770144706,D,C
9728,38.0,4609402370,C,D
9728,38.0,7692427046,D,C
9728,38.0,8673917628,C,D
9728,38.0,11803361361,D,C
9792,38.25,430835990,C,D
9792,38.25,3770144706,D,C
9792,38.25,4609402370,C,D
9792,38.25,7692427046,D,C
9792,38.25,8673917628,C,D
9792,38.25,11803361361,D,C
9856,38.5,430835990,C,D
9856,38.5,3770144706,D,C
9856,38.5,4609402370,C,D
9856,38.5,7692427046,D,C
9856,38.5,8673917628,C,D
9856,38.5,11803361361,D,C
9920,38.75,430835990,C,D
9920,38.75,3770144706,D,C
9920,38.75,4609402370,C,D
9920,38.75,7692427046,D,C
9920,38.75,8673917628,C,D
9920,38.75,11803361361,D,C
9984,39.0,430835990,C,D
9984,39.0,3770144706,D,C
9984,39.0,4609402370,C,D
9984,39.0,7692427046,D,C
9984,39.0,8673917628,C,D
9984,39.0,11803361361,D,C
10048,39.25,430835990,C,D
10048,39.25,3770144706,D,C
10048,39.25,4631400400,C,D
10048,39.25,7692427046,D,C
10048,39.25,8673917628,C,D
10048,39.25,11803361361,D,C
10112,39.5,430835990,C,D
10112,39.5,3770144706,D,C
10112,39.5,4631400400,C,D
10112,39.5,7692427046,D,C
10112,39.5,8673917628,C,D
10112,39.5,11803361361,D,C
10176,39.75,430835990,C,D
10176,39.75,3770144706,D,C
10176,39.75,4631400400,C,D
10176,39.75,7692427046,D,C
10176,39.75,8673917628,C,D
10176,39.75,11825632227,D,C
10240,40.0,430835990,C,D
10240,40.0,3770144706,D,C
10240,40.0,4631400400,C,D
10240,40.0,7692427046,D,C
10240,40.0,8673917628,C,D
10240,40.0,11825632227,D,C
10304,40.25,430835990,C,D
10304,40.25,3792155320,D,C
10304,40.25,4631400400,C,D
10304,40.25,7692427046,D,C
10304,40.25,8673917628,C,D
10304,40.25,11825632227,D,C
10368,40.5,454277293,C,D
10368,40.5,3792155320,D,C
10368,40.5,4631400400,C,D
10368,40.5,7692427046,D,C
10368,40.5,8673917628,C,D
10368,40.5,11825632227,D,C
10432,40.75,454277293,C,D
10432,40.75,3792155320,D,C
10432,40.75,4631400400,C,D
10432,40.75,7692427046,D,C
10432,40.75,8673917628,C,D
10432,40.75,11848135913,D,C
10496,41.0,454277293,C,D
10496,41.0,3792155320,D,C
10496,41.0,4631400400,C,D
10496,41.0,7692427046,D,C
10496,41.0,8696543537,C,D
10496,41.0,11848135913,D,C
10560,41.25,454277293,C,D
10560,41.25,3792155320,D,C
10560,41.25,4653822905,C,D
10560,41.25,7692427046,D,C
10560,41.25,8696543537,C,D
10560,41.25,11848135913,D,C
10624,41.5,454277293,C,D
10624,41.5,3792155320,D,C
10624,41.5,4653822905,C,D
10624,41.5,7692427046,D,C
10624,41.5,8696543537,C,D
10624,41.5,11848135913,D,C
10688,41.75,454277293,C,D
10688,41.75,3792155320,D,C
10688,41.75,4653822905,C,D
10688,41.75,7692427046,D,C
10688,41.75,8696543537,C,D
10688,41.75,11848135913,D,C
10752,42.0,454277293,C,D
10752,42.0,3792155320,D,C
10752,42.0,4653822905,C,D
10752,42.0,7692427046,D,C
10752,42.0,8696543537,C,D
10752,42.0,11848135913,D,C
10816,42.25,454277293,C,D
10816,42.25,3815505798,D,C
10816,42.25,4653822905,C,D
10816,42.25,7692427046,D,C
10816,42.25,8696543537,C,D
10816,42.25,11848135913,D,C
10880,42.5,476110629,C,D
10880,42.5,3815505798,D,C
10880,42.5,4653822905,C,D
10880,42.5,7692427046,D,C
10880,42.5,8696543537,C,D
10944,42.75,476110629,C,D
10944,42.75,3815505798,D,C
10944,42.75,4653822905,C,D
10944,42.75,7692427046,D,C
10944,42.75,8719125458,C,D
11008,43.0,476110629,C,D
11008,43.0,3815505798,D,C
11008,43.0,4653822905,C,D
11008,43.0,7692427046,D,S
11008,43.0,7714734581,S,C
11008,43.0,8719125458,C,D
11008,43.0,11848135913,D,C
11072,43.25,476110629,C,D
11072,43.25,3815505798,D,C
11072,43.25,4653822905,C,D
11072,43.25,7692427046,D,C
11072,43.25,8719125458,C,D
11072,43.25,11848135913,D,C
11136,43.5,476110629,C,D
11136,43.5,3815505798,D,C
11136,43.5,4653822905,C,D
11136,43.5,7692427046,D,C
11136,43.5,8719125458,C,D
11136,43.5,11848135913,D,C
11200,43.75,476110629,C,D
11200,43.75,3815505798,D,C
11200,43.75,4653822905,C,D
11200,43.75,7692427046,D,C
11200,43.75,8719125458,C,D
11264,44.0,476110629,C,D
11264,44.0,3815505798,D,C
11264,44.0,4653822905,C,D
11264,44.0,7692427046,D,C
11264,44.0,8719125458,C,D
11328,44.25,498091201,C,D
11328,44.25,3815505798,D,C
11328,44.25,4653822905,C,D
11328,44.25,7692427046,D,C
11328,44.25,8719125458,C,D
11328,44.25,11848135913,D,C
11392,44.5,498091201,C,D
11392,44.5,3815505798,D,C
11392,44.5,4653822905,C,D
11392,44.5,7692427046,D,C
11392,44.5,8719125458,C,D
11392,44.5,11848135913,D,C
11456,44.75,498091201,C,D
11456,44.75,3815505798,D,C
11456,44.75,4653822905,C,D
11456,44.75,7692427046,D,C
11456,44.75,8719125458,C,D
11520,45.0,498091201,C,D
11520,45.0,3815505798,D,C
11520,45.0,4653822905,C,D
11520,45.0,7692427046,D,C
11520,45.0,8719125458,C,D
11584,45.25,498091201,C,D
11584,45.25,3815505798,D,C
11584,45.25,4653822905,C,D
11584,45.25,7692427046,D,C
11584,45.25,8719125458,C,D
11584,45.25,11848135913,D,C
11648,45.5,498091201,C,D
11648,45.5,3815505798,D,C
11648,45.5,4675921429,C,D
11648,45.5,7692427046,D,C
11648,45.5,8719125458,C,D
11712,45.75,498091201,C,D
11712,45.75,3838916032,D,C
11712,45.75,4675921429,C,D
11712,45.75,7692427046,D,C
11712,45.75,8719125458,C,D
11712,45.75,11848135913,D,C
11776,46.0,498091201,C,D
11776,46.0,3838916032,D,C
11776,46.0,4675921429,C,D
11776,46.0,7692427046,D,C
11776,46.0,8719125458,C,D
11776,46.0,11848135913,D,C
11840,46.25,498091201,C,D
11840,46.25,3838916032,D,C
11840,46.25,4675921429,C,D
11840,46.25,7692427046,D,C
11840,46.25,8719125458,C,D
11840,46.25,11848135913,D,C
11904,46.5,520294303,C,D
11904,46.5,3838916032,D,C
11904,46.5,4675921429,C,D
11904,46.5,7692427046,D,C
11904,46.5,8719125458,C,D
11904,46.5,11848135913,D,C
11968,46.75,520294303,C,D
11968,46.75,3838916032,D,C
11968,46.75,4675921429,C,D
11968,46.75,7692427046,D,C
11968,46.75,8719125458,C,D
12032,47.0,520294303,C,D
12032,47.0,3838916032,D,C
12032,47.0,4675921429,C,D
12032,47.0,7692427046,D,C
12032,47.0,8719125458,C,D
12032,47.0,11848135913,D,C
12096,47.25,520294303,C,D
12096,47.25,3838916032,D,C
12096,47.25,4675921429,C,D
12096,47.25,7714734581,D,C
12096,47.25,8719125458,C,D
12096,47.25,11848135913,D,C
12160,47.5,520294303,C,D
12160,47.5,3838916032,D,C
12160,47.5,4675921429,C,D
12160,47.5,7714734581,D,C
12160,47.5,8719125458,C,D
12160,47.5,11848135913,D,C
12224,47.75,520294303,C,D
12224,47.75,3838916032,D,C
12224,47.75,4675921429,C,D
12224,47.75,7714734581,D,C
12224,47.75,8719125458,C,D
12288,48.0,520294303,C,D
12288,48.0,3838916032,D,C
12288,48.0,4697923132,C,D
12288,48.0,7714734581,D,C
12288,48.0,8719125458,C,D
12352,48.25,520294303,C,D
12352,48.25,3838916032,D,C
12352,48.25,4697923132,C,D
12352,48.25,7736997201,D,C
12352,48.25,8719125458,C,D
12352,48.25,11848135913,D,C
12416,48.5,520294303,C,D
12416,48.5,3838916032,D,C
12416,48.5,4697923132,C,D
12416,48.5,7736997201,D,C
12416,48.5,8719125458,C,D
12416,48.5,11848135913,D,C
12480,48.75,520294303,C,D
12480,48.75,3838916032,D,C
12480,48.75,4697923132,C,D
12480,48.75,7736997201,D,C
12480,48.75,8719125458,C,D
12480,48.75,11848135913,D,C
12544,49.0,544149887,C,D
12544,49.0,3838916032,D,C
12544,49.0,4697923132,C,D
12544,49.0,7736997201,D,C
12544,49.0,8719125458,C,D
12544,49.0,11870336279,D,C
12608,49.25,544149887,C,D
12608,49.25,3838916032,D,C
12608,49.25,4697923132,C,D
12608,49.25,7736997201,D,C
12608,49.25,8741822642,C,D
12608,49.25,11870336279,D,C
12672,49.5,544149887,C,D
12672,49.5,3838916032,D,C
12672,49.5,4697923132,C,D
12672,49.5,7736997201,D,C
12672,49.5,8741822642,C,D
12672,49.5,11870336279,D,C
12736,49.75,544149887,C,D
12736,49.75,3838916032,D,C
12736,49.75,4697923132,C,D
12736,49.75,7736997201,D,C
12736,49.75,8741822642,C,D
12736,49.75,11870336279,D,C
12800,50.0,544149887,C,D
12800,50.0,3838916032,D,C
12800,50.0,4697923132,C,D
12800,50.0,7736997201,D,C
12800,50.0,8741822642,C,D
12800,50.0,11870336279,D,C
12864,50.25,544149887,C,D
12864,50.25,3838916032,D,C
12864,50.25,4697923132,C,D
12864,50.25,7736997201,D,C
12864,50.25,8741822642,C,D
12864,50.25,11870336279,D,C
12928,50.5,544149887,C,D
12928,50.5,3838916032,D,C
12928,50.5,4697923132,C,D
12928,50.5,7736997201,D,C
12928,50.5,8741822642,C,D
12928,50.5,11870336279,D,C
12992,50.75,544149887,C,D
12992,50.75,3838916032,D,C
12992,50.75,4697923132,C,D
12992,50.75,7736997201,D,C
12992,50.75,8741822642,C,D
12992,50.75,11870336279,D,C
13056,51.0,544149887,C,D
13056,51.0,3838916032,D,C
13056,51.0,4720018590,C,D
13056,51.0,7736997201,D,C
13056,51.0,8741822642,C,D
13056,51.0,11870336279,D,C
13120,51.25,544149887,C,D
13120,51.25,3838916032,D,C
13120,51.25,4720018590,C,D
13120,51.25,7736997201,D,C
13120,51.25,8741822642,C,D
13120,51.25,11870336279,D,C
13184,51.5,544149887,C,D
13184,51.5,3838916032,D,C
13184,51.5,4720018590,C,D
13184,51.5,7736997201,D,C
13184,51.5,8741822642,C,D
13184,51.5,11893034779,D,C
13248,51.75,544149887,C,D
13248,51.75,3838916032,D,C
13248,51.75,4720018590,C,D
13248,51.75,7736997201,D,C
13248,51.75,8741822642,C,D
13248,51.75,11893034779,D,C
13312,52.0,544149887,C,D
13312,52.0,3838916032,D,C
13312,52.0,4720018590,C,D
13312,52.0,7736997201,D,C
13312,52.0,8741822642,C,D
13312,52.0,11893034779,D,C
13376,52.25,544149887,C,D
13376,52.25,3838916032,D,C
13376,52.25,4720018590,C,D
13376,52.25,7736997201,D,C
13376,52.25,8741822642,C,D
13376,52.25,11893034779,D,C
13440,52.5,544149887,C,D
13440,52.5,3838916032,D,C
13440,52.5,4720018590,C,D
13440,52.5,7736997201,D,C
13440,52.5,8741822642,C,D
13440,52.5,11893034779,D,C
13504,52.75,544149887,C,D
13504,52.75,3838916032,D,C
13504,52.75,4720018590,C,D
13504,52.75,7736997201,D,C
13504,52.75,8741822642,C,D
13504,52.75,11893034779,D,C
13568,53.0,544149887,C,D
13568,53.0,3838916032,D,C
13568,53.0,4742156386,C,D
13568,53.0,7736997201,D,C
13568,53.0,8741822642,C,D
13568,53.0,11893034779,D,C
13632,53.25,566079398,C,D
13632,53.25,3838916032,D,C
13632,53.25,4742156386,C,D
13632,53.25,7736997201,D,C
13632,53.25,8741822642,C,D
13632,53.25,11917332146,D,C
13696,53.5,566079398,C,D
13696,53.5,3838916032,D,C
13696,53.5,4742156386,C,D
13696,53.5,7736997201,D,C
13696,53.5,8741822642,C,D
13760,53.75,566079398,C,D
13760,53.75,3838916032,D,C
13760,53.75,4742156386,C,D
13760,53.75,7736997201,D,C
13760,53.75,8741822642,C,D
13824,54.0,566079398,C,D
13824,54.0,3838916032,D,C
13824,54.0,4742156386,C,D
13824,54.0,7759137030,D,C
13824,54.0,8741822642,C,D
13824,54.0,11917332146,D,C
13888,54.25,566079398,C,D
13888,54.25,3838916032,D,C
13888,54.25,4742156386,C,D
13888,54.25,7759137030,D,C
13888,54.25,8741822642,C,D
13888,54.25,11917332146,D,C
13952,54.5,566079398,C,D
13952,54.5,3838916032,D,C
13952,54.5,4742156386,C,D
13952,54.5,7783094896,D,C
13952,54.5,8741822642,C,D
13952,54.5,11917332146,D,C
14016,54.75,566079398,C,D
14016,54.75,3838916032,D,C
14016,54.75,4742156386,C,D
14016,54.75,7783094896,D,C
14016,54.75,8741822642,C,D
14016,54.75,11917332146,D,C
14080,55.0,566079398,C,D
14080,55.0,3838916032,D,C
14080,55.0,4742156386,C,D
14080,55.0,7783094896,D,C
14080,55.0,8741822642,C,D
14080,55.0,11917332146,D,C
14144,55.25,566079398,C,D
14144,55.25,3838916032,D,C
14144,55.25,4742156386,C,D
14144,55.25,7783094896,D,C
14144,55.25,8773254301,C,D
14144,55.25,11917332146,D,C
14208,55.5,566079398,C,D
14208,55.5,3838916032,D,C
14208,55.5,4742156386,C,D
14208,55.5,7783094896,D,C
14208,55.5,8773254301,C,D
14208,55.5,11917332146,D,C
14272,55.75,566079398,C,D
14272,55.75,3838916032,D,C
14272,55.75,4742156386,C,D
14272,55.75,7783094896,D,C
14272,55.75,8773254301,C,D
14272,55.75,11917332146,D,C
14336,56.0,566079398,C,D
14336,56.0,3838916032,D,C
14336,56.0,4742156386,C,D
14336,56.0,7783094896,D,C
14336,56.0,8773254301,C,D
14336,56.0,11917332146,D,C
14400,56.25,566079398,C,D
14400,56.25,3838916032,D,C
14400,56.25,4742156386,C,D
14400,56.25,7783094896,D,C
14400,56.25,8773254301,C,D
14400,56.25,11917332146,D,C
14464,56.5,566079398,C,D
14464,56.5,3838916032,D,C
14464,56.5,4742156386,C,D
14464,56.5,7783094896,D,C
14464,56.5,8773254301,C,D
14464,56.5,11917332146,D,C
14528,56.75,566079398,C,D
14528,56.75,3838916032,D,C
14528,56.75,4742156386,C,D
14528,56.75,7783094896,D,C
14528,56.75,8773254301,C,D
14528,56.75,11917332146,D,C
14592,57.0,566079398,C,D
14592,57.0,3862219013,D,C
14592,57.0,4742156386,C,D
14592,57.0,7805285610,D,C
14592,57.0,8773254301,C,D
14592,57.0,11917332146,D,C
14656,57.25,566079398,C,D
14656,57.25,3862219013,D,C
14656,57.25,4765562004,C,D
14656,57.25,7805285610,D,C
14656,57.25,8773254301,C,D
14656,57.25,11917332146,D,C
14720,57.5,566079398,C,D
14720,57.5,3862219013,D,C
14720,57.5,4765562004,C,D
14720,57.5,7805285610,D,C
14720,57.5,8773254301,C,D
14720,57.5,11917332146,D,C
14784,57.75,566079398,C,D
14784,57.75,3862219013,D,C
14784,57.75,4765562004,C,D
14784,57.75,7805285610,D,C
14784,57.75,8773254301,C,D
14784,57.75,11917332146,D,C
14848,58.0,566079398,C,D
14848,58.0,3862219013,D,C
14848,58.0,4765562004,C,D
14848,58.0,7805285610,D,C
14848,58.0,8773254301,C,D
14848,58.0,11917332146,D,C
14912,58.25,566079398,C,D
14912,58.25,3862219013,D,C
14912,58.25,4765562004,C,D
14912,58.25,7805285610,D,C
14912,58.25,8773254301,C,D
14912,58.25,11917332146,D,C
14976,58.5,566079398,C,D
14976,58.5,3862219013,D,C
14976,58.5,4765562004,C,D
14976,58.5,7827477522,D,C
14976,58.5,8773254301,C,D
14976,58.5,11940182784,D,C
15040,58.75,590705465,C,D
15040,58.75,3862219013,D,C
15040,58.75,4765562004,C,D
15040,58.75,7827477522,D,C
15040,58.75,8773254301,C,D
15040,58.75,11940182784,D,C
15104,59.0,590705465,C,D
15104,59.0,3862219013,D,C
15104,59.0,4765562004,C,D
15104,59.0,7827477522,D,C
15104,59.0,8773254301,C,D
15104,59.0,11940182784,D,C
15168,59.25,590705465,C,D
15168,59.25,3862219013,D,C
15168,59.25,4787713750,C,D
15168,59.25,7827477522,D,C
15168,59.25,8773254301,C,D
15168,59.25,11940182784,D,C
15232,59.5,590705465,C,D
15232,59.5,3862219013,D,C
15232,59.5,4787713750,C,D
15232,59.5,7827477522,D,C
15232,59.5,8795517154,C,D
15232,59.5,11940182784,D,C
15296,59.75,590705465,C,D
15296,59.75,3862219013,D,C
15296,59.75,4787713750,C,D
15296,59.75,7827477522,D,C
15296,59.75,8795517154,C,D
15296,59.75,11940182784,D,C
15360,60.0,590705465,C,D
15360,60.0,3862219013,D,C
15360,60.0,4787713750,C,D
15360,60.0,7827477522,D,C
15360,60.0,8795517154,C,D
15360,60.0,11940182784,D,C
15424,60.25,590705465,C,D
15424,60.25,3862219013,D,C
15424,60.25,4787713750,C,D
15424,60.25,7827477522,D,C
15424,60.25,8795517154,C,D
15424,60.25,11940182784,D,C
15488,60.5,590705465,C,D
15488,60.5,3862219013,D,C
15488,60.5,4787713750,C,D
15488,60.5,7827477522,D,C
15488,60.5,8795517154,C,D
15488,60.5,11940182784,D,C
15552,60.75,590705465,C,D
15552,60.75,3862219013,D,C
15552,60.75,4787713750,C,D
15552,60.75,7827477522,D,C
15552,60.75,8795517154,C,D
15552,60.75,11940182784,D,C
15616,61.0,590705465,C,D
15616,61.0,3862219013,D,C
15616,61.0,4787713750,C,D
15616,61.0,7827477522,D,C
15616,61.0,8795517154,C,D
15616,61.0,11940182784,D,C
15680,61.25,590705465,C,D
15680,61.25,3862219013,D,C
15680,61.25,4787713750,C,D
15680,61.25,7827477522,D,C
15680,61.25,8795517154,C,D
15680,61.25,11940182784,D,C
15744,61.5,590705465,C,D
15744,61.5,3862219013,D,C
15744,61.5,4787713750,C,D
15744,61.5,7827477522,D,C
15744,61.5,8795517154,C,D
15744,61.5,11940182784,D,C
15808,61.75,590705465,C,D
15808,61.75,3862219013,D,C
15808,61.75,4787713750,C,D
15808,61.75,7827477522,D,C
15808,61.75,8819110330,C,D
15808,61.75,11940182784,D,C
15872,62.0,590705465,C,D
15872,62.0,3862219013,D,C
15872,62.0,4787713750,C,D
15872,62.0,7827477522,D,C
15872,62.0,8819110330,C,D
15872,62.0,11940182784,D,C
15936,62.25,590705465,C,D
15936,62.25,3862219013,D,C
15936,62.25,4787713750,C,D
15936,62.25,7827477522,D,C
15936,62.25,8819110330,C,D
15936,62.25,11940182784,D,C
16000,62.5,590705465,C,D
16000,62.5,3862219013,D,C
16000,62.5,4809995304,C,D
16000,62.5,7827477522,D,C
16000,62.5,8819110330,C,D
16000,62.5,11940182784,D,C
16064,62.75,590705465,C,D
16064,62.75,3862219013,D,C
16064,62.75,4809995304,C,D
16064,62.75,7827477522,D,C
16064,62.75,8819110330,C,D
16064,62.75,11940182784,D,C
16128,63.0,590705465,C,D
16128,63.0,3862219013,D,C
16128,63.0,4809995304,C,D
16128,63.0,7827477522,D,C
16128,63.0,8819110330,C,D
16128,63.0,11940182784,D,C
16192,63.25,590705465,C,D
16192,63.25,3862219013,D,C
16192,63.25,4809995304,C,D
16192,63.25,7827477522,D,C
16192,63.25,8819110330,C,D
16192,63.25,11940182784,D,C
16256,63.5,590705465,C,D
16256,63.5,3862219013,D,C
16256,63.5,4809995304,C,D
16256,63.5,7827477522,D,C
16256,63.5,8819110330,C,D
16256,63.5,11940182784,D,C
16320,63.75,590705465,C,D
16320,63.75,3862219013,D,C
16320,63.75,4832200214,C,D
16320,63.75,7827477522,D,C
16320,63.75,8819110330,C,D
16320,63.75,11940182784,D,C
16384,64.0,1207546367,C,D
16384,64.0,3862219013,D,C
16384,64.0,4921267024,C,D
16384,64.0,7827477522,D,C
16384,64.0,8931791581,C,D
16384,64.0,11940182784,D,C
16448,64.25,1207546367,C,D
16448,64.25,3862219013,D,C
16448,64.25,4921267024,C,D
16448,64.25,7827477522,D,C
16448,64.25,8931791581,C,D
16448,64.25,11940182784,D,C
16512,64.5,1207546367,C,D
16512,64.5,3862219013,D,C
16512,64.5,4921267024,C,D
16512,64.5,7827477522,D,C
16512,64.5,8931791581,C,D
16512,64.5,11940182784,D,C
16576,64.75,1207546367,C,D
16576,64.75,3862219013,D,C
16576,64.75,4921267024,C,D
16576,64.75,7827477522,D,C
16576,64.75,8931791581,C,D
16576,64.75,11968966679,D,C
16640,65.0,1207546367,C,D
16640,65.0,3862219013,D,C
16640,65.0,4921267024,C,D
16640,65.0,7827477522,D,C
16640,65.0,8931791581,C,D
16640,65.0,11968966679,D,C
16704,65.25,1207546367,C,D
16704,65.25,3862219013,D,C
16704,65.25,4921267024,C,D
16704,65.25,7827477522,D,C
16704,65.25,8931791581,C,D
16704,65.25,11968966679,D,C
16768,65.5,1207546367,C,D
16768,65.5,3862219013,D,C
16768,65.5,4921267024,C,D
16768,65.5,7849848676,D,C
16768,65.5,8931791581,C,D
16768,65.5,11968966679,D,C
16832,65.75,1207546367,C,D
16832,65.75,3862219013,D,C
16832,65.75,4921267024,C,D
16832,65.75,7849848676,D,C
16832,65.75,8931791581,C,D
16832,65.75,11968966679,D,C
16896,66.0,1207546367,C,D
16896,66.0,3862219013,D,C
16896,66.0,4921267024,C,D
16896,66.0,7849848676,D,C
16896,66.0,8931791581,C,D
16896,66.0,11968966679,D,C
16960,66.25,1207546367,C,D
16960,66.25,3862219013,D,C
16960,66.25,4921267024,C,D
16960,66.25,7849848676,D,C
16960,66.25,8931791581,C,D
16960,66.25,11968966679,D,C
17024,66.5,1207546367,C,D
17024,66.5,3862219013,D,C
17024,66.5,4921267024,C,D
17024,66.5,7849848676,D,C
17024,66.5,8931791581,C,D
17024,66.5,11968966679,D,C
17088,66.75,1207546367,C,D
17088,66.75,3862219013,D,C
17088,66.75,4921267024,C,D
17088,66.75,7849848676,D,C
17088,66.75,8953981594,C,D
17152,67.0,1207546367,C,D
17152,67.0,3862219013,D,C
17152,67.0,4943382887,C,D
17152,67.0,7849848676,D,C
17152,67.0,8953981594,C,D
17152,67.0,11968966679,D,C
17216,67.25,1207546367,C,D
17216,67.25,3862219013,D,C
17216,67.25,4943382887,C,D
17216,67.25,7872124182,D,C
17216,67.25,8953981594,C,D
17216,67.25,11968966679,D,C
17280,67.5,1207546367,C,D
17280,67.5,3862219013,D,C
17280,67.5,4943382887,C,D
17280,67.5,7872124182,D,C
17280,67.5,8953981594,C,D
17280,67.5,11968966679,D,C
17344,67.75,1207546367,C,D
17344,67.75,3862219013,D,C
17344,67.75,4943382887,C,D
17344,67.75,7872124182,D,C
17344,67.75,8953981594,C,D
17344,67.75,11968966679,D,C
17408,68.0,1207546367,C,D
17408,68.0,3862219013,D,C
17408,68.0,4943382887,C,D
17408,68.0,7872124182,D,C
17408,68.0,8953981594,C,D
17408,68.0,11968966679,D,C
17472,68.25,1207546367,C,D
17472,68.25,3862219013,D,C
17472,68.25,4943382887,C,D
17472,68.25,7872124182,D,C
17472,68.25,8953981594,C,D
17472,68.25,11968966679,D,C
17536,68.5,1207546367,C,D
17536,68.5,3889624503,D,C
17536,68.5,4943382887,C,D
17536,68.5,7872124182,D,C
17536,68.5,8953981594,C,D
17536,68.5,11968966679,D,C
17600,68.75,1207546367,C,D
17600,68.75,3889624503,D,C
17600,68.75,4943382887,C,D
17600,68.75,7872124182,D,C
17600,68.75,8953981594,C,D
17600,68.75,11968966679,D,C
17664,69.0,1207546367,C,D
17664,69.0,3889624503,D,C
17664,69.0,4943382887,C,D
17664,69.0,7872124182,D,C
17664,69.0,8953981594,C,D
17664,69.0,11968966679,D,C
17728,69.25,1207546367,C,D
17728,69.25,3911705528,D,C
17728,69.25,4943382887,C,D
17728,69.25,7872124182,D,C
17728,69.25,8953981594,C,D
17728,69.25,11968966679,D,C
17792,69.5,1207546367,C,D
17792,69.5,3911705528,D,C
17792,69.5,4965518874,C,D
17792,69.5,7872124182,D,C
17792,69.5,8953981594,C,D
17792,69.5,11968966679,D,C
17856,69.75,1207546367,C,D
17856,69.75,3911705528,D,C
17856,69.75,4965518874,C,D
17856,69.75,7872124182,D,C
17856,69.75,8953981594,C,D
17856,69.75,11968966679,D,C
17920,70.0,1229731594,C,D
17920,70.0,3911705528,D,C
17920,70.0,4965518874,C,D
17920,70.0,7872124182,D,C
17920,70.0,8953981594,C,D
17920,70.0,11968966679,D,C
17984,70.25,1229731594,C,D
17984,70.25,3911705528,D,C
17984,70.25,4965518874,C,D
17984,70.25,7872124182,D,C
17984,70.25,8976609045,C,D
17984,70.25,11968966679,D,C
18048,70.5,1229731594,C,D
18048,70.5,3911705528,D,C
18048,70.5,4965518874,C,D
18048,70.5,7872124182,D,C
18048,70.5,8976609045,C,D
18048,70.5,11968966679,D,C
18112,70.75,1229731594,C,D
18112,70.75,3911705528,D,C
18112,70.75,4965518874,C,D
18112,70.75,7872124182,D,C
18112,70.75,8976609045,C,D
18112,70.75,11968966679,D,C
18176,71.0,1229731594,C,D
18176,71.0,3911705528,D,C
18176,71.0,4965518874,C,D
18176,71.0,7872124182,D,C
18176,71.0,8976609045,C,D
18176,71.0,11968966679,D,C
18240,71.25,1229731594,C,D
18240,71.25,3911705528,D,C
18240,71.25,4965518874,C,D
18240,71.25,7872124182,D,C
18240,71.25,8976609045,C,D
18240,71.25,11968966679,D,C
18304,71.5,1229731594,C,D
18304,71.5,3911705528,D,C
18304,71.5,4965518874,C,D
18304,71.5,7872124182,D,C
18304,71.5,8976609045,C,D
18304,71.5,11968966679,D,C
18368,71.75,1229731594,C,D
18368,71.75,3911705528,D,C
18368,71.75,4965518874,C,D
18368,71.75,7872124182,D,C
18368,71.75,8976609045,C,D
18368,71.75,11968966679,D,C
18432,72.0,1229731594,C,D
18432,72.0,3911705528,D,C
18432,72.0,4965518874,C,D
18432,72.0,7894383619,D,C
18432,72.0,8976609045,C,D
18432,72.0,11968966679,D,C
18496,72.25,1229731594,C,D
18496,72.25,3911705528,D,C
18496,72.25,4965518874,C,D
18496,72.25,7894383619,D,C
18496,72.25,8976609045,C,D
18496,72.25,11968966679,D,C
18560,72.5,1229731594,C,D
18560,72.5,3911705528,D,C
18560,72.5,4965518874,C,D
18560,72.5,7916989458,D,C
18560,72.5,8976609045,C,D
18560,72.5,11968966679,D,C
18624,72.75,1251719392,C,D
18624,72.75,3911705528,D,C
18624,72.75,4965518874,C,D
18624,72.75,7916989458,D,C
18624,72.75,8976609045,C,D
18624,72.75,11968966679,D,C
18688,73.0,1251719392,C,D
18688,73.0,3933892998,D,C
18688,73.0,4965518874,C,D
18688,73.0,7916989458,D,C
18688,73.0,8976609045,C,D
18688,73.0,11968966679,D,C
18752,73.25,1251719392,C,D
18752,73.25,3933892998,D,C
18752,73.25,4987639268,C,D
18752,73.25,7916989458,D,C
18752,73.25,8976609045,C,D
18752,73.25,11968966679,D,C
18816,73.5,1251719392,C,D
18816,73.5,3933892998,D,C
18816,73.5,4987639268,C,D
18816,73.5,7916989458,D,C
18816,73.5,8976609045,C,D
18816,73.5,11968966679,D,C
18880,73.75,1251719392,C,D
18880,73.75,3933892998,D,C
18880,73.75,4987639268,C,D
18880,73.75,7916989458,D,C
18880,73.75,8999056359,C,D
18880,73.75,11968966679,D,C
18944,74.0,1251719392,C,D
18944,74.0,3933892998,D,C
18944,74.0,4987639268,C,D
18944,74.0,7916989458,D,C
18944,74.0,8999056359,C,D
18944,74.0,11968966679,D,C
19008,74.25,1251719392,C,D
19008,74.25,3933892998,D,C
19008,74.25,4987639268,C,D
19008,74.25,7916989458,D,C
19008,74.25,8999056359,C,D
19008,74.25,11968966679,D,C
19072,74.5,1251719392,C,D
19072,74.5,3933892998,D,C
19072,74.5,4987639268,C,D
19072,74.5,7916989458,D,C
19072,74.5,8999056359,C,D
19072,74.5,11968966679,D,C
19136,74.75,1251719392,C,D
19136,74.75,3956131654,D,C
19136,74.75,4987639268,C,D
19136,74.75,7916989458,D,C
19136,74.75,8999056359,C,D
19136,74.75,11968966679,D,C
19200,75.0,1251719392,C,D
19200,75.0,3956131654,D,C
19200,75.0,4987639268,C,D
19200,75.0,7916989458,D,C
19200,75.0,8999056359,C,D
19200,75.0,11968966679,D,C
19264,75.25,1251719392,C,D
19264,75.25,3956131654,D,C
19264,75.25,5011265725,C,D
19264,75.25,7916989458,D,C
19264,75.25,8999056359,C,D
19264,75.25,11968966679,D,C
19328,75.5,1251719392,C,D
19328,75.5,3956131654,D,C
19328,75.5,5011265725,C,D
19328,75.5,7916989458,D,C
19328,75.5,8999056359,C,D
19328,75.5,11968966679,D,C
19392,75.75,1251719392,C,D
19392,75.75,3956131654,D,C
19392,75.75,5011265725,C,D
19392,75.75,7916989458,D,C
19392,75.75,8999056359,C,D
19392,75.75,11968966679,D,C
19456,76.0,1251719392,C,D
19456,76.0,3956131654,D,C
19456,76.0,5011265725,C,D
19456,76.0,7916989458,D,C
19456,76.0,8999056359,C,D
19456,76.0,11968966679,D,C
19520,76.25,1251719392,C,D
19520,76.25,3956131654,D,C
19520,76.25,5011265725,C,D
19520,76.25,7916989458,D,C
19520,76.25,9021567534,C,D
19520,76.25,11968966679,D,S
19520,76.25,11991296935,S,C
19584,76.5,1251719392,C,D
19584,76.5,3956131654,D,C
19584,76.5,5011265725,C,D
19584,76.5,7942343134,D,C
19584,76.5,9021567534,C,D
19584,76.5,11968966679,D,C
19648,76.75,1251719392,C,D
19648,76.75,3956131654,D,C
19648,76.75,5011265725,C,D
19648,76.75,7942343134,D,C
19648,76.75,9021567534,C,D
19648,76.75,11968966679,D,C
19712,77.0,1251719392,C,D
19712,77.0,3956131654,D,C
19712,77.0,5011265725,C,D
19712,77.0,7942343134,D,C
19712,77.0,9021567534,C,D
19712,77.0,11968966679,D,C
19776,77.25,1273581955,C,D
19776,77.25,3956131654,D,C
19776,77.25,5011265725,C,D
19776,77.25,7942343134,D,C
19776,77.25,9021567534,C,D
19776,77.25,11991296935,D,C
19840,77.5,1273581955,C,D
19840,77.5,3956131654,D,C
19840,77.5,5011265725,C,D
19840,77.5,7942343134,D,C
19840,77.5,9021567534,C,D
19840,77.5,11991296935,D,C
19904,77.75,1273581955,C,D
19904,77.75,3956131654,D,C
19904,77.75,5011265725,C,D
19904,77.75,7942343134,D,C
19904,77.75,9021567534,C,D
19904,77.75,11991296935,D,C
19968,78.0,1273581955,C,D
19968,78.0,3956131654,D,C
19968,78.0,5011265725,C,D
19968,78.0,7942343134,D,C
19968,78.0,9021567534,C,D
19968,78.0,11991296935,D,C
20032,78.25,1273581955,C,D
20032,78.25,3956131654,D,C
20032,78.25,5011265725,C,D
20032,78.25,7942343134,D,C
20032,78.25,9021567534,C,D
20032,78.25,11991296935,D,C
20096,78.5,1273581955,C,D
20096,78.5,3956131654,D,C
20096,78.5,5011265725,C,D
20096,78.5,7942343134,D,C
20096,78.5,9021567534,C,D
20096,78.5,11991296935,D,C
20160,78.75,1273581955,C,D
20160,78.75,3956131654,D,C
20160,78.75,5034452947,C,D
20160,78.75,7942343134,D,C
20160,78.75,9043950525,C,D
20160,78.75,11991296935,D,C
20224,79.0,1273581955,C,D
20224,79.0,3956131654,D,C
20224,79.0,5034452947,C,D
20224,79.0,7942343134,D,C
20224,79.0,9043950525,C,D
20224,79.0,12013816559,D,C
20288,79.25,1273581955,C,D
20288,79.25,3956131654,D,C
20288,79.25,5034452947,C,D
20288,79.25,7942343134,D,C
20288,79.25,9043950525,C,D
20288,79.25,12013816559,D,C
20352,79.5,1273581955,C,D
20352,79.5,3956131654,D,C
20352,79.5,5034452947,C,D
20352,79.5,7942343134,D,C
20352,79.5,9043950525,C,D
20352,79.5,12013816559,D,C
20416,79.75,1273581955,C,D
20416,79.75,3956131654,D,C
20416,79.75,5034452947,C,D
20416,79.75,7942343134,D,C
20416,79.75,9043950525,C,D
20416,79.75,12013816559,D,C
20480,80.0,1295528073,C,D
20480,80.0,3956131654,D,C
20480,80.0,5034452947,C,D
20480,80.0,7942343134,D,C
20480,80.0,9043950525,C,D
20480,80.0,12013816559,D,C
20544,80.25,1295528073,C,D
20544,80.25,4066784885,D,C
20544,80.25,5034452947,C,D
20544,80.25,7942343134,D,C
20544,80.25,9043950525,C,D
20544,80.25,12013816559,D,C
20608,80.5,1295528073,C,D
20608,80.5,4066784885,D,C
20608,80.5,5034452947,C,D
20608,80.5,7942343134,D,C
20608,80.5,9043950525,C,D
20608,80.5,12013816559,D,C
20672,80.75,1295528073,C,D
20672,80.75,4066784885,D,C
20672,80.75,5034452947,C,D
20672,80.75,7942343134,D,C
20672,80.75,9043950525,C,D
20672,80.75,12013816559,D,C
20736,81.0,1295528073,C,D
20736,81.0,4088725656,D,C
20736,81.0,5034452947,C,D
20736,81.0,7942343134,D,C
20736,81.0,9043950525,C,D
20736,81.0,12013816559,D,C
20800,81.25,1295528073,C,D
20800,81.25,4088725656,D,C
20800,81.25,5056486431,C,D
20800,81.25,7942343134,D,C
20800,81.25,9043950525,C,D
20800,81.25,12013816559,D,C
20864,81.5,1295528073,C,D
20864,81.5,4088725656,D,C
20864,81.5,5056486431,C,D
20864,81.5,7942343134,D,C
20864,81.5,9043950525,C,D
20864,81.5,12013816559,D,C
20928,81.75,1295528073,C,D
20928,81.75,4088725656,D,C
20928,81.75,5056486431,C,D
20928,81.75,7942343134,D,C
20928,81.75,9067422713,C,D
20928,81.75,12013816559,D,C
20992,82.0,1319246888,C,D
20992,82.0,4088725656,D,C
20992,82.0,5056486431,C,D
20992,82.0,7942343134,D,C
20992,82.0,9067422713,C,D
20992,82.0,12013816559,D,C
21056,82.25,1319246888,C,D
21056,82.25,4088725656,D,C
21056,82.25,5056486431,C,D
21056,82.25,7942343134,D,C
21056,82.25,9067422713,C,D
21056,82.25,12013816559,D,C
21120,82.5,1319246888,C,D
21120,82.5,4088725656,D,C
21120,82.5,5056486431,C,D
21120,82.5,7942343134,D,C
21120,82.5,9067422713,C,D
21120,82.5,12013816559,D,C
21184,82.75,1319246888,C,D
21184,82.75,4088725656,D,C
21184,82.75,5056486431,C,D
21184,82.75,7942343134,D,C
21184,82.75,9067422713,C,D
21184,82.75,12013816559,D,C
21248,83.0,1319246888,C,D
21248,83.0,4088725656,D,C
21248,83.0,5056486431,C,D
21248,83.0,7942343134,D,C
21248,83.0,9067422713,C,D
21248,83.0,12013816559,D,C
21312,83.25,1319246888,C,D
21312,83.25,4088725656,D,C
21312,83.25,5056486431,C,D
21312,83.25,7942343134,D,C
21312,83.25,9067422713,C,D
21312,83.25,12013816559,D,C
21376,83.5,1319246888,C,D
21376,83.5,4111589264,D,C
21376,83.5,5056486431,C,D
21376,83.5,7942343134,D,C
21376,83.5,9067422713,C,D
21376,83.5,12013816559,D,C
21440,83.75,1319246888,C,D
21440,83.75,4111589264,D,C
21440,83.75,5056486431,C,D
21440,83.75,7942343134,D,C
21440,83.75,9067422713,C,D
21440,83.75,12036205742,D,C
21504,84.0,1319246888,C,D
21504,84.0,4111589264,D,C
21504,84.0,5078485918,C,D
21504,84.0,7942343134,D,C
21504,84.0,9067422713,C,D
21504,84.0,12036205742,D,C
21568,84.25,1319246888,C,D
21568,84.25,4111589264,D,C
21568,84.25,5078485918,C,D
21568,84.25,7942343134,D,C
21568,84.25,9067422713,C,D
21568,84.25,12036205742,D,C
21632,84.5,1319246888,C,D
21632,84.5,4111589264,D,C
21632,84.5,5078485918,C,D
21632,84.5,7942343134,D,C
21632,84.5,9067422713,C,D
21632,84.5,12036205742,D,C
21696,84.75,1344031560,C,D
21696,84.75,4111589264,D,C
21696,84.75,5078485918,C,D
21696,84.75,7942343134,D,C
21696,84.75,9067422713,C,D
21696,84.75,12036205742,D,C
21760,85.0,1344031560,C,D
21760,85.0,4111589264,D,C
21760,85.0,5078485918,C,D
21760,85.0,7942343134,D,C
21760,85.0,9067422713,C,D
21760,85.0,12036205742,D,C
21824,85.25,1344031560,C,D
21824,85.25,4111589264,D,C
21824,85.25,5078485918,C,D
21824,85.25,7942343134,D,C
21824,85.25,9067422713,C,D
21824,85.25,12036205742,D,C
21888,85.5,1344031560,C,D
21888,85.5,4111589264,D,C
21888,85.5,5078485918,C,D
21888,85.5,7942343134,D,C
21888,85.5,9067422713,C,D
21888,85.5,12036205742,D,C
21952,85.75,1344031560,C,D
21952,85.75,4111589264,D,C
21952,85.75,5078485918,C,D
21952,85.75,7942343134,D,C
21952,85.75,9067422713,C,D
21952,85.75,12036205742,D,C
22016,86.0,1344031560,C,D
22016,86.0,4111589264,D,C
22016,86.0,5078485918,C,D
22016,86.0,7942343134,D,C
22016,86.0,9089742043,C,D
22080,86.25,1344031560,C,D
22080,86.25,4111589264,D,C
22080,86.25,5078485918,C,D
22080,86.25,7942343134,D,C
22080,86.25,9089742043,C,D
22080,86.25,12128582091,D,C
22144,86.5,1344031560,C,D
22144,86.5,4111589264,D,C
22144,86.5,5078485918,C,D
22144,86.5,7942343134,D,C
22144,86.5,9089742043,C,D
22144,86.5,12128582091,D,C
22208,86.75,1344031560,C,D
22208,86.75,4133580045,D,C
22208,86.75,5078485918,C,D
22208,86.75,7942343134,D,C
22208,86.75,9089742043,C,D
22208,86.75,12128582091,D,C
22272,87.0,1344031560,C,D
22272,87.0,4133580045,D,C
22272,87.0,5078485918,C,D
22272,87.0,7942343134,D,C
22272,87.0,9089742043,C,D
22272,87.0,12128582091,D,C
22336,87.25,1344031560,C,D
22336,87.25,4133580045,D,C
22336,87.25,5078485918,C,D
22336,87.25,7942343134,D,C
22336,87.25,9112041513,C,D
22336,87.25,12128582091,D,C
22400,87.5,1344031560,C,D
22400,87.5,4133580045,D,C
22400,87.5,5102113399,C,D
22400,87.5,7942343134,D,C
22400,87.5,9112041513,C,D
22400,87.5,12128582091,D,C
22464,87.75,1344031560,C,D
22464,87.75,4133580045,D,C
22464,87.75,5102113399,C,D
22464,87.75,7942343134,D,C
22464,87.75,9112041513,C,D
22464,87.75,12128582091,D,C
22528,88.0,1344031560,C,D
22528,88.0,4133580045,D,C
22528,88.0,5102113399,C,D
22528,88.0,8077439923,D,C
22528,88.0,9112041513,C,D
22528,88.0,12128582091,D,C
22592,88.25,1344031560,C,D
22592,88.25,4133580045,D,C
22592,88.25,5102113399,C,D
22592,88.25,8077439923,D,C
22592,88.25,9112041513,C,D
22592,88.25,12128582091,D,C
22656,88.5,1344031560,C,D
22656,88.5,4133580045,D,C
22656,88.5,5102113399,C,D
22656,88.5,8077439923,D,C
22656,88.5,9112041513,C,D
22656,88.5,12128582091,D,C
22720,88.75,1344031560,C,D
22720,88.75,4133580045,D,C
22720,88.75,5102113399,C,D
22720,88.75,8077439923,D,C
22720,88.75,9112041513,C,D
22720,88.75,12128582091,D,C
22784,89.0,1344031560,C,D
22784,89.0,4133580045,D,C
22784,89.0,5102113399,C,D
22784,89.0,8077439923,D,C
22784,89.0,9112041513,C,D
22784,89.0,12128582091,D,C
22848,89.25,1344031560,C,D
22848,89.25,4133580045,D,C
22848,89.25,5102113399,C,D
22848,89.25,8077439923,D,C
22848,89.25,9112041513,C,D
22848,89.25,12128582091,D,C
22912,89.5,1344031560,C,D
22912,89.5,4133580045,D,C
22912,89.5,5125433496,C,D
22912,89.5,8077439923,D,C
22912,89.5,9112041513,C,D
22912,89.5,12128582091,D,C
22976,89.75,1344031560,C,D
22976,89.75,4155644610,D,C
22976,89.75,5125433496,C,D
22976,89.75,8077439923,D,C
22976,89.75,9134217989,C,D
22976,89.75,12128582091,D,C
23040,90.0,1344031560,C,D
23040,90.0,4155644610,D,C
23040,90.0,5125433496,C,D
23040,90.0,8077439923,D,C
23040,90.0,9134217989,C,D
23040,90.0,12128582091,D,C
23104,90.25,1365949671,C,D
23104,90.25,4155644610,D,C
23104,90.25,5125433496,C,D
23104,90.25,8077439923,D,C
23104,90.25,9134217989,C,D
23104,90.25,12128582091,D,C
23168,90.5,1365949671,C,D
23168,90.5,4155644610,D,C
23168,90.5,5125433496,C,D
23168,90.5,8077439923,D,C
23168,90.5,9134217989,C,D
23168,90.5,12128582091,D,C
23232,90.75,1365949671,C,D
23232,90.75,4155644610,D,C
23232,90.75,5125433496,C,D
23232,90.75,8077439923,D,C
23232,90.75,9134217989,C,D
23232,90.75,12128582091,D,C
23296,91.0,1365949671,C,D
23296,91.0,4177681743,D,C
23296,91.0,5125433496,C,D
23296,91.0,8077439923,D,C
23296,91.0,9134217989,C,D
23296,91.0,12128582091,D,C
23360,91.25,1365949671,C,D
23360,91.25,4177681743,D,C
23360,91.25,5125433496,C,D
23360,91.25,8077439923,D,C
23360,91.25,9134217989,C,D
23360,91.25,12128582091,D,C
23424,91.5,1365949671,C,D
23424,91.5,4177681743,D,C
23424,91.5,5125433496,C,D
23424,91.5,8077439923,D,C
23424,91.5,9134217989,C,D
23424,91.5,12128582091,D,C
23488,91.75,1365949671,C,D
23488,91.75,4177681743,D,C
23488,91.75,5125433496,C,D
23488,91.75,8077439923,D,C
23488,91.75,9134217989,C,D
23488,91.75,12128582091,D,C
23552,92.0,1365949671,C,D
23552,92.0,4177681743,D,C
23552,92.0,5125433496,C,D
23552,92.0,8099679350,D,C
23552,92.0,9134217989,C,D
23552,92.0,12128582091,D,C
23616,92.25,1365949671,C,D
23616,92.25,4177681743,D,C
23616,92.25,5125433496,C,D
23616,92.25,8099679350,D,C
23616,92.25,9156536276,C,D
23616,92.25,12128582091,D,C
23680,92.5,1365949671,C,D
23680,92.5,4177681743,D,C
23680,92.5,5147931542,C,D
23680,92.5,8099679350,D,C
23680,92.5,9156536276,C,D
23680,92.5,12128582091,D,C
23744,92.75,1365949671,C,D
23744,92.75,4177681743,D,C
23744,92.75,5147931542,C,D
23744,92.75,8099679350,D,C
23744,92.75,9156536276,C,D
23744,92.75,12128582091,D,C
23808,93.0,1365949671,C,D
23808,93.0,4177681743,D,C
23808,93.0,5147931542,C,D
23808,93.0,8099679350,D,C
23808,93.0,9156536276,C,D
23808,93.0,12128582091,D,C
23872,93.25,1389113030,C,D
23872,93.25,4177681743,D,C
23872,93.25,5147931542,C,D
23872,93.25,8099679350,D,C
23872,93.25,9156536276,C,D
23872,93.25,12128582091,D,C
23936,93.5,1389113030,C,D
23936,93.5,4177681743,D,C
23936,93.5,5147931542,C,D
23936,93.5,8099679350,D,C
23936,93.5,9156536276,C,D
23936,93.5,12128582091,D,C
24000,93.75,1389113030,C,D
24000,93.75,4177681743,D,C
24000,93.75,5147931542,C,D
24000,93.75,8099679350,D,C
24000,93.75,9156536276,C,D
24000,93.75,12128582091,D,C
24064,94.0,1389113030,C,D
24064,94.0,4177681743,D,C
24064,94.0,5147931542,C,D
24064,94.0,8099679350,D,C
24064,94.0,9156536276,C,D
24064,94.0,12128582091,D,C
24128,94.25,1389113030,C,D
24128,94.25,4177681743,D,C
24128,94.25,5147931542,C,D
24128,94.25,8099679350,D,C
24128,94.25,9156536276,C,D
24128,94.25,12128582091,D,C
24192,94.5,1389113030,C,D
24192,94.5,4177681743,D,C
24192,94.5,5147931542,C,D
24192,94.5,8121897702,D,C
24192,94.5,9156536276,C,D
24192,94.5,12150904208,D,C
24256,94.75,1389113030,C,D
24256,94.75,4177681743,D,C
24256,94.75,5147931542,C,D
24256,94.75,8121897702,D,C
24256,94.75,9156536276,C,D
24256,94.75,12150904208,D,C
24320,95.0,1411102808,C,D
24320,95.0,4177681743,D,C
24320,95.0,5147931542,C,D
24320,95.0,8121897702,D,C
24320,95.0,9156536276,C,D
24320,95.0,12150904208,D,C
24384,95.25,1411102808,C,D
24384,95.25,4177681743,D,C
24384,95.25,5147931542,C,D
24384,95.25,8121897702,D,C
24384,95.25,9156536276,C,D
24384,95.25,12150904208,D,C
24448,95.5,1411102808,C,D
24448,95.5,4199702077,D,C
24448,95.5,5147931542,C,D
24448,95.5,8121897702,D,C
24448,95.5,9156536276,C,D
24448,95.5,12150904208,D,C
24512,95.75,1411102808,C,D
24512,95.75,4199702077,D,C
24512,95.75,5147931542,C,D
24512,95.75,8121897702,D,C
24512,95.75,9156536276,C,D
24512,95.75,12150904208,D,C
24576,96.0,1411102808,C,D
24576,96.0,4199702077,D,C
24576,96.0,5147931542,C,D
24576,96.0,8121897702,D,C
24576,96.0,9156536276,C,D
24576,96.0,12150904208,D,C
24640,96.25,1411102808,C,D
24640,96.25,4199702077,D,C
24640,96.25,5147931542,C,D
24640,96.25,8121897702,D,C
24640,96.25,9156536276,C,D
24640,96.25,12150904208,D,C
24704,96.5,1433190320,C,D
24704,96.5,4199702077,D,C
24704,96.5,5147931542,C,D
24704,96.5,8121897702,D,C
24704,96.5,9179014529,C,D
24704,96.5,12150904208,D,C
24768,96.75,1433190320,C,D
24768,96.75,4199702077,D,C
24768,96.75,5147931542,C,D
24768,96.75,8121897702,D,C
24768,96.75,9179014529,C,D
24768,96.75,12150904208,D,C
24832,97.0,1433190320,C,D
24832,97.0,4222074458,D,C
24832,97.0,5147931542,C,D
24832,97.0,8121897702,D,C
24832,97.0,9179014529,C,D
24832,97.0,12150904208,D,C
24896,97.25,1433190320,C,D
24896,97.25,4222074458,D,C
24896,97.25,5147931542,C,D
24896,97.25,8121897702,D,C
24896,97.25,9179014529,C,D
24896,97.25,12150904208,D,C
24960,97.5,1433190320,C,D
24960,97.5,4222074458,D,C
24960,97.5,5170114020,C,D
24960,97.5,8121897702,D,C
24960,97.5,9179014529,C,D
24960,97.5,12150904208,D,C
25024,97.75,1433190320,C,D
25024,97.75,4222074458,D,C
25024,97.75,5170114020,C,D
25024,97.75,8121897702,D,C
25024,97.75,9179014529,C,D
25024,97.75,12150904208,D,C
25088,98.0,1433190320,C,D
25088,98.0,4222074458,D,C
25088,98.0,5170114020,C,D
25088,98.0,8121897702,D,C
25088,98.0,9179014529,C,D
25088,98.0,12150904208,D,C
25152,98.25,1433190320,C,D
25152,98.25,4222074458,D,C
25152,98.25,5170114020,C,D
25152,98.25,8121897702,D,C
25152,98.25,9179014529,C,D
25152,98.25,12150904208,D,C
25216,98.5,1433190320,C,D
25216,98.5,4222074458,D,C
25216,98.5,5170114020,C,D
25216,98.5,8144040859,D,C
25216,98.5,9201414866,C,D
25216,98.5,12150904208,D,C
25280,98.75,1433190320,C,D
25280,98.75,4222074458,D,C
25280,98.75,5170114020,C,D
25280,98.75,8144040859,D,C
25280,98.75,9201414866,C,D
25280,98.75,12150904208,D,C
25344,99.0,1433190320,C,D
25344,99.0,4222074458,D,C
25344,99.0,5170114020,C,D
25344,99.0,8144040859,D,C
25344,99.0,9201414866,C,D
25344,99.0,12173304295,D,C
25408,99.25,1433190320,C,D
25408,99.25,4222074458,D,C
25408,99.25,5170114020,C,D
25408,99.25,8144040859,D,C
25408,99.25,9201414866,C,D
25408,99.25,12173304295,D,C
25472,99.5,1433190320,C,D
25472,99.5,4222074458,D,C
25472,99.5,5170114020,C,D
25472,99.5,8144040859,D,C
25472,99.5,9201414866,C,D
25472,99.5,12173304295,D,C
25536,99.75,1455099935,C,D
25536,99.75,4222074458,D,C
25536,99.75,5192146260,C,D
25536,99.75,8166249905,D,C
25536,99.75,9201414866,C,D
25536,99.75,12173304295,D,C
25600,100.0,1455099935,C,D
25600,100.0,4222074458,D,C
25600,100.0,5192146260,C,D
25600,100.0,8166249905,D,C
25600,100.0,9201414866,C,D
25600,100.0,12173304295,D,C
25664,100.25,1455099935,C,D
25664,100.25,4222074458,D,C
25664,100.25,5192146260,C,D
25664,100.25,8166249905,D,C
25664,100.25,9201414866,C,D
25664,100.25,12173304295,D,C
25728,100.5,1455099935,C,D
25728,100.5,4222074458,D,C
25728,100.5,5192146260,C,D
25728,100.5,8166249905,D,C
25728,100.5,9201414866,C,D
25728,100.5,12173304295,D,C
25792,100.75,1455099935,C,D
25792,100.75,4222074458,D,C
25792,100.75,5192146260,C,D
25792,100.75,8166249905,D,C
25792,100.75,9201414866,C,D
25792,100.75,12173304295,D,C
25856,101.0,1478327207,C,D
25856,101.0,4243982334,D,C
25856,101.0,5192146260,C,D
25856,101.0,8166249905,D,C
25856,101.0,9201414866,C,D
25856,101.0,12173304295,D,C
25920,101.25,1478327207,C,D
25920,101.25,4243982334,D,C
25920,101.25,5192146260,C,D
25920,101.25,8166249905,D,C
25920,101.25,9201414866,C,D
25920,101.25,12173304295,D,C
25984,101.5,1478327207,C,D
25984,101.5,4243982334,D,C
25984,101.5,5192146260,C,D
25984,101.5,8166249905,D,C
25984,101.5,9201414866,C,D
25984,101.5,12173304295,D,C
26048,101.75,1478327207,C,D
26048,101.75,4243982334,D,C
26048,101.75,5192146260,C,D
26048,101.75,8166249905,D,C
26048,101.75,9201414866,C,D
26048,101.75,12173304295,D,C
26112,102.0,1478327207,C,D
26112,102.0,4243982334,D,C
26112,102.0,5192146260,C,D
26112,102.0,8166249905,D,C
26112,102.0,9201414866,C,D
26112,102.0,12173304295,D,C
26176,102.25,1478327207,C,D
26176,102.25,4243982334,D,C
26176,102.25,5214272511,C,D
26176,102.25,8166249905,D,C
26176,102.25,9201414866,C,D
26176,102.25,12173304295,D,C
26240,102.5,1478327207,C,D
26240,102.5,4243982334,D,C
26240,102.5,5214272511,C,D
26240,102.5,8166249905,D,C
26240,102.5,9201414866,C,D
26240,102.5,12173304295,D,C
26304,102.75,1478327207,C,D
26304,102.75,4243982334,D,C
26304,102.75,5214272511,C,D
26304,102.75,8166249905,D,C
26304,102.75,9201414866,C,D
26304,102.75,12173304295,D,C
26368,103.0,1478327207,C,D
26368,103.0,4243982334,D,C
26368,103.0,5214272511,C,D
26368,103.0,8166249905,D,C
26368,103.0,9223650739,C,D
26368,103.0,12173304295,D,C
26432,103.25,1478327207,C,D
26432,103.25,4243982334,D,C
26432,103.25,5214272511,C,D
26432,103.25,8166249905,D,C
26432,103.25,9223650739,C,D
26432,103.25,12173304295,D,C
26496,103.5,1478327207,C,D
26496,103.5,4267013892,D,C
26496,103.5,5214272511,C,D
26496,103.5,8166249905,D,C
26496,103.5,9223650739,C,D
26496,103.5,12173304295,D,C
26560,103.75,1478327207,C,D
26560,103.75,4267013892,D,C
26560,103.75,5214272511,C,D
26560,103.75,8166249905,D,C
26560,103.75,9223650739,C,D
26560,103.75,12173304295,D,C
26624,104.0,1478327207,C,D
26624,104.0,4267013892,D,C
26624,104.0,5214272511,C,D
26624,104.0,8188530001,D,C
26624,104.0,9223650739,C,D
26624,104.0,12196399912,D,C
26688,104.25,1478327207,C,D
26688,104.25,4267013892,D,C
26688,104.25,5214272511,C,D
26688,104.25,8188530001,D,C
26688,104.25,9223650739,C,D
26688,104.25,12196399912,D,C
26752,104.5,1478327207,C,D
26752,104.5,4267013892,D,C
26752,104.5,5214272511,C,D
26752,104.5,8188530001,D,C
26752,104.5,9223650739,C,D
26816,104.75,1478327207,C,D
26816,104.75,4267013892,D,C
26816,104.75,5214272511,C,D
26816,104.75,8188530001,D,C
26816,104.75,9223650739,C,D
26816,104.75,12196399912,D,C
26880,105.0,1478327207,C,D
26880,105.0,4267013892,D,C
26880,105.0,5214272511,C,D
26880,105.0,8188530001,D,C
26880,105.0,9246193663,C,D
26880,105.0,12196399912,D,C
26944,105.25,1478327207,C,D
26944,105.25,4267013892,D,C
26944,105.25,5214272511,C,D
26944,105.25,8188530001,D,C
26944,105.25,9246193663,C,D
26944,105.25,12196399912,D,C
27008,105.5,1478327207,C,D
27008,105.5,4267013892,D,C
27008,105.5,5214272511,C,D
27008,105.5,8188530001,D,C
27008,105.5,9246193663,C,D
27008,105.5,12196399912,D,C
27072,105.75,1478327207,C,D
27072,105.75,4267013892,D,C
27072,105.75,5214272511,C,D
27072,105.75,8188530001,D,C
27072,105.75,9246193663,C,D
27072,105.75,12196399912,D,C
27136,106.0,1478327207,C,D
27136,106.0,4267013892,D,C
27136,106.0,5236311390,C,D
27136,106.0,8210650015,D,C
27136,106.0,9246193663,C,D
27136,106.0,12196399912,D,C
27200,106.25,1478327207,C,D
27200,106.25,4288996373,D,C
27200,106.25,5236311390,C,D
27200,106.25,8210650015,D,C
27200,106.25,9246193663,C,D
27200,106.25,12196399912,D,C
27264,106.5,1500420001,C,D
27264,106.5,4288996373,D,C
27264,106.5,5236311390,C,D
27264,106.5,8210650015,D,C
27264,106.5,9246193663,C,D
27264,106.5,12196399912,D,C
27328,106.75,1500420001,C,D
27328,106.75,4288996373,D,C
27328,106.75,5236311390,C,D
27328,106.75,8210650015,D,C
27328,106.75,9268611421,C,D
27328,106.75,12196399912,D,C
27392,107.0,1500420001,C,D
27392,107.0,4288996373,D,C
27392,107.0,5236311390,C,D
27392,107.0,8210650015,D,C
27392,107.0,9268611421,C,D
27392,107.0,12196399912,D,C
27456,107.25,1500420001,C,D
27456,107.25,4288996373,D,C
27456,107.25,5236311390,C,D
27456,107.25,8210650015,D,C
27456,107.25,9268611421,C,D
27456,107.25,12196399912,D,C
27520,107.5,1500420001,C,D
27520,107.5,4288996373,D,C
27520,107.5,5236311390,C,D
27520,107.5,8210650015,D,C
27520,107.5,9268611421,C,D
27584,107.75,1500420001,C,D
27584,107.75,4288996373,D,C
27584,107.75,5236311390,C,D
27584,107.75,8210650015,D,C
27584,107.75,9268611421,C,D
27648,108.0,1500420001,C,D
27648,108.0,4288996373,D,C
27648,108.0,5258487820,C,D
27648,108.0,8210650015,D,C
27648,108.0,9268611421,C,D
27712,108.25,1500420001,C,D
27712,108.25,4288996373,D,C
27712,108.25,5258487820,C,D
27712,108.25,8210650015,D,C
27712,108.25,9268611421,C,D
27712,108.25,12196399912,D,C
27776,108.5,1500420001,C,D
27776,108.5,4288996373,D,C
27776,108.5,5258487820,C,D
27776,108.5,8210650015,D,C
27776,108.5,9268611421,C,D
27776,108.5,12196399912,D,C
27840,108.75,1500420001,C,D
27840,108.75,4288996373,D,C
27840,108.75,5258487820,C,D
27840,108.75,8210650015,D,C
27840,108.75,9268611421,C,D
27840,108.75,12196399912,D,C
27904,109.0,1500420001,C,D
27904,109.0,4288996373,D,C
27904,109.0,5258487820,C,D
27904,109.0,8210650015,D,C
27904,109.0,9290932391,C,D
27904,109.0,12196399912,D,C
27968,109.25,1523016960,C,D
27968,109.25,4288996373,D,C
27968,109.25,5258487820,C,D
27968,109.25,8210650015,D,C
27968,109.25,9290932391,C,D
27968,109.25,12196399912,D,C
28032,109.5,1523016960,C,D
28032,109.5,4288996373,D,C
28032,109.5,5258487820,C,D
28032,109.5,8210650015,D,C
28032,109.5,9290932391,C,D
28032,109.5,12218718888,D,C
28096,109.75,1523016960,C,D
28096,109.75,4311095167,D,C
28096,109.75,5258487820,C,D
28096,109.75,8210650015,D,C
28096,109.75,9290932391,C,D
28096,109.75,12218718888,D,C
28160,110.0,1523016960,C,D
28160,110.0,4311095167,D,C
28160,110.0,5258487820,C,D
28160,110.0,8210650015,D,C
28160,110.0,9290932391,C,D
28160,110.0,12218718888,D,C
28224,110.25,1523016960,C,D
28224,110.25,4311095167,D,C
28224,110.25,5258487820,C,D
28224,110.25,8210650015,D,C
28224,110.25,9290932391,C,D
28224,110.25,12218718888,D,C
28288,110.5,1523016960,C,D
28288,110.5,4311095167,D,C
28288,110.5,5258487820,C,D
28288,110.5,8210650015,D,C
28288,110.5,9290932391,C,D
28288,110.5,12241302312,D,C
28352,110.75,1523016960,C,D
28352,110.75,4311095167,D,C
28352,110.75,5258487820,C,D
28352,110.75,8232771268,D,C
28352,110.75,9290932391,C,D
28352,110.75,12241302312,D,C
28416,111.0,1523016960,C,D
28416,111.0,4399589708,D,C
28416,111.0,5258487820,C,D
28416,111.0,8232771268,D,C
28416,111.0,9290932391,C,D
28416,111.0,12241302312,D,C
28480,111.25,1523016960,C,D
28480,111.25,4399589708,D,C
28480,111.25,5258487820,C,D
28480,111.25,8232771268,D,C
28480,111.25,9313346536,C,D
28480,111.25,12241302312,D,C
28544,111.5,114250074,D,C
28544,111.5,1523016960,C,D
28544,111.5,4399589708,D,C
28544,111.5,5258487820,C,D
28544,111.5,8232771268,D,C
28544,111.5,9313346536,C,D
28544,111.5,12241302312,D,C
28608,111.75,114250074,D,C
28608,111.75,1523016960,C,D
28608,111.75,4399589708,D,C
28608,111.75,5258487820,C,D
28608,111.75,8232771268,D,C
28608,111.75,9313346536,C,D
28608,111.75,12241302312,D,C
28672,112.0,114250074,D,C
28672,112.0,1523016960,C,D
28672,112.0,4399589708,D,C
28672,112.0,5258487820,C,D
28672,112.0,8344690676,D,C
28672,112.0,9313346536,C,D
28672,112.0,12241302312,D,C
28736,112.25,114250074,D,C
28736,112.25,1523016960,C,D
28736,112.25,4421700203,D,C
28736,112.25,5258487820,C,D
28736,112.25,8344690676,D,C
28736,112.25,9313346536,C,D
28736,112.25,12241302312,D,C
28800,112.5,114250074,D,C
28800,112.5,1523016960,C,D
28800,112.5,4421700203,D,C
28800,112.5,5258487820,C,D
28800,112.5,8344690676,D,C
28800,112.5,9313346536,C,D
28800,112.5,12241302312,D,C
28864,112.75,114250074,D,C
28864,112.75,1523016960,C,D
28864,112.75,4421700203,D,C
28864,112.75,5258487820,C,D
28864,112.75,8344690676,D,C
28864,112.75,9313346536,C,D
28864,112.75,12241302312,D,C
28928,113.0,114250074,D,S
28928,113.0,137245847,S,C
28928,113.0,1523016960,C,D
28928,113.0,4421700203,D,C
28928,113.0,5258487820,C,D
28928,113.0,8344690676,D,C
28928,113.0,9313346536,C,D
28928,113.0,12241302312,D,C
28992,113.25,137245847,D,C
28992,113.25,1523016960,C,D
28992,113.25,4421700203,D,C
28992,113.25,5280464295,C,D
28992,113.25,8344690676,D,C
28992,113.25,9313346536,C,D
28992,113.25,12241302312,D,C
29056,113.5,137245847,D,C
29056,113.5,1523016960,C,D
29056,113.5,4421700203,D,C
29056,113.5,5280464295,C,D
29056,113.5,8344690676,D,C
29056,113.5,9313346536,C,D
29056,113.5,12241302312,D,C
29120,113.75,137245847,D,C
29120,113.75,1523016960,C,D
29120,113.75,4421700203,D,C
29120,113.75,5280464295,C,D
29120,113.75,8344690676,D,C
29120,113.75,9313346536,C,D
29120,113.75,12241302312,D,C
29184,114.0,137245847,D,C
29184,114.0,1523016960,C,D
29184,114.0,4421700203,D,C
29184,114.0,5280464295,C,D
29184,114.0,8344690676,D,C
29184,114.0,9313346536,C,D
29184,114.0,12241302312,D,C
29248,114.25,137245847,D,C
29248,114.25,1523016960,C,D
29248,114.25,4444178926,D,C
29248,114.25,5280464295,C,D
29248,114.25,8344690676,D,C
29248,114.25,9313346536,C,D
29248,114.25,12241302312,D,C
29312,114.5,137245847,D,C
29312,114.5,1545057496,C,D
29312,114.5,4444178926,D,C
29312,114.5,5280464295,C,D
29312,114.5,8344690676,D,C
29312,114.5,9313346536,C,D
29312,114.5,12241302312,D,C
29376,114.75,137245847,D,C
29376,114.75,1545057496,C,D
29376,114.75,4444178926,D,C
29376,114.75,5280464295,C,D
29376,114.75,8367185959,D,C
29376,114.75,9313346536,C,D
29376,114.75,12241302312,D,C
29440,115.0,159424716,D,C
29440,115.0,1545057496,C,D
29440,115.0,4444178926,D,C
29440,115.0,5302438515,C,D
29440,115.0,8367185959,D,C
29440,115.0,9313346536,C,D
29440,115.0,12241302312,D,C
29504,115.25,159424716,D,C
29504,115.25,1545057496,C,D
29504,115.25,4444178926,D,C
29504,115.25,5302438515,C,D
29504,115.25,8367185959,D,C
29504,115.25,9313346536,C,D
29504,115.25,12241302312,D,C
29568,115.5,159424716,D,C
29568,115.5,1545057496,C,D
29568,115.5,4444178926,D,C
29568,115.5,5302438515,C,D
29568,115.5,8367185959,D,C
29568,115.5,9335602690,C,D
29568,115.5,12241302312,D,C
29632,115.75,159424716,D,C
29632,115.75,1545057496,C,D
29632,115.75,4444178926,D,C
29632,115.75,5302438515,C,D
29632,115.75,8367185959,D,C
29632,115.75,9335602690,C,D
29696,116.0,159424716,D,C
29696,116.0,1545057496,C,D
29696,116.0,4444178926,D,C
29696,116.0,5302438515,C,D
29696,116.0,8367185959,D,C
29696,116.0,9335602690,C,D
29696,116.0,12241302312,D,C
29760,116.25,159424716,D,C
29760,116.25,1545057496,C,D
29760,116.25,4476462955,D,C
29760,116.25,5302438515,C,D
29760,116.25,8367185959,D,C
29760,116.25,9335602690,C,D
29760,116.25,12263599996,D,C
29824,116.5,159424716,D,C
29824,116.5,1545057496,C,D
29824,116.5,4476462955,D,C
29824,116.5,5302438515,C,D
29824,116.5,8389659205,D,C
29824,116.5,9335602690,C,D
29824,116.5,12263599996,D,C
29888,116.75,159424716,D,C
29888,116.75,1545057496,C,D
29888,116.75,4476462955,D,C
29888,116.75,5302438515,C,D
29888,116.75,8389659205,D,C
29888,116.75,9335602690,C,D
29888,116.75,12263599996,D,C
29952,117.0,181548228,D,C
29952,117.0,1567030071,C,D
29952,117.0,4476462955,D,C
29952,117.0,5302438515,C,D
29952,117.0,8389659205,D,C
29952,117.0,9335602690,C,D
29952,117.0,12263599996,D,C
30016,117.25,181548228,D,C
30016,117.25,1567030071,C,D
30016,117.25,4476462955,D,C
30016,117.25,5302438515,C,D
30016,117.25,8389659205,D,C
30016,117.25,9358227850,C,D
30016,117.25,12263599996,D,C
30080,117.5,181548228,D,C
30080,117.5,1567030071,C,D
30080,117.5,4476462955,D,C
30080,117.5,5302438515,C,D
30080,117.5,8389659205,D,C
30080,117.5,9358227850,C,D
30080,117.5,12263599996,D,C
30144,117.75,181548228,D,C
30144,117.75,1567030071,C,D
30144,117.75,4476462955,D,C
30144,117.75,5302438515,C,D
30144,117.75,8389659205,D,C
30144,117.75,9358227850,C,D
30144,117.75,12263599996,D,C
30208,118.0,181548228,D,C
30208,118.0,1567030071,C,D
30208,118.0,4476462955,D,C
30208,118.0,5302438515,C,D
30208,118.0,8389659205,D,C
30208,118.0,9358227850,C,D
30208,118.0,12263599996,D,C
30272,118.25,181548228,D,S
30272,118.25,203387922,S,C
30272,118.25,1567030071,C,D
30272,118.25,4476462955,D,C
30272,118.25,5324584276,C,D
30272,118.25,8389659205,D,C
30272,118.25,9358227850,C,D
30272,118.25,12263599996,D,C
30336,118.5,203387922,D,C
30336,118.5,1567030071,C,D
30336,118.5,4476462955,D,C
30336,118.5,5324584276,C,D
30336,118.5,8389659205,D,C
30336,118.5,9358227850,C,D
30336,118.5,12263599996,D,C
30400,118.75,203387922,D,C
30400,118.75,1567030071,C,D
30400,118.75,4476462955,D,C
30400,118.75,5324584276,C,D
30400,118.75,8389659205,D,C
30400,118.75,9358227850,C,D
30400,118.75,12285816845,D,C
30464,119.0,203387922,D,C
30464,119.0,1567030071,C,D
30464,119.0,4476462955,D,C
30464,119.0,5324584276,C,D
30464,119.0,8411977607,D,C
30464,119.0,9358227850,C,D
30464,119.0,12285816845,D,C
30528,119.25,203387922,D,C
30528,119.25,1567030071,C,D
30528,119.25,4476462955,D,C
30528,119.25,5324584276,C,D
30528,119.25,8411977607,D,C
30528,119.25,9358227850,C,D
30528,119.25,12285816845,D,C
30592,119.5,203387922,D,C
30592,119.5,1567030071,C,D
30592,119.5,4476462955,D,C
30592,119.5,5324584276,C,D
30592,119.5,8411977607,D,C
30592,119.5,9358227850,C,D
30592,119.5,12285816845,D,C
30656,119.75,203387922,D,C
30656,119.75,1588955673,C,D
30656,119.75,4476462955,D,C
30656,119.75,5324584276,C,D
30656,119.75,8411977607,D,C
30656,119.75,9358227850,C,D
30656,119.75,12285816845,D,C
30720,120.0,203387922,D,C
30720,120.0,1588955673,C,D
30720,120.0,4476462955,D,C
30720,120.0,5324584276,C,D
30720,120.0,8411977607,D,C
30720,120.0,9358227850,C,D
30720,120.0,12285816845,D,C
30784,120.25,203387922,D,C
30784,120.25,1588955673,C,D
30784,120.25,4476462955,D,C
30784,120.25,5346667906,C,D
30784,120.25,8411977607,D,C
30784,120.25,9358227850,C,D
30848,120.5,203387922,D,C
30848,120.5,1588955673,C,D
30848,120.5,4476462955,D,C
30848,120.5,5346667906,C,D
30848,120.5,8411977607,D,C
30848,120.5,9358227850,C,D
30912,120.75,203387922,D,C
30912,120.75,1588955673,C,D
30912,120.75,4476462955,D,C
30912,120.75,5346667906,C,D
30912,120.75,8411977607,D,C
30912,120.75,9358227850,C,D
30976,121.0,203387922,D,C
30976,121.0,1588955673,C,D
30976,121.0,4476462955,D,C
30976,121.0,5346667906,C,D
30976,121.0,8411977607,D,C
30976,121.0,9358227850,C,D
31040,121.25,203387922,D,C
31040,121.25,1588955673,C,D
31040,121.25,4476462955,D,C
31040,121.25,5346667906,C,D
31040,121.25,8411977607,D,C
31040,121.25,9358227850,C,D
31104,121.5,203387922,D,C
31104,121.5,1588955673,C,D
31104,121.5,4476462955,D,C
31104,121.5,5346667906,C,D
31104,121.5,8411977607,D,C
31104,121.5,9358227850,C,D
31168,121.75,203387922,D,C
31168,121.75,1610770464,C,D
31168,121.75,4476462955,D,C
31168,121.75,5346667906,C,D
31168,121.75,8411977607,D,C
31168,121.75,9380683062,C,D
31232,122.0,203387922,D,C
31232,122.0,1610770464,C,D
31232,122.0,4476462955,D,C
31232,122.0,5346667906,C,D
31232,122.0,8411977607,D,C
31232,122.0,9380683062,C,D
31296,122.25,203387922,D,C
31296,122.25,1610770464,C,D
31296,122.25,4476462955,D,C
31296,122.25,5346667906,C,D
31296,122.25,8411977607,D,C
31296,122.25,9380683062,C,D
31360,122.5,225435614,D,C
31360,122.5,1610770464,C,D
31360,122.5,4476462955,D,C
31360,122.5,5346667906,C,D
31360,122.5,8411977607,D,C
31360,122.5,9380683062,C,D
31424,122.75,225435614,D,C
31424,122.75,1610770464,C,D
31424,122.75,4476462955,D,C
31424,122.75,5346667906,C,D
31424,122.75,8411977607,D,C
31424,122.75,9380683062,C,D
31488,123.0,225435614,D,C
31488,123.0,1610770464,C,D
31488,123.0,4476462955,D,C
31488,123.0,5346667906,C,D
31488,123.0,8411977607,D,C
31488,123.0,9380683062,C,D
31552,123.25,225435614,D,C
31552,123.25,1610770464,C,D
31552,123.25,4476462955,D,C
31552,123.25,5346667906,C,D
31552,123.25,8411977607,D,C
31552,123.25,9406121479,C,D
31616,123.5,225435614,D,C
31616,123.5,1610770464,C,D
31616,123.5,4476462955,D,C
31616,123.5,5346667906,C,D
31616,123.5,8411977607,D,C
31616,123.5,9406121479,C,D
31680,123.75,225435614,D,C
31680,123.75,1610770464,C,D
31680,123.75,4476462955,D,C
31680,123.75,5346667906,C,D
31680,123.75,8411977607,D,C
31680,123.75,9406121479,C,D
31744,124.0,247329694,D,C
31744,124.0,1610770464,C,D
31744,124.0,4476462955,D,C
31744,124.0,5368791328,C,D
31744,124.0,8411977607,D,C
31744,124.0,9406121479,C,D
31808,124.25,247329694,D,C
31808,124.25,1610770464,C,D
31808,124.25,4476462955,D,C
31808,124.25,5368791328,C,D
31808,124.25,8411977607,D,C
31808,124.25,9406121479,C,D
31872,124.5,247329694,D,C
31872,124.5,1610770464,C,D
31872,124.5,4476462955,D,C
31872,124.5,5368791328,C,D
31872,124.5,8411977607,D,C
31872,124.5,9406121479,C,D
31936,124.75,247329694,D,C
31936,124.75,1610770464,C,D
31936,124.75,4476462955,D,C
31936,124.75,5368791328,C,D
31936,124.75,8411977607,D,C
31936,124.75,9406121479,C,D
32000,125.0,247329694,D,C
32000,125.0,1632813289,C,D
32000,125.0,4476462955,D,C
32000,125.0,5368791328,C,D
32000,125.0,8434119684,D,C
32000,125.0,9406121479,C,D
32064,125.25,247329694,D,C
32064,125.25,1632813289,C,D
32064,125.25,4476462955,D,C
32064,125.25,5368791328,C,D
32064,125.25,8434119684,D,C
32064,125.25,9406121479,C,D
32128,125.5,247329694,D,C
32128,125.5,1632813289,C,D
32128,125.5,4476462955,D,C
32128,125.5,5368791328,C,D
32128,125.5,8434119684,D,C
32128,125.5,9406121479,C,D
32192,125.75,247329694,D,C
32192,125.75,1632813289,C,D
32192,125.75,4476462955,D,C
32192,125.75,5368791328,C,D
32192,125.75,8434119684,D,C
32192,125.75,9406121479,C,D
32256,126.0,247329694,D,C
32256,126.0,1632813289,C,D
32256,126.0,4476462955,D,C
32256,126.0,5368791328,C,D
32256,126.0,8456338220,D,C
32256,126.0,9406121479,C,D
32320,126.25,247329694,D,C
32320,126.25,1632813289,C,D
32320,126.25,4476462955,D,C
32320,126.25,5368791328,C,D
32320,126.25,8456338220,D,C
32320,126.25,9406121479,C,D
32384,126.5,247329694,D,C
32384,126.5,1632813289,C,D
32384,126.5,4476462955,D,C
32384,126.5,5368791328,C,D
32384,126.5,8456338220,D,C
32384,126.5,9406121479,C,D
32448,126.75,247329694,D,C
32448,126.75,1632813289,C,D
32448,126.75,4476462955,D,C
32448,126.75,5368791328,C,D
32448,126.75,8456338220,D,C
32448,126.75,9406121479,C,D
32512,127.0,247329694,D,C
32512,127.0,1632813289,C,D
32512,127.0,4476462955,D,C
32512,127.0,5368791328,C,D
32512,127.0,8456338220,D,C
32512,127.0,9406121479,C,D
32576,127.25,247329694,D,C
32576,127.25,1632813289,C,D
32576,127.25,4476462955,D,C
32576,127.25,5390849557,C,D
32576,127.25,8456338220,D,C
32576,127.25,9406121479,C,D
32640,127.5,269321681,D,C
32640,127.5,1632813289,C,D
32640,127.5,4476462955,D,C
32640,127.5,5390849557,C,D
32640,127.5,8456338220,D,C
32640,127.5,9406121479,C,D
32704,127.75,269321681,D,C
32704,127.75,1632813289,C,D
32704,127.75,4476462955,D,C
32704,127.75,5390849557,C,D
32704,127.75,8456338220,D,C
32704,127.75,9406121479,C,D
32768,128.0,269321681,D,C
32768,128.0,1743511421,C,D
32768,128.0,4476462955,D,C
32768,128.0,5479656306,C,D
32768,128.0,8478584898,D,C
32768,128.0,9518040896,C,D
32832,128.25,269321681,D,C
32832,128.25,1743511421,C,D
32832,128.25,4476462955,D,C
32832,128.25,5479656306,C,D
32832,128.25,8478584898,D,C
32832,128.25,9518040896,C,D
32896,128.5,269321681,D,C
32896,128.5,1743511421,C,D
32896,128.5,4476462955,D,C
32896,128.5,5479656306,C,D
32896,128.5,8478584898,D,C
32896,128.5,9518040896,C,D
32960,128.75,269321681,D,C
32960,128.75,1743511421,C,D
32960,128.75,4476462955,D,C
32960,128.75,5479656306,C,D
32960,128.75,8478584898,D,C
32960,128.75,9518040896,C,D
33024,129.0,269321681,D,C
33024,129.0,1743511421,C,D
33024,129.0,4476462955,D,C
33024,129.0,5479656306,C,D
33024,129.0,8478584898,D,C
33024,129.0,9518040896,C,D
33088,129.25,291348424,D,C
33088,129.25,1743511421,C,D
33088,129.25,4498461070,D,C
33088,129.25,5479656306,C,D
33088,129.25,8500704732,D,C
33088,129.25,9518040896,C,D
33152,129.5,291348424,D,C
33152,129.5,1743511421,C,D
33152,129.5,4498461070,D,C
33152,129.5,5479656306,C,D
33152,129.5,8500704732,D,C
33152,129.5,9518040896,C,D
33216,129.75,291348424,D,C
33216,129.75,1743511421,C,D
33216,129.75,4498461070,D,C
33216,129.75,5479656306,C,D
33216,129.75,8500704732,D,C
33216,129.75,9518040896,C,D
33280,130.0,291348424,D,C
33280,130.0,1743511421,C,D
33280,130.0,4498461070,D,C
33280,130.0,5479656306,C,D
33280,130.0,8500704732,D,C
33280,130.0,9518040896,C,D
33344,130.25,291348424,D,C
33344,130.25,1743511421,C,D
33344,130.25,4498461070,D,C
33344,130.25,5501682465,C,D
33344,130.25,8500704732,D,C
33344,130.25,9518040896,C,D
33408,130.5,291348424,D,C
33408,130.5,1743511421,C,D
33408,130.5,4498461070,D,C
33408,130.5,5501682465,C,D
33408,130.5,8500704732,D,C
33408,130.5,9518040896,C,D
33472,130.75,291348424,D,C
33472,130.75,1765486734,C,D
33472,130.75,4498461070,D,C
33472,130.75,5501682465,C,D
33472,130.75,8500704732,D,C
33472,130.75,9540306516,C,D
33536,131.0,291348424,D,C
33536,131.0,1765486734,C,D
33536,131.0,4498461070,D,C
33536,131.0,5501682465,C,D
33536,131.0,8500704732,D,C
33536,131.0,9540306516,C,D
33600,131.25,291348424,D,C
33600,131.25,1765486734,C,D
33600,131.25,4498461070,D,C
33600,131.25,5501682465,C,D
33600,131.25,8500704732,D,C
33600,131.25,9540306516,C,D
33664,131.5,291348424,D,C
33664,131.5,1765486734,C,D
33664,131.5,4498461070,D,C
33664,131.5,5501682465,C,D
33664,131.5,8500704732,D,C
33664,131.5,9540306516,C,D
33728,131.75,291348424,D,C
33728,131.75,1765486734,C,D
33728,131.75,4520998795,D,C
33728,131.75,5501682465,C,D
33728,131.75,8500704732,D,C
33728,131.75,9540306516,C,D
33792,132.0,291348424,D,C
33792,132.0,1765486734,C,D
33792,132.0,4520998795,D,C
33792,132.0,5501682465,C,D
33792,132.0,8500704732,D,C
33792,132.0,9540306516,C,D
33856,132.25,291348424,D,C
33856,132.25,1765486734,C,D
33856,132.25,4520998795,D,C
33856,132.25,5523902172,C,D
33856,132.25,8500704732,D,C
33856,132.25,9540306516,C,D
33920,132.5,291348424,D,C
33920,132.5,1765486734,C,D
33920,132.5,4520998795,D,C
33920,132.5,5523902172,C,D
33920,132.5,8500704732,D,C
33920,132.5,9540306516,C,D
33984,132.75,319141316,D,C
33984,132.75,1765486734,C,D
33984,132.75,4520998795,D,C
33984,132.75,5523902172,C,D
33984,132.75,8500704732,D,C
33984,132.75,9540306516,C,D
34048,133.0,319141316,D,C
34048,133.0,1765486734,C,D
34048,133.0,4520998795,D,C
34048,133.0,5523902172,C,D
34048,133.0,8522792306,D,C
34048,133.0,9540306516,C,D
34112,133.25,319141316,D,C
34112,133.25,1765486734,C,D
34112,133.25,4520998795,D,C
34112,133.25,5523902172,C,D
34112,133.25,8522792306,D,C
34112,133.25,9563834794,C,D
34176,133.5,319141316,D,C
34176,133.5,1765486734,C,D
34176,133.5,4520998795,D,C
34176,133.5,5523902172,C,D
34176,133.5,8522792306,D,C
34176,133.5,9563834794,C,D
34240,133.75,319141316,D,C
34240,133.75,1765486734,C,D
34240,133.75,4520998795,D,C
34240,133.75,5523902172,C,D
34240,133.75,8522792306,D,C
34240,133.75,9563834794,C,D
34304,134.0,319141316,D,C
34304,134.0,1765486734,C,D
34304,134.0,4520998795,D,C
34304,134.0,5523902172,C,D
34304,134.0,8522792306,D,C
34304,134.0,9563834794,C,D
34368,134.25,319141316,D,C
34368,134.25,1765486734,C,D
34368,134.25,4520998795,D,C
34368,134.25,5523902172,C,D
34368,134.25,8522792306,D,C
34368,134.25,9563834794,C,D
34432,134.5,319141316,D,C
34432,134.5,1765486734,C,D
34432,134.5,4520998795,D,C
34432,134.5,5545973237,C,D
34432,134.5,8522792306,D,C
34432,134.5,9563834794,C,D
34496,134.75,319141316,D,C
34496,134.75,1765486734,C,D
34496,134.75,4520998795,D,C
34496,134.75,5545973237,C,D
34496,134.75,8522792306,D,C
34496,134.75,9563834794,C,D
34560,135.0,319141316,D,C
34560,135.0,1765486734,C,D
34560,135.0,4520998795,D,C
34560,135.0,5545973237,C,D
34560,135.0,8522792306,D,C
34560,135.0,9563834794,C,D
34624,135.25,319141316,D,C
34624,135.25,1765486734,C,D
34624,135.25,4520998795,D,C
34624,135.25,5545973237,C,D
34624,135.25,8544921484,D,C
34624,135.25,9563834794,C,D
34688,135.5,319141316,D,C
34688,135.5,1787449407,C,D
34688,135.5,4520998795,D,C
34688,135.5,5545973237,C,D
34688,135.5,8544921484,D,C
34688,135.5,9563834794,C,D
34752,135.75,319141316,D,C
34752,135.75,1787449407,C,D
34752,135.75,4520998795,D,C
34752,135.75,5545973237,C,D
34752,135.75,8544921484,D,C
34752,135.75,9563834794,C,D
34816,136.0,319141316,D,C
34816,136.0,1787449407,C,D
34816,136.0,4520998795,D,C
34816,136.0,5545973237,C,D
34816,136.0,8544921484,D,C
34816,136.0,9563834794,C,D
34880,136.25,319141316,D,C
34880,136.25,1787449407,C,D
34880,136.25,4520998795,D,C
34880,136.25,5545973237,C,D
34880,136.25,8544921484,D,C
34880,136.25,9563834794,C,D
34944,136.5,319141316,D,C
34944,136.5,1787449407,C,D
34944,136.5,4520998795,D,C
34944,136.5,5545973237,C,D
34944,136.5,8544921484,D,C
34944,136.5,9563834794,C,D
35008,136.75,319141316,D,C
35008,136.75,1809315742,C,D
35008,136.75,4520998795,D,C
35008,136.75,5545973237,C,D
35008,136.75,8544921484,D,C
35008,136.75,9563834794,C,D
35072,137.0,319141316,D,C
35072,137.0,1809315742,C,D
35072,137.0,4520998795,D,C
35072,137.0,5545973237,C,D
35072,137.0,8544921484,D,C
35072,137.0,9586616569,C,D
35136,137.25,319141316,D,C
35136,137.25,1809315742,C,D
35136,137.25,4520998795,D,C
35136,137.25,5545973237,C,D
35136,137.25,8544921484,D,C
35136,137.25,9586616569,C,D
35200,137.5,319141316,D,C
35200,137.5,1809315742,C,D
35200,137.5,4520998795,D,C
35200,137.5,5568540014,C,D
35200,137.5,8544921484,D,C
35200,137.5,9586616569,C,D
35264,137.75,319141316,D,C
35264,137.75,1809315742,C,D
35264,137.75,4520998795,D,C
35264,137.75,5568540014,C,D
35264,137.75,8544921484,D,C
35264,137.75,9586616569,C,D
35328,138.0,319141316,D,C
35328,138.0,1809315742,C,D
35328,138.0,4520998795,D,C
35328,138.0,5568540014,C,D
35328,138.0,8544921484,D,C
35328,138.0,9586616569,C,D
35392,138.25,319141316,D,C
35392,138.25,1809315742,C,D
35392,138.25,4520998795,D,C
35392,138.25,5568540014,C,D
35392,138.25,8544921484,D,C
35392,138.25,9586616569,C,D
35456,138.5,319141316,D,C
35456,138.5,1809315742,C,D
35456,138.5,4520998795,D,C
35456,138.5,5568540014,C,D
35456,138.5,8544921484,D,C
35456,138.5,9586616569,C,D
35520,138.75,319141316,D,C
35520,138.75,1809315742,C,D
35520,138.75,4520998795,D,C
35520,138.75,5568540014,C,D
35520,138.75,8544921484,D,C
35520,138.75,9586616569,C,D
35584,139.0,319141316,D,C
35584,139.0,1809315742,C,D
35584,139.0,4520998795,D,C
35584,139.0,5568540014,C,D
35584,139.0,8544921484,D,C
35584,139.0,9586616569,C,D
35648,139.25,319141316,D,C
35648,139.25,1809315742,C,D
35648,139.25,4543041706,D,C
35648,139.25,5568540014,C,D
35648,139.25,8544921484,D,C
35648,139.25,9586616569,C,D
35712,139.5,319141316,D,C
35712,139.5,1809315742,C,D
35712,139.5,4543041706,D,C
35712,139.5,5568540014,C,D
35712,139.5,8544921484,D,C
35712,139.5,9611050848,C,D
35776,139.75,319141316,D,C
35776,139.75,1809315742,C,D
35776,139.75,4543041706,D,C
35776,139.75,5568540014,C,D
35776,139.75,8544921484,D,C
35776,139.75,9611050848,C,D
35840,140.0,319141316,D,C
35840,140.0,1809315742,C,D
35840,140.0,4543041706,D,C
35840,140.0,5568540014,C,D
35840,140.0,8544921484,D,C
35840,140.0,9611050848,C,D
35904,140.25,319141316,D,C
35904,140.25,1809315742,C,D
35904,140.25,4543041706,D,C
35904,140.25,5590458727,C,D
35904,140.25,8607072152,D,C
35904,140.25,9611050848,C,D
35968,140.5,319141316,D,S
35968,140.5,341688235,S,C
35968,140.5,1809315742,C,D
35968,140.5,4543041706,D,C
35968,140.5,5590458727,C,D
35968,140.5,8607072152,D,C
35968,140.5,9611050848,C,D
36032,140.75,319141316,D,C
36032,140.75,1809315742,C,D
36032,140.75,4543041706,D,C
36032,140.75,5590458727,C,D
36032,140.75,8607072152,D,C
36032,140.75,9611050848,C,D
36096,141.0,319141316,D,C
36096,141.0,1831330870,C,D
36096,141.0,4543041706,D,C
36096,141.0,5590458727,C,D
36096,141.0,8607072152,D,C
36096,141.0,9611050848,C,D
36160,141.25,341688235,D,C
36160,141.25,1831330870,C,D
36160,141.25,4543041706,D,C
36160,141.25,5590458727,C,D
36160,141.25,8607072152,D,C
36160,141.25,9611050848,C,D
36224,141.5,341688235,D,C
36224,141.5,1831330870,C,D
36224,141.5,4543041706,D,C
36224,141.5,5590458727,C,D
36224,141.5,8607072152,D,C
36224,141.5,9611050848,C,D
36288,141.75,341688235,D,C
36288,141.75,1831330870,C,D
36288,141.75,4543041706,D,C
36288,141.75,5612445825,C,D
36288,141.75,8629268973,D,C
36288,141.75,9611050848,C,D
36352,142.0,341688235,D,C
36352,142.0,1831330870,C,D
36352,142.0,4543041706,D,C
36352,142.0,5612445825,C,D
36352,142.0,8629268973,D,C
36352,142.0,9611050848,C,D
36416,142.25,341688235,D,C
36416,142.25,1831330870,C,D
36416,142.25,4543041706,D,C
36416,142.25,5612445825,C,D
36416,142.25,8629268973,D,C
36416,142.25,9611050848,C,D
36480,142.5,341688235,D,C
36480,142.5,1831330870,C,D
36480,142.5,4565075467,D,C
36480,142.5,5612445825,C,D
36480,142.5,8629268973,D,C
36480,142.5,9611050848,C,D
36544,142.75,341688235,D,C
36544,142.75,1831330870,C,D
36544,142.75,4565075467,D,C
36544,142.75,5612445825,C,D
36544,142.75,8629268973,D,C
36544,142.75,9611050848,C,D
36608,143.0,341688235,D,C
36608,143.0,1831330870,C,D
36608,143.0,4565075467,D,C
36608,143.0,5612445825,C,D
36608,143.0,8629268973,D,C
36608,143.0,9611050848,C,D
36672,143.25,341688235,D,C
36672,143.25,1831330870,C,D
36672,143.25,4565075467,D,C
36672,143.25,5612445825,C,D
36672,143.25,8629268973,D,C
36672,143.25,9611050848,C,D
36736,143.5,341688235,D,C
36736,143.5,1831330870,C,D
36736,143.5,4565075467,D,C
36736,143.5,5612445825,C,D
36800,143.75,341688235,D,C
36800,143.75,1831330870,C,D
36800,143.75,4587439955,D,C
36800,143.75,5612445825,C,D
36800,143.75,8629268973,D,C
36800,143.75,9633416447,C,D
36864,144.0,341688235,D,C
36864,144.0,1831330870,C,D
36864,144.0,4587439955,D,C
36864,144.0,5612445825,C,D
36864,144.0,8629268973,D,C
36864,144.0,9633416447,C,D
36928,144.25,341688235,D,C
36928,144.25,1831330870,C,D
36928,144.25,4587439955,D,C
36928,144.25,5612445825,C,D
36928,144.25,8629268973,D,C
36928,144.25,9633416447,C,D
36992,144.5,341688235,D,C
36992,144.5,1831330870,C,D
36992,144.5,4587439955,D,C
36992,144.5,5612445825,C,D
36992,144.5,8629268973,D,C
36992,144.5,9633416447,C,D
37056,144.75,341688235,D,C
37056,144.75,1831330870,C,D
37056,144.75,4587439955,D,C
37056,144.75,5612445825,C,D
37056,144.75,8629268973,D,C
37056,144.75,9633416447,C,D
37120,145.0,341688235,D,C
37120,145.0,1831330870,C,D
37120,145.0,4587439955,D,C
37120,145.0,5612445825,C,D
37120,145.0,8629268973,D,S
37120,145.0,8651290186,S,C
37120,145.0,9633416447,C,D
37184,145.25,341688235,D,C
37184,145.25,1831330870,C,D
37184,145.25,4609402370,D,C
37184,145.25,5612445825,C,D
37248,145.5,341688235,D,C
37248,145.5,1831330870,C,D
37248,145.5,4609402370,D,C
37248,145.5,5612445825,C,D
37248,145.5,8651290186,D,C
37248,145.5,9633416447,C,D
37312,145.75,341688235,D,C
37312,145.75,1831330870,C,D
37312,145.75,4609402370,D,C
37312,145.75,5612445825,C,D
37312,145.75,8651290186,D,C
37312,145.75,9633416447,C,D
37376,146.0,341688235,D,C
37376,146.0,1853491494,C,D
37376,146.0,4609402370,D,C
37376,146.0,5634548140,C,D
37440,146.25,341688235,D,C
37440,146.25,1853491494,C,D
37440,146.25,4609402370,D,C
37440,146.25,5634548140,C,D
37440,146.25,8651290186,D,C
37440,146.25,9633416447,C,D
37504,146.5,341688235,D,C
37504,146.5,1853491494,C,D
37504,146.5,4609402370,D,C
37504,146.5,5634548140,C,D
37568,146.75,341688235,D,C
37568,146.75,1853491494,C,D
37568,146.75,4609402370,D,C
37568,146.75,5634548140,C,D
37632,147.0,363500133,D,C
37632,147.0,1853491494,C,D
37632,147.0,4609402370,D,C
37632,147.0,5634548140,C,D
37696,147.25,363500133,D,C
37696,147.25,1853491494,C,D
37696,147.25,4609402370,D,C
37696,147.25,5634548140,C,D
37696,147.25,8651290186,D,C
37696,147.25,9633416447,C,D
37760,147.5,363500133,D,C
37760,147.5,1853491494,C,D
37760,147.5,4609402370,D,C
37760,147.5,5634548140,C,D
37824,147.75,363500133,D,C
37824,147.75,1853491494,C,D
37824,147.75,4609402370,D,C
37824,147.75,5656552061,C,D
37824,147.75,8651290186,D,C
37824,147.75,9633416447,C,D
37888,148.0,363500133,D,C
37888,148.0,1853491494,C,D
37888,148.0,4609402370,D,C
37888,148.0,5656552061,C,D
37888,148.0,8651290186,D,C
37888,148.0,9655731075,C,D
37952,148.25,363500133,D,C
37952,148.25,1853491494,C,D
37952,148.25,4609402370,D,C
37952,148.25,5656552061,C,D
38016,148.5,363500133,D,C
38016,148.5,1853491494,C,D
38016,148.5,4609402370,D,C
38016,148.5,5656552061,C,D
38016,148.5,8651290186,D,C
38016,148.5,9655731075,C,D
38080,148.75,363500133,D,C
38080,148.75,1853491494,C,D
38080,148.75,4609402370,D,C
38080,148.75,5656552061,C,D
38080,148.75,8651290186,D,C
38080,148.75,9655731075,C,D
38144,149.0,387124897,D,C
38144,149.0,1853491494,C,D
38144,149.0,4609402370,D,C
38144,149.0,5656552061,C,D
38144,149.0,8651290186,D,C
38144,149.0,9655731075,C,D
38208,149.25,387124897,D,C
38208,149.25,1853491494,C,D
38208,149.25,4609402370,D,C
38208,149.25,5656552061,C,D
38208,149.25,8651290186,D,C
38208,149.25,9655731075,C,D
38272,149.5,387124897,D,C
38272,149.5,1875368794,C,D
38272,149.5,4609402370,D,C
38272,149.5,5656552061,C,D
38272,149.5,8673917628,D,C
38272,149.5,9655731075,C,D
38336,149.75,387124897,D,C
38336,149.75,1875368794,C,D
38336,149.75,4609402370,D,C
38336,149.75,5656552061,C,D
38336,149.75,8673917628,D,C
38336,149.75,9655731075,C,D
38400,150.0,387124897,D,C
38400,150.0,1875368794,C,D
38400,150.0,4609402370,D,C
38400,150.0,5656552061,C,D
38400,150.0,8673917628,D,C
38400,150.0,9655731075,C,D
38464,150.25,387124897,D,C
38464,150.25,1875368794,C,D
38464,150.25,4631400400,D,C
38464,150.25,5656552061,C,D
38464,150.25,8673917628,D,C
38464,150.25,9655731075,C,D
38528,150.5,1875368794,C,D
38528,150.5,4631400400,D,C
38528,150.5,5656552061,C,D
38528,150.5,8673917628,D,C
38528,150.5,9655731075,C,D
38592,150.75,387124897,D,C
38592,150.75,1875368794,C,D
38592,150.75,4631400400,D,C
38592,150.75,5656552061,C,D
38656,151.0,408994153,D,C
38656,151.0,1875368794,C,D
38656,151.0,4631400400,D,C
38656,151.0,5656552061,C,D
38656,151.0,8673917628,D,C
38656,151.0,9655731075,C,D
38720,151.25,408994153,D,C
38720,151.25,1875368794,C,D
38720,151.25,4631400400,D,C
38720,151.25,5680154105,C,D
38720,151.25,8673917628,D,C
38720,151.25,9678027662,C,D
38784,151.5,408994153,D,C
38784,151.5,1875368794,C,D
38784,151.5,4631400400,D,C
38784,151.5,5680154105,C,D
38784,151.5,8673917628,D,C
38784,151.5,9678027662,C,D
38848,151.75,408994153,D,C
38848,151.75,1875368794,C,D
38848,151.75,4631400400,D,C
38848,151.75,5680154105,C,D
38912,152.0,430835990,D,C
38912,152.0,1875368794,C,D
38912,152.0,4631400400,D,C
38912,152.0,5680154105,C,D
38912,152.0,8673917628,D,C
38912,152.0,9678027662,C,D
38976,152.25,430835990,D,C
38976,152.25,1875368794,C,D
38976,152.25,4653822905,D,C
38976,152.25,5680154105,C,D
38976,152.25,8673917628,D,C
38976,152.25,9678027662,C,D
39040,152.5,430835990,D,C
39040,152.5,1875368794,C,D
39040,152.5,4653822905,D,C
39040,152.5,5680154105,C,D
39040,152.5,8673917628,D,C
39040,152.5,9678027662,C,D
39104,152.75,430835990,D,C
39104,152.75,1875368794,C,D
39104,152.75,4653822905,D,C
39104,152.75,5680154105,C,D
39168,153.0,430835990,D,C
39168,153.0,1875368794,C,D
39168,153.0,4653822905,D,C
39168,153.0,5702781950,C,D
39168,153.0,8673917628,D,C
39168,153.0,9678027662,C,D
39232,153.25,430835990,D,C
39232,153.25,1897276163,C,D
39232,153.25,4653822905,D,C
39232,153.25,5702781950,C,D
39232,153.25,8673917628,D,C
39232,153.25,9678027662,C,D
39296,153.5,430835990,D,C
39296,153.5,1897276163,C,D
39296,153.5,4653822905,D,C
39296,153.5,5702781950,C,D
39296,153.5,8673917628,D,C
39296,153.5,9678027662,C,D
39360,153.75,430835990,D,C
39360,153.75,1897276163,C,D
39360,153.75,4653822905,D,C
39360,153.75,5702781950,C,D
39424,154.0,430835990,D,C
39424,154.0,1897276163,C,D
39424,154.0,4653822905,D,C
39424,154.0,5702781950,C,D
39488,154.25,430835990,D,C
39488,154.25,1897276163,C,D
39488,154.25,4653822905,D,C
39488,154.25,5702781950,C,D
39552,154.5,454277293,D,C
39552,154.5,1897276163,C,D
39552,154.5,4653822905,D,C
39552,154.5,5702781950,C,D
39616,154.75,454277293,D,C
39616,154.75,1897276163,C,D
39616,154.75,4653822905,D,C
39616,154.75,5702781950,C,D
39616,154.75,8696543537,D,C
39616,154.75,9700354596,C,D
39680,155.0,454277293,D,C
39680,155.0,1897276163,C,D
39680,155.0,4653822905,D,C
39680,155.0,5702781950,C,D
39680,155.0,8696543537,D,C
39680,155.0,9700354596,C,D
39744,155.25,454277293,D,C
39744,155.25,1897276163,C,D
39744,155.25,4653822905,D,C
39744,155.25,5702781950,C,D
39744,155.25,8696543537,D,C
39744,155.25,9700354596,C,D
39808,155.5,454277293,D,C
39808,155.5,1897276163,C,D
39808,155.5,4653822905,D,C
39808,155.5,5702781950,C,D
39808,155.5,8696543537,D,C
39808,155.5,9700354596,C,D
39872,155.75,476110629,D,C
39872,155.75,1897276163,C,D
39872,155.75,4653822905,D,C
39872,155.75,5702781950,C,D
39872,155.75,8696543537,D,C
39872,155.75,9700354596,C,D
39936,156.0,476110629,D,C
39936,156.0,1897276163,C,D
39936,156.0,4653822905,D,C
39936,156.0,5702781950,C,D
39936,156.0,8696543537,D,C
39936,156.0,9700354596,C,D
40000,156.25,476110629,D,C
40000,156.25,1897276163,C,D
40000,156.25,4675921429,D,C
40000,156.25,5702781950,C,D
40000,156.25,8696543537,D,C
40000,156.25,9700354596,C,D
40064,156.5,476110629,D,C
40064,156.5,1897276163,C,D
40064,156.5,4675921429,D,C
40064,156.5,5725058538,C,D
40064,156.5,8696543537,D,C
40064,156.5,9700354596,C,D
40128,156.75,476110629,D,C
40128,156.75,1897276163,C,D
40128,156.75,4675921429,D,C
40128,156.75,5725058538,C,D
40128,156.75,8696543537,D,C
40128,156.75,9700354596,C,D
40192,157.0,476110629,D,C
40192,157.0,1897276163,C,D
40192,157.0,4675921429,D,C
40192,157.0,5725058538,C,D
40192,157.0,8696543537,D,C
40192,157.0,9700354596,C,D
40256,157.25,476110629,D,C
40256,157.25,1897276163,C,D
40256,157.25,4675921429,D,C
40256,157.25,5725058538,C,D
40256,157.25,8696543537,D,C
40256,157.25,9700354596,C,D
40320,157.5,476110629,D,C
40320,157.5,1897276163,C,D
40320,157.5,4675921429,D,C
40320,157.5,5725058538,C,D
40320,157.5,8696543537,D,C
40320,157.5,9722620883,C,D
40384,157.75,476110629,D,C
40384,157.75,1897276163,C,D
40384,157.75,4697923132,D,C
40384,157.75,5725058538,C,D
40384,157.75,8696543537,D,C
40384,157.75,9722620883,C,D
40448,158.0,476110629,D,C
40448,158.0,1897276163,C,D
40448,158.0,4697923132,D,C
40448,158.0,5725058538,C,D
40448,158.0,8696543537,D,C
40448,158.0,9722620883,C,D
40512,158.25,498091201,D,C
40512,158.25,1919325805,C,D
40512,158.25,4697923132,D,C
40512,158.25,5725058538,C,D
40512,158.25,8696543537,D,C
40512,158.25,9722620883,C,D
40576,158.5,498091201,D,C
40576,158.5,1919325805,C,D
40576,158.5,4697923132,D,C
40576,158.5,5725058538,C,D
40576,158.5,8696543537,D,C
40576,158.5,9722620883,C,D
40640,158.75,498091201,D,C
40640,158.75,1919325805,C,D
40640,158.75,4697923132,D,C
40640,158.75,5725058538,C,D
40640,158.75,8719125458,D,C
40640,158.75,9722620883,C,D
40704,159.0,498091201,D,C
40704,159.0,1919325805,C,D
40704,159.0,4697923132,D,C
40704,159.0,5725058538,C,D
40704,159.0,8719125458,D,C
40704,159.0,9722620883,C,D
40768,159.25,498091201,D,C
40768,159.25,1919325805,C,D
40768,159.25,4697923132,D,C
40768,159.25,5725058538,C,D
40768,159.25,8719125458,D,C
40768,159.25,9722620883,C,D
40832,159.5,498091201,D,C
40832,159.5,1919325805,C,D
40832,159.5,4697923132,D,C
40832,159.5,5747179777,C,D
40832,159.5,8719125458,D,C
40832,159.5,9722620883,C,D
40896,159.75,520294303,D,C
40896,159.75,1919325805,C,D
40896,159.75,4697923132,D,C
40896,159.75,5747179777,C,D
40896,159.75,8719125458,D,C
40896,159.75,9722620883,C,D
40960,160.0,520294303,D,C
40960,160.0,1919325805,C,D
40960,160.0,4697923132,D,C
40960,160.0,5747179777,C,D
40960,160.0,8719125458,D,C
40960,160.0,9722620883,C,D
41024,160.25,520294303,D,C
41024,160.25,1919325805,C,D
41024,160.25,4697923132,D,C
41024,160.25,5747179777,C,D
41024,160.25,8719125458,D,C
41024,160.25,9744923728,C,D
41088,160.5,520294303,D,C
41088,160.5,1919325805,C,D
41088,160.5,4697923132,D,C
41088,160.5,5747179777,C,D
41088,160.5,8719125458,D,C
41088,160.5,9744923728,C,D
41152,160.75,520294303,D,C
41152,160.75,1919325805,C,D
41152,160.75,4697923132,D,C
41152,160.75,5747179777,C,D
41152,160.75,8719125458,D,C
41152,160.75,9744923728,C,D
41216,161.0,520294303,D,C
41216,161.0,1919325805,C,D
41216,161.0,4720018590,D,C
41216,161.0,5747179777,C,D
41216,161.0,8719125458,D,C
41216,161.0,9744923728,C,D
41280,161.25,520294303,D,C
41280,161.25,1919325805,C,D
41280,161.25,4720018590,D,C
41280,161.25,5747179777,C,D
41280,161.25,8719125458,D,C
41280,161.25,9744923728,C,D
41344,161.5,520294303,D,C
41344,161.5,1919325805,C,D
41344,161.5,4720018590,D,C
41344,161.5,5747179777,C,D
41344,161.5,8719125458,D,C
41344,161.5,9744923728,C,D
41408,161.75,520294303,D,C
41408,161.75,1919325805,C,D
41408,161.75,4720018590,D,C
41408,161.75,5769206458,C,D
41408,161.75,8719125458,D,C
41408,161.75,9744923728,C,D
41472,162.0,520294303,D,C
41472,162.0,1919325805,C,D
41472,162.0,4720018590,D,C
41472,162.0,5769206458,C,D
41472,162.0,8719125458,D,C
41472,162.0,9744923728,C,D
41536,162.25,520294303,D,C
41536,162.25,1919325805,C,D
41536,162.25,4720018590,D,C
41536,162.25,5769206458,C,D
41536,162.25,8719125458,D,C
41536,162.25,9744923728,C,D
41600,162.5,520294303,D,C
41600,162.5,1919325805,C,D
41600,162.5,4720018590,D,C
41600,162.5,5769206458,C,D
41664,162.75,520294303,D,C
41664,162.75,1941256853,C,D
41664,162.75,4720018590,D,C
41664,162.75,5791534444,C,D
41664,162.75,8719125458,D,C
41664,162.75,9744923728,C,D
41728,163.0,520294303,D,C
41728,163.0,1941256853,C,D
41728,163.0,4720018590,D,C
41728,163.0,5791534444,C,D
41728,163.0,8719125458,D,C
41728,163.0,9744923728,C,D
41792,163.25,520294303,D,C
41792,163.25,1941256853,C,D
41792,163.25,4720018590,D,C
41792,163.25,5791534444,C,D
41792,163.25,8719125458,D,C
41792,163.25,9744923728,C,D
41856,163.5,520294303,D,C
41856,163.5,1941256853,C,D
41856,163.5,4720018590,D,C
41856,163.5,5791534444,C,D
41856,163.5,8741822642,D,C
41856,163.5,9744923728,C,D
41920,163.75,520294303,D,C
41920,163.75,1941256853,C,D
41920,163.75,4742156386,D,C
41920,163.75,5791534444,C,D
41920,163.75,8741822642,D,C
41920,163.75,9744923728,C,D
41984,164.0,520294303,D,C
41984,164.0,1941256853,C,D
41984,164.0,4742156386,D,C
41984,164.0,5791534444,C,D
41984,164.0,8741822642,D,C
41984,164.0,9767211435,C,D
42048,164.25,544149887,D,C
42048,164.25,1963317568,C,D
42048,164.25,4742156386,D,C
42048,164.25,5791534444,C,D
42048,164.25,8741822642,D,C
42048,164.25,9767211435,C,D
42112,164.5,544149887,D,C
42112,164.5,1963317568,C,D
42112,164.5,4742156386,D,C
42112,164.5,5791534444,C,D
42112,164.5,8741822642,D,C
42112,164.5,9767211435,C,D
42176,164.75,544149887,D,C
42176,164.75,1963317568,C,D
42176,164.75,4742156386,D,C
42176,164.75,5791534444,C,D
42176,164.75,8741822642,D,C
42176,164.75,9767211435,C,D
42240,165.0,544149887,D,C
42240,165.0,1963317568,C,D
42240,165.0,4742156386,D,C
42240,165.0,5791534444,C,D
42240,165.0,8741822642,D,C
42240,165.0,9767211435,C,D
42304,165.25,544149887,D,C
42304,165.25,1963317568,C,D
42304,165.25,4742156386,D,C
42304,165.25,5791534444,C,D
42304,165.25,8741822642,D,C
42304,165.25,9767211435,C,D
42368,165.5,544149887,D,C
42368,165.5,1963317568,C,D
42368,165.5,4742156386,D,C
42368,165.5,5791534444,C,D
42368,165.5,8741822642,D,C
42368,165.5,9767211435,C,D
42432,165.75,544149887,D,C
42432,165.75,1963317568,C,D
42432,165.75,4742156386,D,C
42432,165.75,5791534444,C,D
42496,166.0,544149887,D,C
42496,166.0,1963317568,C,D
42496,166.0,4742156386,D,C
42496,166.0,5791534444,C,D
42496,166.0,8741822642,D,C
42496,166.0,9789450995,C,D
42560,166.25,544149887,D,C
42560,166.25,1963317568,C,D
42560,166.25,4742156386,D,C
42560,166.25,5791534444,C,D
42624,166.5,544149887,D,C
42624,166.5,1963317568,C,D
42624,166.5,4742156386,D,C
42624,166.5,5791534444,C,D
42624,166.5,8741822642,D,C
42624,166.5,9789450995,C,D
42688,166.75,544149887,D,C
42688,166.75,1963317568,C,D
42688,166.75,4742156386,D,C
42688,166.75,5791534444,C,D
42688,166.75,8741822642,D,C
42688,166.75,9789450995,C,D
42752,167.0,544149887,D,C
42752,167.0,1963317568,C,D
42752,167.0,4742156386,D,C
42752,167.0,5791534444,C,D
42752,167.0,8741822642,D,C
42752,167.0,9789450995,C,D
42816,167.25,544149887,D,C
42816,167.25,1963317568,C,D
42816,167.25,4742156386,D,C
42816,167.25,5791534444,C,D
42816,167.25,8741822642,D,C
42816,167.25,9789450995,C,D
42880,167.5,544149887,D,C
42880,167.5,1963317568,C,D
42880,167.5,4742156386,D,C
42880,167.5,5791534444,C,D
42880,167.5,8741822642,D,C
42880,167.5,9789450995,C,D
42944,167.75,544149887,D,C
42944,167.75,1963317568,C,D
42944,167.75,4765562004,D,C
42944,167.75,5791534444,C,D
42944,167.75,8741822642,D,C
42944,167.75,9789450995,C,D
43008,168.0,544149887,D,C
43008,168.0,1985302888,C,D
43008,168.0,4765562004,D,C
43008,168.0,5813901879,C,D
43008,168.0,8741822642,D,C
43008,168.0,9789450995,C,D
43072,168.25,544149887,D,C
43072,168.25,1985302888,C,D
43072,168.25,4765562004,D,C
43072,168.25,5813901879,C,D
43072,168.25,8741822642,D,C
43072,168.25,9789450995,C,D
43136,168.5,544149887,D,C
43136,168.5,1985302888,C,D
43136,168.5,4765562004,D,C
43136,168.5,5813901879,C,D
43136,168.5,8741822642,D,C
43136,168.5,9789450995,C,D
43200,168.75,544149887,D,C
43200,168.75,1985302888,C,D
43200,168.75,4765562004,D,C
43200,168.75,5813901879,C,D
43264,169.0,544149887,D,C
43264,169.0,1985302888,C,D
43264,169.0,4787713750,D,C
43264,169.0,5813901879,C,D
43328,169.25,544149887,D,C
43328,169.25,1985302888,C,D
43328,169.25,4787713750,D,C
43328,169.25,5813901879,C,D
43328,169.25,8741822642,D,C
43328,169.25,9789450995,C,D
43392,169.5,544149887,D,C
43392,169.5,1985302888,C,D
43392,169.5,4787713750,D,C
43392,169.5,5813901879,C,D
43456,169.75,544149887,D,C
43456,169.75,2007801436,C,D
43456,169.75,4787713750,D,C
43456,169.75,5813901879,C,D
43456,169.75,8741822642,D,C
43456,169.75,9789450995,C,D
43520,170.0,544149887,D,C
43520,170.0,2007801436,C,D
43520,170.0,4787713750,D,C
43520,170.0,5813901879,C,D
43520,170.0,8741822642,D,C
43520,170.0,9789450995,C,D
43584,170.25,544149887,D,C
43584,170.25,2007801436,C,D
43584,170.25,4787713750,D,C
43584,170.25,5813901879,C,D
43584,170.25,8741822642,D,C
43584,170.25,9789450995,C,D
43648,170.5,544149887,D,C
43648,170.5,2007801436,C,D
43648,170.5,4787713750,D,C
43648,170.5,5836026084,C,D
43648,170.5,8741822642,D,C
43648,170.5,9789450995,C,D
43712,170.75,544149887,D,C
43712,170.75,2007801436,C,D
43712,170.75,4787713750,D,C
43712,170.75,5836026084,C,D
43776,171.0,544149887,D,C
43776,171.0,2007801436,C,D
43776,171.0,4787713750,D,C
43776,171.0,5836026084,C,D
43776,171.0,8773254301,D,C
43776,171.0,9789450995,C,D
43840,171.25,544149887,D,C
43840,171.25,2007801436,C,D
43840,171.25,4787713750,D,C
43840,171.25,5836026084,C,D
43840,171.25,8773254301,D,C
43840,171.25,9789450995,C,D
43904,171.5,544149887,D,C
43904,171.5,2007801436,C,D
43904,171.5,4787713750,D,C
43904,171.5,5836026084,C,D
43904,171.5,8773254301,D,C
43904,171.5,9811618571,C,D
43968,171.75,544149887,D,C
43968,171.75,2007801436,C,D
43968,171.75,4787713750,D,C
43968,171.75,5836026084,C,D
43968,171.75,8773254301,D,C
43968,171.75,9811618571,C,D
44032,172.0,566079398,D,C
44032,172.0,2007801436,C,D
44032,172.0,4787713750,D,C
44032,172.0,5836026084,C,D
44032,172.0,8773254301,D,C
44032,172.0,9811618571,C,D
44096,172.25,566079398,D,C
44096,172.25,2007801436,C,D
44096,172.25,4787713750,D,C
44096,172.25,5836026084,C,D
44096,172.25,8773254301,D,C
44096,172.25,9811618571,C,D
44160,172.5,566079398,D,C
44160,172.5,2007801436,C,D
44160,172.5,4787713750,D,C
44160,172.5,5836026084,C,D
44160,172.5,8773254301,D,C
44160,172.5,9811618571,C,D
44224,172.75,566079398,D,C
44224,172.75,2007801436,C,D
44224,172.75,4809995304,D,C
44224,172.75,5836026084,C,D
44224,172.75,8773254301,D,C
44224,172.75,9811618571,C,D
44288,173.0,566079398,D,C
44288,173.0,2007801436,C,D
44288,173.0,4809995304,D,C
44288,173.0,5836026084,C,D
44288,173.0,8773254301,D,C
44288,173.0,9811618571,C,D
44352,173.25,566079398,D,C
44352,173.25,2007801436,C,D
44352,173.25,4809995304,D,C
44352,173.25,5836026084,C,D
44352,173.25,8773254301,D,C
44352,173.25,9811618571,C,D
44416,173.5,566079398,D,C
44416,173.5,2007801436,C,D
44416,173.5,4809995304,D,C
44416,173.5,5836026084,C,D
44416,173.5,8773254301,D,C
44416,173.5,9811618571,C,D
44480,173.75,566079398,D,C
44480,173.75,2007801436,C,D
44480,173.75,4809995304,D,C
44480,173.75,5836026084,C,D
44480,173.75,8773254301,D,C
44480,173.75,9811618571,C,D
44544,174.0,566079398,D,C
44544,174.0,2007801436,C,D
44544,174.0,4832200214,D,C
44544,174.0,5836026084,C,D
44544,174.0,8773254301,D,C
44544,174.0,9811618571,C,D
44608,174.25,590705465,D,C
44608,174.25,2007801436,C,D
44608,174.25,4832200214,D,C
44608,174.25,5836026084,C,D
44608,174.25,8773254301,D,C
44608,174.25,9811618571,C,D
44672,174.5,590705465,D,C
44672,174.5,2007801436,C,D
44672,174.5,4832200214,D,C
44672,174.5,5836026084,C,D
44736,174.75,590705465,D,C
44736,174.75,2007801436,C,D
44736,174.75,4832200214,D,C
44736,174.75,5836026084,C,D
44736,174.75,8773254301,D,C
44736,174.75,9811618571,C,D
44800,175.0,590705465,D,C
44800,175.0,2007801436,C,D
44800,175.0,4832200214,D,C
44800,175.0,5836026084,C,D
44800,175.0,8773254301,D,C
44800,175.0,9811618571,C,D
44864,175.25,590705465,D,C
44864,175.25,2007801436,C,D
44864,175.25,4832200214,D,C
44864,175.25,5836026084,C,D
44928,175.5,590705465,D,C
44928,175.5,2007801436,C,D
44928,175.5,4832200214,D,C
44928,175.5,5836026084,C,D
44928,175.5,8773254301,D,C
44928,175.5,9811618571,C,D
44992,175.75,590705465,D,C
44992,175.75,2007801436,C,D
44992,175.75,4832200214,D,C
44992,175.75,5836026084,C,D
45056,176.0,590705465,D,C
45056,176.0,2007801436,C,D
45056,176.0,4921267024,D,C
45056,176.0,5858145731,C,D
45056,176.0,8773254301,D,C
45056,176.0,9834014012,C,D
45120,176.25,590705465,D,C
45120,176.25,2007801436,C,D
45120,176.25,4921267024,D,C
45120,176.25,5858145731,C,D
45120,176.25,8773254301,D,C
45120,176.25,9834014012,C,D
45184,176.5,590705465,D,C
45184,176.5,2032343802,C,D
45184,176.5,4921267024,D,C
45184,176.5,5858145731,C,D
45184,176.5,8773254301,D,C
45184,176.5,9834014012,C,D
45248,176.75,590705465,D,C
45248,176.75,2032343802,C,D
45248,176.75,4921267024,D,C
45248,176.75,5858145731,C,D
45248,176.75,8773254301,D,C
45248,176.75,9834014012,C,D
45312,177.0,612602975,D,C
45312,177.0,2032343802,C,D
45312,177.0,4921267024,D,C
45312,177.0,5858145731,C,D
45312,177.0,8795517154,D,C
45312,177.0,9834014012,C,D
45376,177.25,612602975,D,C
45376,177.25,2032343802,C,D
45376,177.25,4943382887,D,C
45376,177.25,5858145731,C,D
45376,177.25,8795517154,D,C
45376,177.25,9834014012,C,D
45440,177.5,612602975,D,C
45440,177.5,2032343802,C,D
45440,177.5,4943382887,D,C
45440,177.5,5880294475,C,D
45440,177.5,8795517154,D,C
45440,177.5,9834014012,C,D
45504,177.75,612602975,D,C
45504,177.75,2032343802,C,D
45504,177.75,4943382887,D,C
45504,177.75,5880294475,C,D
45504,177.75,8795517154,D,C
45504,177.75,9834014012,C,D
45568,178.0,612602975,D,C
45568,178.0,2032343802,C,D
45568,178.0,4943382887,D,C
45568,178.0,5880294475,C,D
45568,178.0,8819110330,D,C
45568,178.0,9834014012,C,D
45632,178.25,612602975,D,C
45632,178.25,2032343802,C,D
45632,178.25,4943382887,D,C
45632,178.25,5880294475,C,D
45632,178.25,8819110330,D,C
45632,178.25,9834014012,C,D
45696,178.5,612602975,D,C
45696,178.5,2032343802,C,D
45696,178.5,4943382887,D,C
45696,178.5,5880294475,C,D
45696,178.5,8819110330,D,C
45696,178.5,9834014012,C,D
45760,178.75,612602975,D,C
45760,178.75,2032343802,C,D
45760,178.75,4943382887,D,C
45760,178.75,5880294475,C,D
45760,178.75,8819110330,D,C
45760,178.75,9834014012,C,D
45824,179.0,612602975,D,C
45824,179.0,2032343802,C,D
45824,179.0,4943382887,D,C
45824,179.0,5880294475,C,D
45824,179.0,8819110330,D,C
45824,179.0,9834014012,C,D
45888,179.25,612602975,D,C
45888,179.25,2032343802,C,D
45888,179.25,4943382887,D,C
45888,179.25,5880294475,C,D
45888,179.25,8819110330,D,C
45888,179.25,9834014012,C,D
45952,179.5,612602975,D,C
45952,179.5,2032343802,C,D
45952,179.5,4943382887,D,C
45952,179.5,5880294475,C,D
45952,179.5,8819110330,D,C
45952,179.5,9834014012,C,D
46016,179.75,612602975,D,C
46016,179.75,2032343802,C,D
46016,179.75,4943382887,D,C
46016,179.75,5880294475,C,D
46016,179.75,8819110330,D,C
46016,179.75,9834014012,C,D
46080,180.0,612602975,D,C
46080,180.0,2032343802,C,D
46080,180.0,4965518874,D,C
46080,180.0,5880294475,C,D
46080,180.0,8819110330,D,C
46080,180.0,9859215542,C,D
46144,180.25,612602975,D,C
46144,180.25,2032343802,C,D
46144,180.25,4965518874,D,C
46144,180.25,5880294475,C,D
46144,180.25,8819110330,D,C
46144,180.25,9859215542,C,D
46208,180.5,612602975,D,C
46208,180.5,2032343802,C,D
46208,180.5,4965518874,D,C
46208,180.5,5880294475,C,D
46208,180.5,8931791581,D,C
46208,180.5,9859215542,C,D
46272,180.75,612602975,D,C
46272,180.75,2032343802,C,D
46272,180.75,4965518874,D,C
46272,180.75,5880294475,C,D
46272,180.75,8931791581,D,C
46272,180.75,9859215542,C,D
46336,181.0,612602975,D,C
46336,181.0,2032343802,C,D
46336,181.0,4965518874,D,C
46336,181.0,5880294475,C,D
46336,181.0,8931791581,D,C
46336,181.0,9882808164,C,D
46400,181.25,612602975,D,C
46400,181.25,2032343802,C,D
46400,181.25,4965518874,D,C
46400,181.25,5880294475,C,D
46400,181.25,8931791581,D,C
46400,181.25,9882808164,C,D
46464,181.5,612602975,D,C
46464,181.5,2032343802,C,D
46464,181.5,4965518874,D,C
46464,181.5,5880294475,C,D
46464,181.5,8931791581,D,C
46464,181.5,9882808164,C,D
46528,181.75,612602975,D,C
46528,181.75,2032343802,C,D
46528,181.75,4965518874,D,C
46528,181.75,5902468809,C,D
46528,181.75,8931791581,D,C
46528,181.75,9882808164,C,D
46592,182.0,612602975,D,C
46592,182.0,2032343802,C,D
46592,182.0,4965518874,D,C
46592,182.0,5902468809,C,D
46592,182.0,8931791581,D,C
46592,182.0,9882808164,C,D
46656,182.25,612602975,D,C
46656,182.25,2032343802,C,D
46656,182.25,4965518874,D,C
46656,182.25,5902468809,C,D
46656,182.25,8931791581,D,C
46656,182.25,9882808164,C,D
46720,182.5,612602975,D,C
46720,182.5,2032343802,C,D
46720,182.5,4965518874,D,C
46720,182.5,5902468809,C,D
46720,182.5,8953981594,D,C
46720,182.5,9882808164,C,D
46784,182.75,612602975,D,C
46784,182.75,2054448974,C,D
46784,182.75,4965518874,D,C
46784,182.75,5902468809,C,D
46784,182.75,8953981594,D,C
46784,182.75,9882808164,C,D
46848,183.0,612602975,D,C
46848,183.0,2054448974,C,D
46848,183.0,4965518874,D,C
46848,183.0,5902468809,C,D
46848,183.0,8953981594,D,C
46848,183.0,9882808164,C,D
46912,183.25,1207546367,D,C
46912,183.25,2054448974,C,D
46912,183.25,4965518874,D,C
46912,183.25,5902468809,C,D
46912,183.25,8953981594,D,C
46912,183.25,9882808164,C,D
46976,183.5,1229731594,D,C
46976,183.5,2054448974,C,D
46976,183.5,4965518874,D,C
46976,183.5,5902468809,C,D
46976,183.5,8953981594,D,C
46976,183.5,9882808164,C,D
47040,183.75,1229731594,D,C
47040,183.75,2054448974,C,D
47040,183.75,4987639268,D,C
47040,183.75,5924645973,C,D
47040,183.75,8953981594,D,C
47040,183.75,9882808164,C,D
47104,184.0,1229731594,D,C
47104,184.0,2054448974,C,D
47104,184.0,4987639268,D,C
47104,184.0,5924645973,C,D
47104,184.0,8953981594,D,C
47104,184.0,9882808164,C,D
47168,184.25,1229731594,D,C
47168,184.25,2054448974,C,D
47168,184.25,4987639268,D,C
47168,184.25,5924645973,C,D
47168,184.25,8953981594,D,C
47168,184.25,9882808164,C,D
47232,184.5,1229731594,D,C
47232,184.5,2054448974,C,D
47232,184.5,4987639268,D,C
47232,184.5,5924645973,C,D
47232,184.5,8953981594,D,C
47232,184.5,9882808164,C,D
47296,184.75,1229731594,D,C
47296,184.75,2054448974,C,D
47296,184.75,4987639268,D,C
47296,184.75,5924645973,C,D
47296,184.75,8953981594,D,C
47296,184.75,9882808164,C,D
47360,185.0,1229731594,D,C
47360,185.0,2054448974,C,D
47360,185.0,4987639268,D,C
47360,185.0,5924645973,C,D
47360,185.0,8953981594,D,C
47360,185.0,9882808164,C,D
47424,185.25,1229731594,D,C
47424,185.25,2054448974,C,D
47424,185.25,4987639268,D,C
47424,185.25,5924645973,C,D
47424,185.25,8953981594,D,C
47424,185.25,9882808164,C,D
47488,185.5,1229731594,D,C
47488,185.5,2054448974,C,D
47488,185.5,5011265725,D,C
47488,185.5,5924645973,C,D
47488,185.5,8953981594,D,C
47488,185.5,9882808164,C,D
47552,185.75,1229731594,D,C
47552,185.75,2054448974,C,D
47552,185.75,5011265725,D,C
47552,185.75,5924645973,C,D
47552,185.75,8953981594,D,C
47552,185.75,9882808164,C,D
47616,186.0,1229731594,D,C
47616,186.0,2054448974,C,D
47616,186.0,5011265725,D,C
47616,186.0,5924645973,C,D
47616,186.0,8953981594,D,C
47616,186.0,9882808164,C,D
47680,186.25,1229731594,D,C
47680,186.25,2054448974,C,D
47680,186.25,5011265725,D,C
47680,186.25,5924645973,C,D
47680,186.25,8953981594,D,C
47680,186.25,9882808164,C,D
47744,186.5,1229731594,D,C
47744,186.5,2054448974,C,D
47744,186.5,5011265725,D,C
47744,186.5,5924645973,C,D
47744,186.5,8953981594,D,C
47744,186.5,9882808164,C,D
47808,186.75,1229731594,D,C
47808,186.75,2054448974,C,D
47808,186.75,5011265725,D,C
47808,186.75,5924645973,C,D
47808,186.75,8976609045,D,C
47808,186.75,9882808164,C,D
47872,187.0,1229731594,D,C
47872,187.0,2054448974,C,D
47872,187.0,5011265725,D,C
47872,187.0,5924645973,C,D
47872,187.0,8976609045,D,C
47872,187.0,9882808164,C,D
47936,187.25,1229731594,D,C
47936,187.25,2054448974,C,D
47936,187.25,5011265725,D,C
47936,187.25,5924645973,C,D
47936,187.25,8976609045,D,C
47936,187.25,9882808164,C,D
48000,187.5,1229731594,D,C
48000,187.5,2054448974,C,D
48000,187.5,5011265725,D,C
48000,187.5,5924645973,C,D
48000,187.5,8976609045,D,C
48000,187.5,9882808164,C,D
48064,187.75,1229731594,D,C
48064,187.75,2076319177,C,D
48064,187.75,5011265725,D,C
48064,187.75,5924645973,C,D
48064,187.75,8976609045,D,C
48064,187.75,9906421282,C,D
48128,188.0,1229731594,D,C
48128,188.0,2076319177,C,D
48128,188.0,5011265725,D,C
48128,188.0,5924645973,C,D
48128,188.0,8976609045,D,C
48128,188.0,9906421282,C,D
48192,188.25,1229731594,D,C
48192,188.25,2076319177,C,D
48192,188.25,5011265725,D,C
48192,188.25,5947236750,C,D
48192,188.25,8976609045,D,C
48192,188.25,9906421282,C,D
48256,188.5,1229731594,D,C
48256,188.5,2076319177,C,D
48256,188.5,5034452947,D,C
48256,188.5,5947236750,C,D
48256,188.5,8976609045,D,C
48256,188.5,9906421282,C,D
48320,188.75,1229731594,D,C
48320,188.75,2076319177,C,D
48320,188.75,5034452947,D,C
48320,188.75,5947236750,C,D
48320,188.75,8976609045,D,C
48320,188.75,9906421282,C,D
48384,189.0,1229731594,D,C
48384,189.0,2076319177,C,D
48384,189.0,5034452947,D,C
48384,189.0,5947236750,C,D
48384,189.0,8976609045,D,C
48384,189.0,9906421282,C,D
48448,189.25,1229731594,D,C
48448,189.25,2076319177,C,D
48448,189.25,5034452947,D,C
48448,189.25,5947236750,C,D
48448,189.25,8999056359,D,C
48448,189.25,9906421282,C,D
48512,189.5,1273581955,D,C
48512,189.5,2076319177,C,D
48512,189.5,5034452947,D,C
48512,189.5,5947236750,C,D
48512,189.5,8999056359,D,C
48512,189.5,9906421282,C,D
48576,189.75,1273581955,D,C
48576,189.75,2076319177,C,D
48576,189.75,5034452947,D,C
48576,189.75,5947236750,C,D
48576,189.75,8999056359,D,C
48576,189.75,9906421282,C,D
48640,190.0,1273581955,D,C
48640,190.0,2076319177,C,D
48640,190.0,5034452947,D,C
48640,190.0,5947236750,C,D
48640,190.0,8999056359,D,C
48640,190.0,9906421282,C,D
48704,190.25,1273581955,D,C
48704,190.25,2076319177,C,D
48704,190.25,5034452947,D,C
48704,190.25,5947236750,C,D
48704,190.25,8999056359,D,C
48704,190.25,9906421282,C,D
48768,190.5,1273581955,D,C
48768,190.5,2076319177,C,D
48768,190.5,5034452947,D,C
48768,190.5,5969530459,C,D
48768,190.5,8999056359,D,C
48768,190.5,9906421282,C,D
48832,190.75,1295528073,D,C
48832,190.75,2076319177,C,D
48832,190.75,5034452947,D,C
48832,190.75,5969530459,C,D
48832,190.75,8999056359,D,C
48832,190.75,9929386876,C,D
48896,191.0,1295528073,D,C
48896,191.0,2076319177,C,D
48896,191.0,5034452947,D,C
48896,191.0,5969530459,C,D
48896,191.0,8999056359,D,C
48896,191.0,9929386876,C,D
48960,191.25,1295528073,D,C
48960,191.25,2076319177,C,D
48960,191.25,5034452947,D,C
48960,191.25,5969530459,C,D
48960,191.25,8999056359,D,C
48960,191.25,9929386876,C,D
49024,191.5,1295528073,D,C
49024,191.5,2076319177,C,D
49024,191.5,5034452947,D,C
49024,191.5,5969530459,C,D
49024,191.5,8999056359,D,C
49024,191.5,9929386876,C,D
49088,191.75,1295528073,D,C
49088,191.75,2076319177,C,D
49088,191.75,5034452947,D,C
49088,191.75,5969530459,C,D
49088,191.75,8999056359,D,C
49088,191.75,9929386876,C,D
49152,192.0,1295528073,D,C
49152,192.0,2187583849,C,D
49152,192.0,5034452947,D,C
49152,192.0,6058423307,C,D
49152,192.0,8999056359,D,C
49152,192.0,10021048187,C,D
49216,192.25,1295528073,D,C
49216,192.25,2187583849,C,D
49216,192.25,5034452947,D,C
49216,192.25,6058423307,C,D
49216,192.25,8999056359,D,C
49216,192.25,10021048187,C,D
49280,192.5,1295528073,D,C
49280,192.5,2187583849,C,D
49280,192.5,5034452947,D,C
49280,192.5,6058423307,C,D
49280,192.5,8999056359,D,C
49280,192.5,10021048187,C,D
49344,192.75,1295528073,D,C
49344,192.75,2187583849,C,D
49344,192.75,5034452947,D,C
49344,192.75,6058423307,C,D
49344,192.75,8999056359,D,C
49344,192.75,10021048187,C,D
49408,193.0,1295528073,D,C
49408,193.0,2187583849,C,D
49408,193.0,5056486431,D,C
49408,193.0,6058423307,C,D
49408,193.0,8999056359,D,C
49408,193.0,10021048187,C,D
49472,193.25,1295528073,D,C
49472,193.25,2187583849,C,D
49472,193.25,5056486431,D,C
49472,193.25,6058423307,C,D
49472,193.25,8999056359,D,C
49472,193.25,10021048187,C,D
49536,193.5,1295528073,D,C
49536,193.5,2187583849,C,D
49536,193.5,5056486431,D,C
49536,193.5,6058423307,C,D
49536,193.5,8999056359,D,C
49536,193.5,10021048187,C,D
49600,193.75,1295528073,D,C
49600,193.75,2187583849,C,D
49600,193.75,5078485918,D,C
49600,193.75,6058423307,C,D
49600,193.75,9021567534,D,C
49600,193.75,10021048187,C,D
49664,194.0,1295528073,D,C
49664,194.0,2187583849,C,D
49664,194.0,5078485918,D,C
49664,194.0,6058423307,C,D
49664,194.0,9021567534,D,C
49664,194.0,10021048187,C,D
49728,194.25,1295528073,D,C
49728,194.25,2187583849,C,D
49728,194.25,5078485918,D,C
49728,194.25,6058423307,C,D
49728,194.25,9021567534,D,C
49728,194.25,10021048187,C,D
49792,194.5,1295528073,D,C
49792,194.5,2187583849,C,D
49792,194.5,5078485918,D,C
49792,194.5,6080658064,C,D
49792,194.5,9021567534,D,C
49792,194.5,10043410623,C,D
49856,194.75,1295528073,D,C
49856,194.75,2187583849,C,D
49856,194.75,5078485918,D,C
49856,194.75,6080658064,C,D
49856,194.75,9021567534,D,C
49856,194.75,10043410623,C,D
49920,195.0,1295528073,D,C
49920,195.0,2187583849,C,D
49920,195.0,5078485918,D,C
49920,195.0,6080658064,C,D
49920,195.0,9043950525,D,C
49920,195.0,10043410623,C,D
49984,195.25,1295528073,D,C
49984,195.25,2187583849,C,D
49984,195.25,5078485918,D,C
49984,195.25,6080658064,C,D
49984,195.25,9043950525,D,C
49984,195.25,10043410623,C,D
50048,195.5,1295528073,D,C
50048,195.5,2187583849,C,D
50048,195.5,5078485918,D,C
50048,195.5,6080658064,C,D
50048,195.5,9043950525,D,C
50048,195.5,10043410623,C,D
50112,195.75,1295528073,D,C
50112,195.75,2187583849,C,D
50112,195.75,5078485918,D,C
50112,195.75,6102753320,C,D
50112,195.75,9043950525,D,C
50112,195.75,10043410623,C,D
50176,196.0,1319246888,D,C
50176,196.0,2218252661,C,D
50176,196.0,5078485918,D,C
50176,196.0,6102753320,C,D
50176,196.0,9043950525,D,C
50176,196.0,10043410623,C,D
50240,196.25,1319246888,D,C
50240,196.25,2218252661,C,D
50240,196.25,5078485918,D,C
50240,196.25,6102753320,C,D
50240,196.25,9043950525,D,C
50240,196.25,10043410623,C,D
50304,196.5,1319246888,D,C
50304,196.5,2218252661,C,D
50304,196.5,5078485918,D,C
50304,196.5,6102753320,C,D
50304,196.5,9043950525,D,C
50304,196.5,10043410623,C,D
50368,196.75,1319246888,D,C
50368,196.75,2218252661,C,D
50368,196.75,5078485918,D,C
50368,196.75,6102753320,C,D
50368,196.75,9043950525,D,C
50368,196.75,10066401422,C,D
50432,197.0,1319246888,D,C
50432,197.0,2218252661,C,D
50432,197.0,5078485918,D,C
50432,197.0,6102753320,C,D
50432,197.0,9043950525,D,C
50432,197.0,10066401422,C,D
50496,197.25,1319246888,D,C
50496,197.25,2218252661,C,D
50496,197.25,5078485918,D,C
50496,197.25,6102753320,C,D
50496,197.25,9043950525,D,C
50496,197.25,10066401422,C,D
50560,197.5,1319246888,D,C
50560,197.5,2218252661,C,D
50560,197.5,5078485918,D,C
50560,197.5,6102753320,C,D
50560,197.5,9067422713,D,C
50560,197.5,10066401422,C,D
50624,197.75,1319246888,D,C
50624,197.75,2218252661,C,D
50624,197.75,5102113399,D,C
50624,197.75,6102753320,C,D
50624,197.75,9067422713,D,C
50624,197.75,10066401422,C,D
50688,198.0,1319246888,D,C
50688,198.0,2218252661,C,D
50688,198.0,5102113399,D,C
50688,198.0,6102753320,C,D
50688,198.0,9067422713,D,C
50688,198.0,10066401422,C,D
50752,198.25,1319246888,D,C
50752,198.25,2218252661,C,D
50752,198.25,5102113399,D,C
50752,198.25,6102753320,C,D
50752,198.25,9067422713,D,C
50752,198.25,10066401422,C,D
50816,198.5,1319246888,D,C
50816,198.5,2218252661,C,D
50816,198.5,5102113399,D,C
50816,198.5,6102753320,C,D
50816,198.5,9067422713,D,C
50816,198.5,10066401422,C,D
50880,198.75,1344031560,D,C
50880,198.75,2218252661,C,D
50880,198.75,5102113399,D,C
50880,198.75,6102753320,C,D
50880,198.75,9067422713,D,C
50880,198.75,10066401422,C,D
50944,199.0,1344031560,D,C
50944,199.0,2218252661,C,D
50944,199.0,5102113399,D,C
50944,199.0,6102753320,C,D
50944,199.0,9067422713,D,C
50944,199.0,10066401422,C,D
51008,199.25,1344031560,D,C
51008,199.25,2218252661,C,D
51008,199.25,5102113399,D,C
51008,199.25,6102753320,C,D
51008,199.25,9067422713,D,C
51008,199.25,10088711556,C,D
51072,199.5,1344031560,D,C
51072,199.5,2218252661,C,D
51072,199.5,5102113399,D,C
51072,199.5,6102753320,C,D
51072,199.5,9067422713,D,C
51072,199.5,10088711556,C,D
51136,199.75,1344031560,D,C
51136,199.75,2218252661,C,D
51136,199.75,5102113399,D,C
51136,199.75,6102753320,C,D
51136,199.75,9067422713,D,C
51136,199.75,10088711556,C,D
51200,200.0,1344031560,D,C
51200,200.0,2241372750,C,D
51200,200.0,5125433496,D,C
51200,200.0,6102753320,C,D
51200,200.0,9067422713,D,C
51200,200.0,10088711556,C,D
51264,200.25,1344031560,D,C
51264,200.25,2241372750,C,D
51264,200.25,5125433496,D,C
51264,200.25,6124790830,C,D
51264,200.25,9067422713,D,C
51264,200.25,10088711556,C,D
51328,200.5,1344031560,D,C
51328,200.5,2241372750,C,D
51328,200.5,5125433496,D,C
51328,200.5,6124790830,C,D
51328,200.5,9067422713,D,C
51328,200.5,10088711556,C,D
51392,200.75,1344031560,D,C
51392,200.75,2241372750,C,D
51392,200.75,5125433496,D,C
51392,200.75,6124790830,C,D
51392,200.75,9067422713,D,C
51392,200.75,10111001090,C,D
51456,201.0,1344031560,D,C
51456,201.0,2241372750,C,D
51456,201.0,5125433496,D,C
51456,201.0,6124790830,C,D
51456,201.0,9067422713,D,C
51456,201.0,10111001090,C,D
51520,201.25,1344031560,D,C
51520,201.25,2241372750,C,D
51520,201.25,5125433496,D,C
51520,201.25,6124790830,C,D
51520,201.25,9067422713,D,C
51520,201.25,10111001090,C,D
51584,201.5,1344031560,D,C
51584,201.5,2241372750,C,D
51584,201.5,5125433496,D,C
51584,201.5,6124790830,C,D
51584,201.5,9067422713,D,C
51584,201.5,10111001090,C,D
51648,201.75,1344031560,D,C
51648,201.75,2241372750,C,D
51648,201.75,5125433496,D,C
51648,201.75,6124790830,C,D
51648,201.75,9089742043,D,C
51648,201.75,10111001090,C,D
51712,202.0,1344031560,D,C
51712,202.0,2241372750,C,D
51712,202.0,5125433496,D,C
51712,202.0,6124790830,C,D
51712,202.0,9089742043,D,C
51712,202.0,10111001090,C,D
51776,202.25,1344031560,D,C
51776,202.25,2241372750,C,D
51776,202.25,5125433496,D,C
51776,202.25,6124790830,C,D
51776,202.25,9089742043,D,C
51776,202.25,10111001090,C,D
51840,202.5,1344031560,D,C
51840,202.5,2241372750,C,D
51840,202.5,5125433496,D,C
51840,202.5,6124790830,C,D
51840,202.5,9089742043,D,C
51840,202.5,10111001090,C,D
51904,202.75,1344031560,D,C
51904,202.75,2241372750,C,D
51904,202.75,5125433496,D,C
51904,202.75,6146783308,C,D
51904,202.75,9089742043,D,C
51904,202.75,10111001090,C,D
51968,203.0,1344031560,D,C
51968,203.0,2241372750,C,D
51968,203.0,5125433496,D,C
51968,203.0,6146783308,C,D
51968,203.0,9112041513,D,C
51968,203.0,10111001090,C,D
52032,203.25,1344031560,D,C
52032,203.25,2241372750,C,D
52032,203.25,5125433496,D,C
52032,203.25,6146783308,C,D
52032,203.25,9112041513,D,C
52032,203.25,10111001090,C,D
52096,203.5,1344031560,D,C
52096,203.5,2241372750,C,D
52096,203.5,5125433496,D,C
52096,203.5,6146783308,C,D
52096,203.5,9112041513,D,C
52096,203.5,10111001090,C,D
52160,203.75,1344031560,D,C
52160,203.75,2241372750,C,D
52160,203.75,5147931542,D,C
52160,203.75,6146783308,C,D
52160,203.75,9112041513,D,C
52160,203.75,10111001090,C,D
52224,204.0,1344031560,D,C
52224,204.0,2241372750,C,D
52224,204.0,5147931542,D,C
52224,204.0,6146783308,C,D
52224,204.0,9112041513,D,C
52224,204.0,10111001090,C,D
52288,204.25,1344031560,D,C
52288,204.25,2241372750,C,D
52288,204.25,5147931542,D,C
52288,204.25,6146783308,C,D
52288,204.25,9112041513,D,C
52288,204.25,10111001090,C,D
52352,204.5,1344031560,D,C
52352,204.5,2241372750,C,D
52352,204.5,5147931542,D,C
52352,204.5,6146783308,C,D
52352,204.5,9112041513,D,C
52352,204.5,10111001090,C,D
52416,204.75,1344031560,D,C
52416,204.75,2241372750,C,D
52416,204.75,5147931542,D,C
52416,204.75,6146783308,C,D
52416,204.75,9112041513,D,C
52416,204.75,10111001090,C,D
52480,205.0,1344031560,D,C
52480,205.0,2241372750,C,D
52480,205.0,5147931542,D,C
52480,205.0,6146783308,C,D
52480,205.0,9112041513,D,C
52480,205.0,10111001090,C,D
52544,205.25,2241372750,C,D
52544,205.25,5147931542,D,C
52544,205.25,6146783308,C,D
52544,205.25,9112041513,D,C
52544,205.25,10133413225,C,D
52608,205.5,1365949671,D,C
52608,205.5,2241372750,C,D
52608,205.5,5147931542,D,C
52608,205.5,6146783308,C,D
52608,205.5,9112041513,D,C
52608,205.5,10133413225,C,D
52672,205.75,1365949671,D,C
52672,205.75,2241372750,C,D
52672,205.75,5147931542,D,C
52672,205.75,6146783308,C,D
52672,205.75,9112041513,D,C
52672,205.75,10133413225,C,D
52736,206.0,1365949671,D,C
52736,206.0,2241372750,C,D
52736,206.0,5147931542,D,C
52736,206.0,6146783308,C,D
52736,206.0,9112041513,D,C
52736,206.0,10133413225,C,D
52800,206.25,1365949671,D,C
52800,206.25,2241372750,C,D
52800,206.25,5147931542,D,C
52800,206.25,6146783308,C,D
52800,206.25,9112041513,D,C
52800,206.25,10133413225,C,D
52864,206.5,1365949671,D,C
52864,206.5,2241372750,C,D
52864,206.5,5147931542,D,C
52864,206.5,6146783308,C,D
52864,206.5,9134217989,D,C
52864,206.5,10133413225,C,D
52928,206.75,1389113030,D,C
52928,206.75,2241372750,C,D
52928,206.75,5147931542,D,C
52928,206.75,6146783308,C,D
52928,206.75,9134217989,D,C
52928,206.75,10133413225,C,D
52992,207.0,1389113030,D,C
52992,207.0,2241372750,C,D
52992,207.0,5147931542,D,C
52992,207.0,6146783308,C,D
52992,207.0,9134217989,D,C
52992,207.0,10133413225,C,D
53056,207.25,1389113030,D,C
53056,207.25,2241372750,C,D
53056,207.25,5147931542,D,C
53056,207.25,6168824835,C,D
53056,207.25,9134217989,D,C
53056,207.25,10133413225,C,D
53120,207.5,1389113030,D,C
53120,207.5,2241372750,C,D
53120,207.5,5147931542,D,C
53120,207.5,6168824835,C,D
53120,207.5,9134217989,D,C
53120,207.5,10133413225,C,D
53184,207.75,1389113030,D,C
53184,207.75,2241372750,C,D
53184,207.75,5147931542,D,C
53184,207.75,6168824835,C,D
53184,207.75,9134217989,D,C
53184,207.75,10133413225,C,D
53248,208.0,1389113030,D,C
53248,208.0,2241372750,C,D
53248,208.0,5147931542,D,C
53248,208.0,6168824835,C,D
53248,208.0,9134217989,D,C
53248,208.0,10133413225,C,D
53312,208.25,1389113030,D,C
53312,208.25,2241372750,C,D
53312,208.25,5170114020,D,C
53312,208.25,6168824835,C,D
53312,208.25,9134217989,D,C
53312,208.25,10133413225,C,D
53376,208.5,1389113030,D,C
53376,208.5,2241372750,C,D
53376,208.5,5170114020,D,C
53376,208.5,6168824835,C,D
53376,208.5,9156536276,D,C
53376,208.5,10133413225,C,D
53440,208.75,1411102808,D,C
53440,208.75,2264693822,C,D
53440,208.75,5170114020,D,C
53440,208.75,6168824835,C,D
53440,208.75,9156536276,D,C
53440,208.75,10155825837,C,D
53504,209.0,1411102808,D,C
53504,209.0,2264693822,C,D
53504,209.0,5170114020,D,C
53504,209.0,6168824835,C,D
53504,209.0,9156536276,D,C
53504,209.0,10155825837,C,D
53568,209.25,1411102808,D,C
53568,209.25,2264693822,C,D
53568,209.25,5170114020,D,C
53568,209.25,6168824835,C,D
53568,209.25,9156536276,D,C
53568,209.25,10155825837,C,D
53632,209.5,1411102808,D,C
53632,209.5,2264693822,C,D
53632,209.5,5170114020,D,C
53632,209.5,6168824835,C,D
53632,209.5,9156536276,D,C
53632,209.5,10155825837,C,D
53696,209.75,1411102808,D,C
53696,209.75,2264693822,C,D
53696,209.75,5170114020,D,C
53696,209.75,6191030649,C,D
53696,209.75,9156536276,D,C
53696,209.75,10155825837,C,D
53760,210.0,1411102808,D,C
53760,210.0,2264693822,C,D
53760,210.0,5170114020,D,C
53760,210.0,6191030649,C,D
53760,210.0,9156536276,D,C
53760,210.0,10155825837,C,D
53824,210.25,1411102808,D,C
53824,210.25,2264693822,C,D
53824,210.25,5170114020,D,C
53824,210.25,6191030649,C,D
53824,210.25,9156536276,D,C
53824,210.25,10155825837,C,D
53888,210.5,1433190320,D,C
53888,210.5,2264693822,C,D
53888,210.5,5192146260,D,C
53888,210.5,6191030649,C,D
53888,210.5,9156536276,D,C
53888,210.5,10155825837,C,D
53952,210.75,1433190320,D,C
53952,210.75,2264693822,C,D
53952,210.75,5192146260,D,C
53952,210.75,6191030649,C,D
53952,210.75,9156536276,D,C
53952,210.75,10178059122,C,D
54016,211.0,1433190320,D,C
54016,211.0,2264693822,C,D
54016,211.0,5192146260,D,C
54016,211.0,6191030649,C,D
54016,211.0,9156536276,D,C
54016,211.0,10178059122,C,D
54080,211.25,1433190320,D,C
54080,211.25,2264693822,C,D
54080,211.25,5192146260,D,C
54080,211.25,6191030649,C,D
54080,211.25,9156536276,D,C
54080,211.25,10178059122,C,D
54144,211.5,1433190320,D,C
54144,211.5,2264693822,C,D
54144,211.5,5192146260,D,C
54144,211.5,6191030649,C,D
54144,211.5,9156536276,D,C
54144,211.5,10178059122,C,D
54208,211.75,1433190320,D,C
54208,211.75,2264693822,C,D
54208,211.75,5192146260,D,C
54208,211.75,6191030649,C,D
54208,211.75,9156536276,D,C
54208,211.75,10178059122,C,D
54272,212.0,1433190320,D,C
54272,212.0,2264693822,C,D
54272,212.0,5192146260,D,C
54272,212.0,6191030649,C,D
54272,212.0,9156536276,D,C
54272,212.0,10178059122,C,D
54336,212.25,1433190320,D,C
54336,212.25,2264693822,C,D
54336,212.25,5192146260,D,C
54336,212.25,6191030649,C,D
54336,212.25,9156536276,D,C
54336,212.25,10178059122,C,D
54400,212.5,1455099935,D,C
54400,212.5,2286643188,C,D
54400,212.5,5192146260,D,C
54400,212.5,6191030649,C,D
54400,212.5,9156536276,D,C
54400,212.5,10178059122,C,D
54464,212.75,1455099935,D,C
54464,212.75,2286643188,C,D
54464,212.75,5192146260,D,C
54464,212.75,6191030649,C,D
54464,212.75,9179014529,D,C
54464,212.75,10178059122,C,D
54528,213.0,1455099935,D,C
54528,213.0,2286643188,C,D
54528,213.0,5192146260,D,C
54528,213.0,6191030649,C,D
54528,213.0,9179014529,D,C
54528,213.0,10178059122,C,D
54592,213.25,1455099935,D,C
54592,213.25,2286643188,C,D
54592,213.25,5214272511,D,C
54592,213.25,6191030649,C,D
54592,213.25,9179014529,D,C
54592,213.25,10178059122,C,D
54656,213.5,1455099935,D,C
54656,213.5,2286643188,C,D
54656,213.5,5214272511,D,C
54656,213.5,6191030649,C,D
54656,213.5,9179014529,D,C
54656,213.5,10178059122,C,D
54720,213.75,1455099935,D,C
54720,213.75,2286643188,C,D
54720,213.75,5214272511,D,C
54720,213.75,6213103069,C,D
54720,213.75,9179014529,D,C
54720,213.75,10178059122,C,D
54784,214.0,1455099935,D,C
54784,214.0,2286643188,C,D
54784,214.0,5214272511,D,C
54784,214.0,6213103069,C,D
54784,214.0,9179014529,D,C
54784,214.0,10178059122,C,D
54848,214.25,1455099935,D,C
54848,214.25,2286643188,C,D
54848,214.25,5214272511,D,C
54848,214.25,6213103069,C,D
54848,214.25,9179014529,D,C
54848,214.25,10178059122,C,D
54912,214.5,1455099935,D,C
54912,214.5,2286643188,C,D
54912,214.5,5214272511,D,C
54912,214.5,6213103069,C,D
54912,214.5,9179014529,D,C
54912,214.5,10178059122,C,D
54976,214.75,1455099935,D,C
54976,214.75,2286643188,C,D
54976,214.75,5214272511,D,C
54976,214.75,6213103069,C,D
54976,214.75,9179014529,D,C
54976,214.75,10178059122,C,D
55040,215.0,1455099935,D,C
55040,215.0,2286643188,C,D
55040,215.0,5214272511,D,C
55040,215.0,6213103069,C,D
55040,215.0,9201414866,D,C
55040,215.0,10178059122,C,D
55104,215.25,1455099935,D,C
55104,215.25,2286643188,C,D
55104,215.25,5214272511,D,C
55104,215.25,6213103069,C,D
55104,215.25,9201414866,D,C
55104,215.25,10178059122,C,D
55168,215.5,1455099935,D,C
55168,215.5,2286643188,C,D
55168,215.5,5214272511,D,C
55168,215.5,6213103069,C,D
55168,215.5,9201414866,D,C
55168,215.5,10178059122,C,D
55232,215.75,1455099935,D,C
55232,215.75,2286643188,C,D
55232,215.75,5214272511,D,C
55232,215.75,6213103069,C,D
55232,215.75,9201414866,D,C
55232,215.75,10200898003,C,D
55296,216.0,1455099935,D,C
55296,216.0,2286643188,C,D
55296,216.0,5236311390,D,C
55296,216.0,6213103069,C,D
55296,216.0,9201414866,D,C
55296,216.0,10200898003,C,D
55360,216.25,1455099935,D,C
55360,216.25,2286643188,C,D
55360,216.25,5236311390,D,C
55360,216.25,6213103069,C,D
55360,216.25,9201414866,D,C
55360,216.25,10200898003,C,D
55424,216.5,1455099935,D,C
55424,216.5,2286643188,C,D
55424,216.5,5236311390,D,C
55424,216.5,6213103069,C,D
55424,216.5,9201414866,D,C
55424,216.5,10200898003,C,D
55488,216.75,1478327207,D,C
55488,216.75,2286643188,C,D
55488,216.75,5236311390,D,C
55488,216.75,6235344910,C,D
55488,216.75,9201414866,D,C
55488,216.75,10200898003,C,D
55552,217.0,1478327207,D,C
55552,217.0,2286643188,C,D
55552,217.0,5236311390,D,C
55552,217.0,6235344910,C,D
55552,217.0,9201414866,D,C
55552,217.0,10200898003,C,D
55616,217.25,1478327207,D,C
55616,217.25,2286643188,C,D
55616,217.25,5236311390,D,C
55616,217.25,6235344910,C,D
55616,217.25,9201414866,D,C
55616,217.25,10200898003,C,D
55680,217.5,1478327207,D,C
55680,217.5,2286643188,C,D
55680,217.5,5236311390,D,C
55680,217.5,6235344910,C,D
55680,217.5,9201414866,D,C
55680,217.5,10200898003,C,D
55744,217.75,1478327207,D,C
55744,217.75,2286643188,C,D
55744,217.75,5236311390,D,C
55744,217.75,6235344910,C,D
55744,217.75,9201414866,D,C
55744,217.75,10200898003,C,D
55808,218.0,1478327207,D,C
55808,218.0,2286643188,C,D
55808,218.0,5236311390,D,C
55808,218.0,6235344910,C,D
55808,218.0,9201414866,D,C
55808,218.0,10200898003,C,D
55872,218.25,1478327207,D,C
55872,218.25,2286643188,C,D
55872,218.25,5258487820,D,C
55872,218.25,6235344910,C,D
55872,218.25,9201414866,D,C
55872,218.25,10223101600,C,D
55936,218.5,1478327207,D,C
55936,218.5,2286643188,C,D
55936,218.5,5258487820,D,C
55936,218.5,6235344910,C,D
55936,218.5,9201414866,D,C
55936,218.5,10223101600,C,D
56000,218.75,1478327207,D,C
56000,218.75,2286643188,C,D
56000,218.75,5258487820,D,C
56000,218.75,6235344910,C,D
56000,218.75,9201414866,D,C
56000,218.75,10223101600,C,D
56064,219.0,1478327207,D,C
56064,219.0,2286643188,C,D
56064,219.0,5258487820,D,C
56064,219.0,6235344910,C,D
56064,219.0,9201414866,D,C
56064,219.0,10223101600,C,D
56128,219.25,1478327207,D,C
56128,219.25,2286643188,C,D
56128,219.25,5258487820,D,C
56128,219.25,6235344910,C,D
56128,219.25,9201414866,D,C
56128,219.25,10223101600,C,D
56192,219.5,1478327207,D,C
56192,219.5,2286643188,C,D
56192,219.5,5258487820,D,C
56192,219.5,6235344910,C,D
56192,219.5,9223650739,D,C
56192,219.5,10223101600,C,D
56256,219.75,1478327207,D,C
56256,219.75,2308517572,C,D
56256,219.75,5258487820,D,C
56256,219.75,6235344910,C,D
56256,219.75,9223650739,D,C
56256,219.75,10223101600,C,D
56320,220.0,1478327207,D,C
56320,220.0,2308517572,C,D
56320,220.0,5258487820,D,C
56320,220.0,6235344910,C,D
56320,220.0,9223650739,D,C
56320,220.0,10223101600,C,D
56384,220.25,1478327207,D,C
56384,220.25,2308517572,C,D
56384,220.25,5258487820,D,C
56384,220.25,6235344910,C,D
56384,220.25,9223650739,D,C
56384,220.25,10223101600,C,D
56448,220.5,1478327207,D,C
56448,220.5,2308517572,C,D
56448,220.5,5258487820,D,C
56448,220.5,6235344910,C,D
56448,220.5,9223650739,D,C
56448,220.5,10223101600,C,D
56512,220.75,1523016960,D,C
56512,220.75,2308517572,C,D
56512,220.75,5258487820,D,C
56512,220.75,6235344910,C,D
56512,220.75,9223650739,D,C
56512,220.75,10223101600,C,D
56576,221.0,1523016960,D,C
56576,221.0,2308517572,C,D
56576,221.0,5258487820,D,C
56576,221.0,6257547395,C,D
56576,221.0,9246193663,D,C
56576,221.0,10223101600,C,D
56640,221.25,1523016960,D,C
56640,221.25,2308517572,C,D
56640,221.25,5258487820,D,C
56640,221.25,6257547395,C,D
56640,221.25,9246193663,D,C
56640,221.25,10223101600,C,D
56704,221.5,1523016960,D,C
56704,221.5,2308517572,C,D
56704,221.5,5258487820,D,C
56704,221.5,6257547395,C,D
56704,221.5,9246193663,D,C
56704,221.5,10245393462,C,D
56768,221.75,1523016960,D,C
56768,221.75,2308517572,C,D
56768,221.75,5258487820,D,C
56768,221.75,6257547395,C,D
56768,221.75,9246193663,D,C
56768,221.75,10245393462,C,D
56832,222.0,1523016960,D,C
56832,222.0,2308517572,C,D
56832,222.0,5258487820,D,C
56832,222.0,6257547395,C,D
56832,222.0,9246193663,D,C
56832,222.0,10245393462,C,D
56896,222.25,1523016960,D,C
56896,222.25,2308517572,C,D
56896,222.25,5258487820,D,C
56896,222.25,6257547395,C,D
56896,222.25,9246193663,D,C
56896,222.25,10245393462,C,D
56960,222.5,1523016960,D,C
56960,222.5,2308517572,C,D
56960,222.5,5258487820,D,C
56960,222.5,6257547395,C,D
56960,222.5,9246193663,D,C
56960,222.5,10245393462,C,D
57024,222.75,1523016960,D,C
57024,222.75,2308517572,C,D
57024,222.75,5258487820,D,C
57024,222.75,6257547395,C,D
57024,222.75,9268611421,D,C
57024,222.75,10245393462,C,D
57088,223.0,1523016960,D,C
57088,223.0,2308517572,C,D
57088,223.0,5258487820,D,C
57088,223.0,6279942714,C,D
57088,223.0,9268611421,D,C
57088,223.0,10245393462,C,D
57152,223.25,1523016960,D,C
57152,223.25,2308517572,C,D
57152,223.25,5280464295,D,C
57152,223.25,6279942714,C,D
57152,223.25,9268611421,D,C
57152,223.25,10245393462,C,D
57216,223.5,1523016960,D,C
57216,223.5,2308517572,C,D
57216,223.5,5280464295,D,C
57216,223.5,6279942714,C,D
57216,223.5,9268611421,D,C
57216,223.5,10245393462,C,D
57280,223.75,1523016960,D,C
57280,223.75,2308517572,C,D
57280,223.75,5280464295,D,C
57280,223.75,6279942714,C,D
57280,223.75,9268611421,D,C
57280,223.75,10245393462,C,D
57344,224.0,1523016960,D,C
57344,224.0,2308517572,C,D
57344,224.0,5280464295,D,C
57344,224.0,6279942714,C,D
57344,224.0,9268611421,D,C
57344,224.0,10268173559,C,D
57408,224.25,1523016960,D,C
57408,224.25,2308517572,C,D
57408,224.25,5280464295,D,C
57408,224.25,6279942714,C,D
57408,224.25,9268611421,D,C
57408,224.25,10268173559,C,D
57472,224.5,1523016960,D,C
57472,224.5,2308517572,C,D
57472,224.5,5280464295,D,C
57472,224.5,6279942714,C,D
57472,224.5,9268611421,D,C
57472,224.5,10268173559,C,D
57536,224.75,1523016960,D,C
57536,224.75,2308517572,C,D
57536,224.75,5280464295,D,C
57536,224.75,6279942714,C,D
57536,224.75,9290932391,D,C
57536,224.75,10268173559,C,D
57600,225.0,1523016960,D,C
57600,225.0,2308517572,C,D
57600,225.0,5302438515,D,C
57600,225.0,6279942714,C,D
57600,225.0,9290932391,D,C
57600,225.0,10268173559,C,D
57664,225.25,1523016960,D,C
57664,225.25,2331772406,C,D
57664,225.25,5302438515,D,C
57664,225.25,6279942714,C,D
57664,225.25,9290932391,D,C
57664,225.25,10268173559,C,D
57728,225.5,1523016960,D,C
57728,225.5,2331772406,C,D
57728,225.5,5302438515,D,C
57728,225.5,6279942714,C,D
57728,225.5,9290932391,D,C
57728,225.5,10268173559,C,D
57792,225.75,1523016960,D,C
57792,225.75,2331772406,C,D
57792,225.75,5302438515,D,C
57792,225.75,6279942714,C,D
57792,225.75,9290932391,D,C
57792,225.75,10268173559,C,D
57856,226.0,1523016960,D,C
57856,226.0,2331772406,C,D
57856,226.0,5302438515,D,C
57856,226.0,6279942714,C,D
57856,226.0,9290932391,D,C
57856,226.0,10268173559,C,D
57920,226.25,1523016960,D,C
57920,226.25,2331772406,C,D
57920,226.25,5302438515,D,C
57920,226.25,6279942714,C,D
57920,226.25,9290932391,D,C
57920,226.25,10268173559,C,D
57984,226.5,1523016960,D,C
57984,226.5,2331772406,C,D
57984,226.5,5302438515,D,C
57984,226.5,6302120411,C,D
57984,226.5,9290932391,D,C
57984,226.5,10268173559,C,D
58048,226.75,1523016960,D,C
58048,226.75,2331772406,C,D
58048,226.75,5302438515,D,C
58048,226.75,6302120411,C,D
58048,226.75,9290932391,D,C
58048,226.75,10268173559,C,D
58112,227.0,1523016960,D,C
58112,227.0,2331772406,C,D
58112,227.0,5302438515,D,C
58112,227.0,6302120411,C,D
58112,227.0,9290932391,D,C
58112,227.0,10268173559,C,D
58176,227.25,1523016960,D,C
58176,227.25,2331772406,C,D
58176,227.25,5302438515,D,C
58176,227.25,6302120411,C,D
58176,227.25,9290932391,D,C
58176,227.25,10268173559,C,D
58240,227.5,1523016960,D,C
58240,227.5,2331772406,C,D
58240,227.5,5302438515,D,C
58240,227.5,6302120411,C,D
58240,227.5,9290932391,D,C
58240,227.5,10290435445,C,D
58304,227.75,1545057496,D,C
58304,227.75,2331772406,C,D
58304,227.75,5302438515,D,C
58304,227.75,6302120411,C,D
58304,227.75,9313346536,D,C
58304,227.75,10290435445,C,D
58368,228.0,1545057496,D,C
58368,228.0,2331772406,C,D
58368,228.0,5302438515,D,C
58368,228.0,6302120411,C,D
58368,228.0,9313346536,D,C
58368,228.0,10290435445,C,D
58432,228.25,1545057496,D,C
58432,228.25,2353609248,C,D
58432,228.25,5302438515,D,C
58432,228.25,6302120411,C,D
58432,228.25,9313346536,D,C
58432,228.25,10290435445,C,D
58496,228.5,1545057496,D,C
58496,228.5,2353609248,C,D
58496,228.5,5302438515,D,C
58496,228.5,6302120411,C,D
58496,228.5,9313346536,D,C
58496,228.5,10290435445,C,D
58560,228.75,1545057496,D,C
58560,228.75,2353609248,C,D
58560,228.75,5324584276,D,C
58560,228.75,6302120411,C,D
58560,228.75,9313346536,D,C
58560,228.75,10290435445,C,D
58624,229.0,1545057496,D,C
58624,229.0,2353609248,C,D
58624,229.0,5324584276,D,C
58624,229.0,6302120411,C,D
58624,229.0,9313346536,D,C
58624,229.0,10290435445,C,D
58688,229.25,1545057496,D,C
58688,229.25,2353609248,C,D
58688,229.25,5324584276,D,C
58688,229.25,6302120411,C,D
58688,229.25,9313346536,D,C
58688,229.25,10290435445,C,D
58752,229.5,1545057496,D,C
58752,229.5,2353609248,C,D
58752,229.5,5324584276,D,C
58752,229.5,6302120411,C,D
58752,229.5,9313346536,D,C
58752,229.5,10290435445,C,D
58816,229.75,1545057496,D,C
58816,229.75,2353609248,C,D
58816,229.75,5324584276,D,C
58816,229.75,6325348159,C,D
58816,229.75,9313346536,D,C
58816,229.75,10290435445,C,D
58880,230.0,1545057496,D,C
58880,230.0,2353609248,C,D
58880,230.0,5324584276,D,C
58880,230.0,6325348159,C,D
58880,230.0,9313346536,D,C
58880,230.0,10290435445,C,D
58944,230.25,1567030071,D,C
58944,230.25,2353609248,C,D
58944,230.25,5346667906,D,C
58944,230.25,6325348159,C,D
58944,230.25,9313346536,D,C
58944,230.25,10290435445,C,D
59008,230.5,1567030071,D,C
59008,230.5,2353609248,C,D
59008,230.5,5346667906,D,C
59008,230.5,6325348159,C,D
59008,230.5,9313346536,D,C
59008,230.5,10290435445,C,D
59072,230.75,1567030071,D,C
59072,230.75,2353609248,C,D
59072,230.75,5346667906,D,C
59072,230.75,6325348159,C,D
59072,230.75,9313346536,D,C
59072,230.75,10290435445,C,D
59136,231.0,1567030071,D,C
59136,231.0,2353609248,C,D
59136,231.0,5346667906,D,C
59136,231.0,6325348159,C,D
59136,231.0,9313346536,D,C
59136,231.0,10290435445,C,D
59200,231.25,1567030071,D,C
59200,231.25,2353609248,C,D
59200,231.25,5346667906,D,C
59200,231.25,6325348159,C,D
59200,231.25,9313346536,D,C
59200,231.25,10312935112,C,D
59264,231.5,1567030071,D,C
59264,231.5,2353609248,C,D
59264,231.5,5346667906,D,C
59264,231.5,6325348159,C,D
59264,231.5,9313346536,D,C
59264,231.5,10312935112,C,D
59328,231.75,1567030071,D,C
59328,231.75,2353609248,C,D
59328,231.75,5346667906,D,C
59328,231.75,6325348159,C,D
59328,231.75,9313346536,D,C
59328,231.75,10312935112,C,D
59392,232.0,1567030071,D,C
59392,232.0,2353609248,C,D
59392,232.0,5346667906,D,C
59392,232.0,6347454607,C,D
59392,232.0,9313346536,D,C
59392,232.0,10312935112,C,D
59456,232.25,1567030071,D,C
59456,232.25,2353609248,C,D
59456,232.25,5346667906,D,C
59456,232.25,6347454607,C,D
59456,232.25,9335602690,D,C
59456,232.25,10312935112,C,D
59520,232.5,1567030071,D,C
59520,232.5,2353609248,C,D
59520,232.5,5346667906,D,C
59520,232.5,6347454607,C,D
59520,232.5,9335602690,D,C
59520,232.5,10312935112,C,D
59584,232.75,1567030071,D,C
59584,232.75,2353609248,C,D
59584,232.75,5346667906,D,C
59584,232.75,6347454607,C,D
59584,232.75,9335602690,D,C
59584,232.75,10312935112,C,D
59648,233.0,1567030071,D,C
59648,233.0,2353609248,C,D
59648,233.0,5346667906,D,C
59648,233.0,6347454607,C,D
59648,233.0,9335602690,D,C
59648,233.0,10312935112,C,S
59648,233.0,10335154436,S,D
59712,233.25,1567030071,D,C
59712,233.25,2353609248,C,D
59712,233.25,5346667906,D,C
59712,233.25,6347454607,C,D
59712,233.25,9335602690,D,C
59712,233.25,10312935112,C,D
59776,233.5,1567030071,D,C
59776,233.5,2353609248,C,D
59776,233.5,5346667906,D,C
59776,233.5,6347454607,C,D
59776,233.5,9335602690,D,C
59776,233.5,10335154436,C,D
59840,233.75,1588955673,D,C
59840,233.75,2353609248,C,D
59840,233.75,5346667906,D,C
59840,233.75,6347454607,C,D
59840,233.75,9335602690,D,C
59840,233.75,10335154436,C,D
59904,234.0,1588955673,D,C
59904,234.0,2353609248,C,D
59904,234.0,5346667906,D,C
59904,234.0,6347454607,C,D
59904,234.0,9335602690,D,C
59904,234.0,10335154436,C,D
59968,234.25,1588955673,D,C
59968,234.25,2353609248,C,D
59968,234.25,5346667906,D,C
59968,234.25,6347454607,C,D
59968,234.25,9358227850,D,C
59968,234.25,10335154436,C,D
60032,234.5,1588955673,D,C
60032,234.5,2353609248,C,D
60032,234.5,5346667906,D,C
60032,234.5,6347454607,C,D
60032,234.5,9358227850,D,C
60032,234.5,10335154436,C,D
60096,234.75,1588955673,D,C
60096,234.75,2353609248,C,D
60096,234.75,5346667906,D,C
60096,234.75,6369843052,C,D
60096,234.75,9358227850,D,C
60096,234.75,10335154436,C,D
60160,235.0,1588955673,D,C
60160,235.0,2353609248,C,D
60160,235.0,5346667906,D,C
60160,235.0,6369843052,C,D
60160,235.0,9358227850,D,C
60160,235.0,10335154436,C,D
60224,235.25,1610770464,D,C
60224,235.25,2375600098,C,D
60224,235.25,5346667906,D,C
60224,235.25,6369843052,C,D
60224,235.25,9358227850,D,C
60224,235.25,10335154436,C,D
60288,235.5,1610770464,D,C
60288,235.5,2375600098,C,D
60288,235.5,5368791328,D,C
60288,235.5,6369843052,C,D
60288,235.5,9358227850,D,C
60288,235.5,10335154436,C,D
60352,235.75,1610770464,D,C
60352,235.75,2375600098,C,D
60352,235.75,5368791328,D,C
60352,235.75,6369843052,C,D
60352,235.75,9358227850,D,C
60352,235.75,10335154436,C,D
60416,236.0,1610770464,D,C
60416,236.0,2375600098,C,D
60416,236.0,5368791328,D,C
60416,236.0,6369843052,C,D
60416,236.0,9358227850,D,C
60416,236.0,10335154436,C,D
60480,236.25,1610770464,D,C
60480,236.25,2375600098,C,D
60480,236.25,5368791328,D,C
60480,236.25,6369843052,C,D
60480,236.25,9358227850,D,C
60480,236.25,10335154436,C,D
60544,236.5,1610770464,D,C
60544,236.5,2375600098,C,D
60544,236.5,5368791328,D,C
60544,236.5,6369843052,C,D
60544,236.5,9358227850,D,C
60544,236.5,10335154436,C,D
60608,236.75,1610770464,D,C
60608,236.75,2375600098,C,D
60608,236.75,5390849557,D,C
60608,236.75,6369843052,C,D
60608,236.75,9358227850,D,C
60608,236.75,10335154436,C,D
60672,237.0,1610770464,D,C
60672,237.0,2375600098,C,D
60672,237.0,5390849557,D,C
60672,237.0,6369843052,C,D
60672,237.0,9358227850,D,C
60672,237.0,10335154436,C,D
60736,237.25,1610770464,D,C
60736,237.25,2375600098,C,D
60736,237.25,5479656306,D,C
60736,237.25,6391915692,C,D
60736,237.25,9358227850,D,C
60736,237.25,10357691132,C,D
60800,237.5,1610770464,D,C
60800,237.5,2397432864,C,D
60800,237.5,5479656306,D,C
60800,237.5,6391915692,C,D
60800,237.5,9358227850,D,C
60800,237.5,10357691132,C,D
60864,237.75,1610770464,D,C
60864,237.75,2397432864,C,D
60864,237.75,5479656306,D,C
60864,237.75,6391915692,C,D
60864,237.75,9358227850,D,C
60864,237.75,10357691132,C,D
60928,238.0,1610770464,D,C
60928,238.0,2397432864,C,D
60928,238.0,5479656306,D,C
60928,238.0,6391915692,C,D
60928,238.0,9358227850,D,C
60928,238.0,10357691132,C,D
60992,238.25,1610770464,D,C
60992,238.25,2397432864,C,D
60992,238.25,5479656306,D,C
60992,238.25,6391915692,C,D
60992,238.25,9380683062,D,C
60992,238.25,10357691132,C,D
61056,238.5,1610770464,D,C
61056,238.5,2397432864,C,D
61056,238.5,5479656306,D,C
61056,238.5,6391915692,C,D
61056,238.5,9380683062,D,C
61056,238.5,10357691132,C,D
61120,238.75,1743511421,D,C
61120,238.75,2397432864,C,D
61120,238.75,5479656306,D,C
61120,238.75,6391915692,C,D
61120,238.75,9380683062,D,C
61120,238.75,10357691132,C,D
61184,239.0,1743511421,D,C
61184,239.0,2397432864,C,D
61184,239.0,5479656306,D,C
61184,239.0,6391915692,C,D
61184,239.0,9380683062,D,C
61184,239.0,10357691132,C,D
61248,239.25,1743511421,D,C
61248,239.25,2397432864,C,D
61248,239.25,5479656306,D,C
61248,239.25,6391915692,C,D
61248,239.25,9380683062,D,C
61248,239.25,10380040278,C,D
61312,239.5,1743511421,D,C
61312,239.5,2397432864,C,D
61312,239.5,5501682465,D,C
61312,239.5,6391915692,C,D
61312,239.5,9380683062,D,C
61312,239.5,10380040278,C,D
61376,239.75,1743511421,D,C
61376,239.75,2397432864,C,D
61376,239.75,5501682465,D,C
61376,239.75,6391915692,C,D
61376,239.75,9380683062,D,C
61376,239.75,10380040278,C,D
61440,240.0,1743511421,D,C
61440,240.0,2397432864,C,D
61440,240.0,5501682465,D,C
61440,240.0,6391915692,C,D
61440,240.0,9380683062,D,C
61440,240.0,10380040278,C,D
61504,240.25,1743511421,D,C
61504,240.25,2419406879,C,D
61504,240.25,5501682465,D,C
61504,240.25,6391915692,C,D
61504,240.25,9380683062,D,C
61504,240.25,10380040278,C,D
61568,240.5,1743511421,D,C
61568,240.5,2419406879,C,D
61568,240.5,5501682465,D,C
61568,240.5,6414399604,C,D
61568,240.5,9380683062,D,C
61568,240.5,10380040278,C,D
61632,240.75,1743511421,D,C
61632,240.75,2419406879,C,D
61632,240.75,5501682465,D,C
61632,240.75,6414399604,C,D
61632,240.75,9380683062,D,C
61632,240.75,10380040278,C,D
61696,241.0,1743511421,D,C
61696,241.0,2419406879,C,D
61696,241.0,5501682465,D,C
61696,241.0,6414399604,C,D
61696,241.0,9380683062,D,C
61696,241.0,10380040278,C,D
61760,241.25,1743511421,D,C
61760,241.25,2441492262,C,D
61760,241.25,5501682465,D,C
61760,241.25,6414399604,C,D
61760,241.25,9406121479,D,C
61760,241.25,10380040278,C,D
61824,241.5,1743511421,D,C
61824,241.5,2441492262,C,D
61824,241.5,5501682465,D,C
61824,241.5,6414399604,C,D
61824,241.5,9406121479,D,C
61824,241.5,10380040278,C,D
61888,241.75,1743511421,D,C
61888,241.75,2441492262,C,D
61888,241.75,5523902172,D,C
61888,241.75,6414399604,C,D
61888,241.75,9406121479,D,C
61888,241.75,10380040278,C,D
61952,242.0,1743511421,D,C
61952,242.0,2441492262,C,D
61952,242.0,5523902172,D,C
61952,242.0,6414399604,C,D
61952,242.0,9406121479,D,C
61952,242.0,10380040278,C,D
62016,242.25,1743511421,D,C
62016,242.25,2441492262,C,D
62016,242.25,5523902172,D,C
62016,242.25,6414399604,C,D
62016,242.25,9406121479,D,C
62016,242.25,10380040278,C,D
62080,242.5,1743511421,D,C
62080,242.5,2441492262,C,D
62080,242.5,5523902172,D,C
62080,242.5,6414399604,C,D
62080,242.5,9406121479,D,C
62080,242.5,10380040278,C,D
62144,242.75,1743511421,D,C
62144,242.75,2441492262,C,D
62144,242.75,5523902172,D,C
62144,242.75,6414399604,C,D
62144,242.75,9406121479,D,C
62144,242.75,10403168482,C,D
62208,243.0,1743511421,D,C
62208,243.0,2441492262,C,D
62208,243.0,5523902172,D,C
62208,243.0,6414399604,C,D
62208,243.0,9406121479,D,C
62208,243.0,10403168482,C,D
62272,243.25,1743511421,D,C
62272,243.25,2441492262,C,D
62272,243.25,5523902172,D,C
62272,243.25,6414399604,C,D
62272,243.25,9406121479,D,C
62272,243.25,10403168482,C,D
62336,243.5,1743511421,D,C
62336,243.5,2441492262,C,D
62336,243.5,5523902172,D,C
62336,243.5,6414399604,C,D
62336,243.5,9406121479,D,C
62336,243.5,10403168482,C,D
62400,243.75,1743511421,D,C
62400,243.75,2441492262,C,D
62400,243.75,5523902172,D,C
62400,243.75,6436769435,C,D
62400,243.75,9406121479,D,C
62400,243.75,10403168482,C,D
62464,244.0,1743511421,D,C
62464,244.0,2441492262,C,D
62464,244.0,5545973237,D,C
62464,244.0,6436769435,C,D
62464,244.0,9406121479,D,C
62464,244.0,10403168482,C,D
62528,244.25,1743511421,D,C
62528,244.25,2441492262,C,D
62528,244.25,5545973237,D,C
62528,244.25,6436769435,C,D
62528,244.25,9406121479,D,C
62528,244.25,10403168482,C,D
62592,244.5,1743511421,D,C
62592,244.5,2441492262,C,D
62592,244.5,5545973237,D,C
62592,244.5,6436769435,C,D
62592,244.5,9406121479,D,S
62592,244.5,9428411670,S,C
62592,244.5,10403168482,C,D
62656,244.75,1743511421,D,C
62656,244.75,2441492262,C,D
62656,244.75,5545973237,D,C
62656,244.75,6436769435,C,D
62656,244.75,9406121479,D,C
62656,244.75,10403168482,C,D
62720,245.0,1743511421,D,C
62720,245.0,2441492262,C,D
62720,245.0,5545973237,D,C
62720,245.0,6436769435,C,D
62720,245.0,9406121479,D,C
62720,245.0,10403168482,C,D
62784,245.25,1743511421,D,C
62784,245.25,2441492262,C,D
62784,245.25,5545973237,D,C
62784,245.25,6436769435,C,D
62784,245.25,9406121479,D,C
62784,245.25,10403168482,C,D
62848,245.5,1743511421,D,C
62848,245.5,2441492262,C,D
62848,245.5,5545973237,D,C
62848,245.5,6436769435,C,D
62848,245.5,9518040896,D,C
62848,245.5,10403168482,C,D
62912,245.75,1765486734,D,C
62912,245.75,2441492262,C,D
62912,245.75,5545973237,D,C
62912,245.75,6436769435,C,D
62912,245.75,9518040896,D,C
62912,245.75,10403168482,C,D
62976,246.0,1765486734,D,C
62976,246.0,2441492262,C,D
62976,246.0,5545973237,D,C
62976,246.0,6436769435,C,D
62976,246.0,9518040896,D,C
62976,246.0,10403168482,C,D
63040,246.25,1765486734,D,C
63040,246.25,2441492262,C,D
63040,246.25,5545973237,D,C
63040,246.25,6436769435,C,D
63040,246.25,9518040896,D,C
63040,246.25,10403168482,C,D
63104,246.5,1765486734,D,C
63104,246.5,2441492262,C,D
63104,246.5,5545973237,D,C
63104,246.5,6436769435,C,D
63104,246.5,9518040896,D,C
63104,246.5,10403168482,C,D
63168,246.75,1765486734,D,C
63168,246.75,2441492262,C,D
63168,246.75,5545973237,D,C
63168,246.75,6436769435,C,D
63168,246.75,9540306516,D,C
63168,246.75,10403168482,C,D
63232,247.0,1765486734,D,C
63232,247.0,2441492262,C,D
63232,247.0,5545973237,D,C
63232,247.0,6436769435,C,D
63232,247.0,9540306516,D,C
63232,247.0,10403168482,C,D
63296,247.25,1765486734,D,C
63296,247.25,2441492262,C,D
63296,247.25,5545973237,D,C
63296,247.25,6436769435,C,D
63296,247.25,9540306516,D,C
63296,247.25,10403168482,C,D
63360,247.5,1765486734,D,C
63360,247.5,2441492262,C,D
63360,247.5,5545973237,D,C
63360,247.5,6459108353,C,D
63360,247.5,9540306516,D,C
63360,247.5,10403168482,C,D
63424,247.75,1765486734,D,C
63424,247.75,2441492262,C,D
63424,247.75,5568540014,D,C
63424,247.75,6459108353,C,D
63424,247.75,9540306516,D,C
63424,247.75,10403168482,C,D
63488,248.0,1765486734,D,C
63488,248.0,2441492262,C,D
63488,248.0,5568540014,D,C
63488,248.0,6459108353,C,D
63488,248.0,9540306516,D,C
63488,248.0,10426329694,C,D
63552,248.25,1765486734,D,C
63552,248.25,2441492262,C,D
63552,248.25,5568540014,D,C
63552,248.25,6459108353,C,D
63552,248.25,9540306516,D,C
63552,248.25,10426329694,C,D
63616,248.5,1765486734,D,C
63616,248.5,2441492262,C,D
63616,248.5,5568540014,D,C
63616,248.5,6459108353,C,D
63616,248.5,9540306516,D,C
63616,248.5,10426329694,C,D
63680,248.75,1765486734,D,C
63680,248.75,2441492262,C,D
63680,248.75,5568540014,D,C
63680,248.75,6459108353,C,D
63680,248.75,9540306516,D,C
63680,248.75,10426329694,C,D
63744,249.0,1787449407,D,C
63744,249.0,2441492262,C,D
63744,249.0,5568540014,D,C
63744,249.0,6459108353,C,D
63744,249.0,9540306516,D,C
63744,249.0,10426329694,C,D
63808,249.25,1787449407,D,C
63808,249.25,2441492262,C,D
63808,249.25,5568540014,D,C
63808,249.25,6459108353,C,D
63808,249.25,9540306516,D,C
63808,249.25,10426329694,C,D
63872,249.5,1787449407,D,C
63872,249.5,2463567282,C,D
63872,249.5,5568540014,D,C
63872,249.5,6459108353,C,D
63872,249.5,9563834794,D,C
63872,249.5,10426329694,C,D
63936,249.75,1787449407,D,C
63936,249.75,2463567282,C,D
63936,249.75,5568540014,D,C
63936,249.75,6459108353,C,D
63936,249.75,9563834794,D,C
63936,249.75,10426329694,C,D
64000,250.0,1787449407,D,C
64000,250.0,2485819806,C,D
64000,250.0,5612445825,D,C
64000,250.0,6459108353,C,D
64000,250.0,9563834794,D,C
64000,250.0,10426329694,C,D
64064,250.25,1787449407,D,C
64064,250.25,2485819806,C,D
64064,250.25,5590458727,D,C
64064,250.25,6481172621,C,D
64064,250.25,9563834794,D,C
64064,250.25,10426329694,C,D
64128,250.5,1787449407,D,C
64128,250.5,2485819806,C,D
64128,250.5,5612445825,D,C
64128,250.5,6481172621,C,D
64128,250.5,9563834794,D,C
64128,250.5,10426329694,C,D
64192,250.75,1787449407,D,C
64192,250.75,2485819806,C,D
64192,250.75,5612445825,D,C
64192,250.75,6481172621,C,D
64192,250.75,9563834794,D,C
64192,250.75,10448531460,C,D
64256,251.0,1787449407,D,C
64256,251.0,2485819806,C,D
64256,251.0,5612445825,D,C
64256,251.0,6481172621,C,D
64256,251.0,9563834794,D,C
64256,251.0,10448531460,C,D
64320,251.25,1809315742,D,C
64320,251.25,2485819806,C,D
64320,251.25,5612445825,D,C
64320,251.25,6481172621,C,D
64320,251.25,9563834794,D,C
64320,251.25,10448531460,C,D
64384,251.5,1809315742,D,C
64384,251.5,2485819806,C,D
64384,251.5,5612445825,D,C
64384,251.5,6481172621,C,D
64384,251.5,9563834794,D,C
64384,251.5,10448531460,C,D
64448,251.75,1809315742,D,C
64448,251.75,2485819806,C,D
64448,251.75,5590458727,D,C
64448,251.75,6481172621,C,D
64448,251.75,9563834794,D,C
64448,251.75,10448531460,C,D
64512,252.0,1809315742,D,C
64512,252.0,2485819806,C,D
64512,252.0,5590458727,D,C
64512,252.0,6481172621,C,D
64512,252.0,9563834794,D,C
64512,252.0,10448531460,C,D
64576,252.25,1809315742,D,C
64576,252.25,2485819806,C,D
64576,252.25,5590458727,D,C
64576,252.25,6481172621,C,D
64576,252.25,9563834794,D,C
64576,252.25,10448531460,C,D
64640,252.5,1809315742,D,C
64640,252.5,2485819806,C,D
64640,252.5,5634548140,D,C
64640,252.5,6481172621,C,D
64640,252.5,9563834794,D,C
64640,252.5,10448531460,C,D
64704,252.75,1809315742,D,C
64704,252.75,2485819806,C,D
64704,252.75,5612445825,D,C
64704,252.75,6481172621,C,D
64704,252.75,9563834794,D,C
64704,252.75,10448531460,C,D
64768,253.0,1809315742,D,C
64768,253.0,2507779361,C,D
64768,253.0,5612445825,D,C
64768,253.0,6481172621,C,D
64768,253.0,9563834794,D,C
64768,253.0,10448531460,C,D
64832,253.25,1809315742,D,C
64832,253.25,2507779361,C,D
64832,253.25,5612445825,D,C
64832,253.25,6481172621,C,D
64832,253.25,9563834794,D,C
64832,253.25,10448531460,C,D
64896,253.5,1809315742,D,C
64896,253.5,2507779361,C,D
64896,253.5,6235344910,D,C
64896,253.5,6481172621,C,D
64896,253.5,9563834794,D,C
64896,253.5,10448531460,C,D
64960,253.75,1809315742,D,C
64960,253.75,2507779361,C,D
64960,253.75,5612445825,D,C
64960,253.75,6481172621,C,D
64960,253.75,9563834794,D,C
64960,253.75,10448531460,C,D
65024,254.0,1809315742,D,C
65024,254.0,2507779361,C,D
65024,254.0,5612445825,D,C
65024,254.0,6481172621,C,D
65024,254.0,9563834794,D,C
65024,254.0,10448531460,C,D
65088,254.25,1809315742,D,C
65088,254.25,2507779361,C,D
65088,254.25,5612445825,D,C
65088,254.25,6481172621,C,D
65088,254.25,9563834794,D,C
65088,254.25,10448531460,C,D
65152,254.5,1809315742,D,C
65152,254.5,2507779361,C,D
65152,254.5,5612445825,D,C
65152,254.5,6481172621,C,D
65152,254.5,9586616569,D,C
65152,254.5,10448531460,C,D
65216,254.75,1809315742,D,C
65216,254.75,2507779361,C,D
65216,254.75,5612445825,D,C
65216,254.75,6503334877,C,D
65216,254.75,9586616569,D,C
65216,254.75,10448531460,C,D
65280,255.0,1809315742,D,C
65280,255.0,2507779361,C,D
65280,255.0,5612445825,D,C
65280,255.0,6503334877,C,D
65280,255.0,9586616569,D,C
65280,255.0,10448531460,C,D
65344,255.25,1809315742,D,C
65344,255.25,2507779361,C,D
65344,255.25,5612445825,D,C
65344,255.25,6503334877,C,D
65344,255.25,9586616569,D,C
65344,255.25,10448531460,C,D
65408,255.5,1809315742,D,C
65408,255.5,2507779361,C,D
65472,255.75,1809315742,D,C
65472,255.75,2507779361,C,D
65472,255.75,5612445825,D,C
65472,255.75,6503334877,C,D
65472,255.75,9586616569,D,C
65472,255.75,10470775687,C,D
65536,256.0,1809315742,D,C
65536,256.0,2618455122,C,D
65536,256.0,5612445825,D,C
65536,256.0,6592615248,C,D
65536,256.0,9586616569,D,C
65536,256.0,10561697187,C,D
65600,256.25,1809315742,D,C
65600,256.25,2618455122,C,D
65600,256.25,5612445825,D,C
65600,256.25,6592615248,C,D
65600,256.25,9586616569,D,C
65600,256.25,10561697187,C,D
65664,256.5,1809315742,D,C
65664,256.5,2618455122,C,D
65664,256.5,6235344910,D,C
65664,256.5,6592615248,C,D
65664,256.5,9586616569,D,C
65664,256.5,10561697187,C,D
65728,256.75,1831330870,D,C
65728,256.75,2618455122,C,D
65728,256.75,5612445825,D,C
65728,256.75,6592615248,C,D
65728,256.75,9586616569,D,C
65728,256.75,10561697187,C,D
65792,257.0,1831330870,D,C
65792,257.0,2618455122,C,D
65856,257.25,1831330870,D,C
65856,257.25,2618455122,C,D
65920,257.5,1831330870,D,C
65920,257.5,2618455122,C,D
65984,257.75,1831330870,D,C
65984,257.75,2618455122,C,D
65984,257.75,5634548140,D,C
65984,257.75,6614913618,C,D
65984,257.75,9611050848,D,C
65984,257.75,10561697187,C,D
66048,258.0,1831330870,D,C
66048,258.0,2618455122,C,D
66048,258.0,5634548140,D,C
66048,258.0,6614913618,C,D
66048,258.0,9611050848,D,C
66048,258.0,10561697187,C,D
66112,258.25,1831330870,D,C
66112,258.25,2618455122,C,D
66112,258.25,6592615248,D,C
66112,258.25,6614913618,C,D
66112,258.25,9611050848,D,C
66112,258.25,10585118066,C,D
66176,258.5,1831330870,D,C
66176,258.5,2618455122,C,D
66176,258.5,5634548140,D,C
66176,258.5,6614913618,C,D
66176,258.5,9611050848,D,C
66176,258.5,10585118066,C,D
66240,258.75,1831330870,D,C
66240,258.75,2618455122,C,D
66240,258.75,5634548140,D,C
66240,258.75,6614913618,C,D
66240,258.75,9611050848,D,C
66240,258.75,10585118066,C,D
66304,259.0,1831330870,D,C
66304,259.0,2618455122,C,D
66304,259.0,5634548140,D,C
66304,259.0,6614913618,C,D
66304,259.0,9611050848,D,C
66304,259.0,10585118066,C,D
66368,259.25,1831330870,D,C
66368,259.25,2618455122,C,D
66368,259.25,5634548140,D,C
66368,259.25,6614913618,C,D
66368,259.25,9611050848,D,C
66368,259.25,10585118066,C,D
66432,259.5,1831330870,D,C
66432,259.5,2618455122,C,D
66432,259.5,6235344910,D,C
66432,259.5,6614913618,C,D
66432,259.5,9611050848,D,C
66432,259.5,10585118066,C,D
66496,259.75,1831330870,D,C
66496,259.75,2640737082,C,D
66496,259.75,6235344910,D,C
66496,259.75,6614913618,C,D
66496,259.75,9611050848,D,C
66496,259.75,10607555674,C,D
66560,260.0,1853491494,D,C
66560,260.0,2640737082,C,D
66560,260.0,6213103069,D,C
66560,260.0,6614913618,C,D
66560,260.0,9611050848,D,S
66560,260.0,9633416447,S,C
66560,260.0,10607555674,C,D
66624,260.25,1853491494,D,C
66624,260.25,2640737082,C,D
66624,260.25,6235344910,D,C
66624,260.25,6614913618,C,D
66624,260.25,9611050848,D,C
66624,260.25,10607555674,C,D
66688,260.5,1853491494,D,C
66688,260.5,2640737082,C,D
66688,260.5,5634548140,D,C
66688,260.5,6614913618,C,D
66688,260.5,9611050848,D,C
66688,260.5,10607555674,C,D
66752,260.75,1853491494,D,C
66752,260.75,2640737082,C,D
66752,260.75,9611050848,D,C
66752,260.75,10607555674,C,D
66816,261.0,1853491494,D,C
66816,261.0,2640737082,C,D
66816,261.0,6235344910,D,C
66816,261.0,6614913618,C,D
66816,261.0,9611050848,D,C
66816,261.0,10607555674,C,D
66880,261.25,1853491494,D,C
66880,261.25,2640737082,C,D
66880,261.25,5656552061,D,C
66880,261.25,6614913618,C,D
66880,261.25,9611050848,D,C
66880,261.25,10607555674,C,D
66944,261.5,1853491494,D,C
66944,261.5,2640737082,C,D
66944,261.5,5656552061,D,C
66944,261.5,6649470167,C,D
66944,261.5,9611050848,D,C
66944,261.5,10607555674,C,D
67008,261.75,1853491494,D,C
67008,261.75,2640737082,C,D
67008,261.75,5656552061,D,C
67008,261.75,6649470167,C,D
67008,261.75,9611050848,D,C
67008,261.75,10607555674,C,D
67072,262.0,1853491494,D,C
67072,262.0,2640737082,C,D
67072,262.0,5656552061,D,C
67072,262.0,6649470167,C,D
67072,262.0,9633416447,D,C
67072,262.0,10607555674,C,D
67136,262.25,1853491494,D,C
67136,262.25,2640737082,C,D
67136,262.25,5656552061,D,C
67136,262.25,6649470167,C,D
67136,262.25,9633416447,D,C
67136,262.25,10607555674,C,D
67200,262.5,1853491494,D,C
67200,262.5,2640737082,C,D
67200,262.5,5656552061,D,C
67200,262.5,6649470167,C,D
67200,262.5,9633416447,D,C
67200,262.5,10607555674,C,D
67264,262.75,1853491494,D,C
67264,262.75,2662914954,C,D
67264,262.75,6213103069,D,C
67264,262.75,6649470167,C,D
67264,262.75,9633416447,D,C
67264,262.75,10607555674,C,D
67328,263.0,1853491494,D,C
67328,263.0,2662914954,C,D
67328,263.0,6213103069,D,C
67328,263.0,6649470167,C,D
67328,263.0,9633416447,D,C
67328,263.0,10630043975,C,D
67392,263.25,1853491494,D,C
67392,263.25,2662914954,C,D
67392,263.25,5656552061,D,C
67392,263.25,6649470167,C,D
67392,263.25,9633416447,D,C
67392,263.25,10630043975,C,D
67456,263.5,1853491494,D,C
67456,263.5,2662914954,C,D
67456,263.5,5656552061,D,C
67456,263.5,6649470167,C,D
67456,263.5,9633416447,D,C
67456,263.5,10630043975,C,D
67520,263.75,1853491494,D,C
67520,263.75,2662914954,C,D
67520,263.75,5656552061,D,C
67520,263.75,6672155524,C,D
67520,263.75,9633416447,D,C
67520,263.75,10630043975,C,D
67584,264.0,1853491494,D,C
67584,264.0,2662914954,C,D
67584,264.0,5656552061,D,C
67584,264.0,6672155524,C,D
67584,264.0,9633416447,D,C
67584,264.0,10630043975,C,D
67648,264.25,1853491494,D,C
67648,264.25,2662914954,C,D
67648,264.25,5656552061,D,C
67648,264.25,6672155524,C,D
67648,264.25,9655731075,D,C
67648,264.25,10630043975,C,D
67712,264.5,1853491494,D,C
67712,264.5,2662914954,C,D
67712,264.5,5656552061,D,C
67712,264.5,6672155524,C,D
67712,264.5,9655731075,D,C
67712,264.5,10630043975,C,D
67776,264.75,1853491494,D,C
67776,264.75,2662914954,C,D
67776,264.75,5656552061,D,C
67776,264.75,6672155524,C,D
67776,264.75,9655731075,D,C
67776,264.75,10630043975,C,D
67840,265.0,1853491494,D,C
67840,265.0,2662914954,C,D
67840,265.0,5656552061,D,C
67840,265.0,6672155524,C,D
67840,265.0,9655731075,D,C
67840,265.0,10630043975,C,D
67904,265.25,1853491494,D,C
67904,265.25,2662914954,C,D
67904,265.25,5656552061,D,C
67904,265.25,6672155524,C,D
67904,265.25,9655731075,D,C
67904,265.25,10630043975,C,D
67968,265.5,1853491494,D,C
67968,265.5,2662914954,C,D
67968,265.5,5680154105,D,C
67968,265.5,6672155524,C,D
67968,265.5,9655731075,D,C
67968,265.5,10652665257,C,D
68032,265.75,1853491494,D,C
68032,265.75,2662914954,C,D
68032,265.75,5680154105,D,C
68032,265.75,6672155524,C,D
68032,265.75,9655731075,D,C
68032,265.75,10652665257,C,D
68096,266.0,1853491494,D,C
68096,266.0,2662914954,C,D
68096,266.0,5680154105,D,C
68096,266.0,6672155524,C,D
68096,266.0,9655731075,D,C
68096,266.0,10652665257,C,D
68160,266.25,1853491494,D,C
68160,266.25,2662914954,C,D
68160,266.25,5680154105,D,C
68160,266.25,6672155524,C,D
68160,266.25,9655731075,D,C
68160,266.25,10652665257,C,D
68224,266.5,1853491494,D,C
68224,266.5,2662914954,C,D
68224,266.5,5680154105,D,C
68224,266.5,6672155524,C,D
68224,266.5,9655731075,D,C
68224,266.5,10652665257,C,D
68288,266.75,1853491494,D,C
68288,266.75,2686311495,C,D
68288,266.75,5680154105,D,C
68288,266.75,6672155524,C,D
68288,266.75,9655731075,D,C
68288,266.75,10652665257,C,D
68352,267.0,1897276163,D,C
68352,267.0,2686311495,C,D
68352,267.0,5702781950,D,C
68352,267.0,6672155524,C,D
68352,267.0,9655731075,D,C
68352,267.0,10652665257,C,D
68416,267.25,1897276163,D,C
68416,267.25,2686311495,C,D
68416,267.25,5702781950,D,C
68416,267.25,6672155524,C,D
68416,267.25,9678027662,D,C
68416,267.25,10652665257,C,D
68480,267.5,1897276163,D,C
68480,267.5,2686311495,C,D
68480,267.5,5702781950,D,C
68480,267.5,6672155524,C,D
68480,267.5,9678027662,D,C
68480,267.5,10675193868,C,D
68544,267.75,1897276163,D,C
68544,267.75,2686311495,C,D
68544,267.75,5702781950,D,C
68544,267.75,6672155524,C,D
68544,267.75,9678027662,D,C
68544,267.75,10675193868,C,D
68608,268.0,1897276163,D,C
68608,268.0,2686311495,C,D
68608,268.0,5702781950,D,C
68608,268.0,6672155524,C,D
68608,268.0,9678027662,D,C
68608,268.0,10675193868,C,D
68672,268.25,1897276163,D,C
68672,268.25,2686311495,C,D
68672,268.25,5702781950,D,C
68672,268.25,6672155524,C,D
68672,268.25,9678027662,D,C
68672,268.25,10675193868,C,D
68736,268.5,1897276163,D,C
68736,268.5,2686311495,C,D
68736,268.5,5702781950,D,C
68736,268.5,6672155524,C,D
68736,268.5,9678027662,D,C
68736,268.5,10675193868,C,D
68800,268.75,1897276163,D,C
68800,268.75,2686311495,C,D
68800,268.75,5702781950,D,C
68800,268.75,6672155524,C,D
68800,268.75,9678027662,D,C
68800,268.75,10675193868,C,D
68864,269.0,1897276163,D,C
68864,269.0,2686311495,C,D
68864,269.0,5702781950,D,C
68864,269.0,6672155524,C,D
68864,269.0,9678027662,D,C
68864,269.0,10675193868,C,D
68928,269.25,1897276163,D,C
68928,269.25,2686311495,C,D
68928,269.25,5702781950,D,C
68928,269.25,6672155524,C,D
68928,269.25,9700354596,D,C
68928,269.25,10698051961,C,D
68992,269.5,1897276163,D,C
68992,269.5,2686311495,C,D
68992,269.5,5702781950,D,C
68992,269.5,6672155524,C,D
68992,269.5,9700354596,D,C
68992,269.5,10698051961,C,D
69056,269.75,1897276163,D,C
69056,269.75,2686311495,C,D
69056,269.75,5702781950,D,C
69056,269.75,6672155524,C,D
69056,269.75,9700354596,D,C
69056,269.75,10698051961,C,D
69120,270.0,1897276163,D,C
69120,270.0,2686311495,C,D
69120,270.0,5702781950,D,C
69120,270.0,6672155524,C,D
69120,270.0,9700354596,D,C
69120,270.0,10698051961,C,D
69184,270.25,1897276163,D,C
69184,270.25,2686311495,C,D
69184,270.25,5702781950,D,C
69184,270.25,6672155524,C,D
69184,270.25,9700354596,D,C
69184,270.25,10698051961,C,D
69248,270.5,1897276163,D,C
69248,270.5,2708492390,C,D
69248,270.5,5702781950,D,C
69248,270.5,6672155524,C,D
69248,270.5,9700354596,D,C
69248,270.5,10698051961,C,D
69312,270.75,1897276163,D,C
69312,270.75,2708492390,C,D
69312,270.75,5702781950,D,C
69312,270.75,6672155524,C,D
69312,270.75,9700354596,D,C
69312,270.75,10698051961,C,D
69376,271.0,1897276163,D,C
69376,271.0,2708492390,C,D
69376,271.0,5702781950,D,C
69376,271.0,6672155524,C,D
69376,271.0,9700354596,D,C
69376,271.0,10698051961,C,D
69440,271.25,1897276163,D,C
69440,271.25,2708492390,C,D
69440,271.25,5702781950,D,C
69440,271.25,6672155524,C,D
69440,271.25,9700354596,D,C
69440,271.25,10698051961,C,D
69504,271.5,1897276163,D,C
69504,271.5,2708492390,C,D
69504,271.5,5702781950,D,C
69504,271.5,6672155524,C,D
69504,271.5,9700354596,D,C
69504,271.5,10698051961,C,D
69568,271.75,1897276163,D,C
69568,271.75,2708492390,C,D
69568,271.75,5702781950,D,C
69568,271.75,6672155524,C,D
69568,271.75,9700354596,D,C
69568,271.75,10698051961,C,D
69632,272.0,1897276163,D,C
69632,272.0,2708492390,C,D
69632,272.0,5702781950,D,C
69632,272.0,6672155524,C,D
69632,272.0,9700354596,D,C
69632,272.0,10698051961,C,D
69696,272.25,1919325805,D,C
69696,272.25,2730538797,C,D
69696,272.25,5702781950,D,C
69696,272.25,6672155524,C,D
69696,272.25,9700354596,D,C
69696,272.25,10698051961,C,D
69760,272.5,1919325805,D,C
69760,272.5,2730538797,C,D
69760,272.5,5702781950,D,C
69760,272.5,6672155524,C,D
69760,272.5,9700354596,D,C
69760,272.5,10698051961,C,D
69824,272.75,1919325805,D,C
69824,272.75,2730538797,C,D
69824,272.75,5702781950,D,C
69824,272.75,6672155524,C,D
69824,272.75,9722620883,D,C
69824,272.75,10698051961,C,D
69888,273.0,1919325805,D,C
69888,273.0,2730538797,C,D
69888,273.0,5725058538,D,C
69888,273.0,6672155524,C,D
69888,273.0,9722620883,D,C
69888,273.0,10720408149,C,D
69952,273.25,1919325805,D,C
69952,273.25,2730538797,C,D
69952,273.25,5725058538,D,C
69952,273.25,6672155524,C,D
69952,273.25,9722620883,D,C
69952,273.25,10720408149,C,D
70016,273.5,1919325805,D,C
70016,273.5,2730538797,C,D
70016,273.5,5725058538,D,C
70016,273.5,6672155524,C,D
70016,273.5,9722620883,D,C
70016,273.5,10720408149,C,D
70080,273.75,1919325805,D,C
70080,273.75,2730538797,C,D
70080,273.75,5747179777,D,C
70080,273.75,6672155524,C,D
70080,273.75,9722620883,D,C
70080,273.75,10720408149,C,D
70144,274.0,1919325805,D,C
70144,274.0,2730538797,C,D
70144,274.0,5747179777,D,C
70144,274.0,6672155524,C,D
70144,274.0,9722620883,D,C
70144,274.0,10720408149,C,D
70208,274.25,1919325805,D,C
70208,274.25,2730538797,C,D
70208,274.25,5747179777,D,C
70208,274.25,6672155524,C,D
70208,274.25,9722620883,D,C
70208,274.25,10720408149,C,D
70272,274.5,1919325805,D,C
70272,274.5,2730538797,C,D
70272,274.5,5747179777,D,C
70272,274.5,6672155524,C,D
70272,274.5,9722620883,D,C
70272,274.5,10720408149,C,D
70336,274.75,1919325805,D,C
70336,274.75,2752541889,C,D
70336,274.75,5747179777,D,C
70336,274.75,6672155524,C,D
70336,274.75,9722620883,D,C
70336,274.75,10720408149,C,D
70400,275.0,1919325805,D,C
70400,275.0,2752541889,C,D
70400,275.0,5747179777,D,C
70400,275.0,6672155524,C,D
70400,275.0,9722620883,D,C
70400,275.0,10720408149,C,D
70464,275.25,1919325805,D,C
70464,275.25,2752541889,C,D
70464,275.25,5747179777,D,C
70464,275.25,6672155524,C,D
70464,275.25,9744923728,D,C
70464,275.25,10720408149,C,D
70528,275.5,1919325805,D,C
70528,275.5,2752541889,C,D
70528,275.5,5747179777,D,C
70528,275.5,6672155524,C,D
70528,275.5,9744923728,D,C
70528,275.5,10720408149,C,D
70592,275.75,1919325805,D,C
70592,275.75,2752541889,C,D
70592,275.75,5769206458,D,C
70592,275.75,6672155524,C,D
70592,275.75,9744923728,D,C
70592,275.75,10720408149,C,D
70656,276.0,1941256853,D,C
70656,276.0,2752541889,C,D
70656,276.0,5769206458,D,C
70656,276.0,6672155524,C,D
70656,276.0,9744923728,D,C
70656,276.0,10720408149,C,D
70720,276.25,1941256853,D,C
70720,276.25,2752541889,C,D
70720,276.25,5769206458,D,C
70720,276.25,6672155524,C,D
70720,276.25,9744923728,D,C
70720,276.25,10720408149,C,D
70784,276.5,1941256853,D,C
70784,276.5,2752541889,C,D
70784,276.5,5769206458,D,C
70784,276.5,6672155524,C,D
70784,276.5,9744923728,D,C
70784,276.5,10720408149,C,D
70848,276.75,1941256853,D,C
70848,276.75,2752541889,C,D
70848,276.75,5769206458,D,C
70848,276.75,6694632582,C,D
70848,276.75,9744923728,D,C
70848,276.75,10720408149,C,D
70912,277.0,1941256853,D,C
70912,277.0,2752541889,C,D
70912,277.0,5769206458,D,C
70912,277.0,6694632582,C,D
70912,277.0,9744923728,D,C
70912,277.0,10720408149,C,D
70976,277.25,1941256853,D,C
70976,277.25,2752541889,C,D
70976,277.25,5769206458,D,C
70976,277.25,6694632582,C,D
70976,277.25,9744923728,D,C
70976,277.25,10720408149,C,D
71040,277.5,1941256853,D,C
71040,277.5,2752541889,C,D
71040,277.5,5769206458,D,C
71040,277.5,6694632582,C,D
71040,277.5,9744923728,D,C
71040,277.5,10720408149,C,D
71104,277.75,1941256853,D,C
71104,277.75,2752541889,C,D
71104,277.75,5769206458,D,C
71104,277.75,6694632582,C,D
71104,277.75,9744923728,D,C
71104,277.75,10742784509,C,D
71168,278.0,1941256853,D,C
71168,278.0,2752541889,C,D
71168,278.0,5791534444,D,C
71168,278.0,6694632582,C,D
71168,278.0,9744923728,D,C
71168,278.0,10742784509,C,D
71232,278.25,1963317568,D,C
71232,278.25,2752541889,C,D
71232,278.25,5791534444,D,C
71232,278.25,6694632582,C,D
71232,278.25,9744923728,D,S
71232,278.25,9767211435,S,C
71232,278.25,10742784509,C,D
71296,278.5,1963317568,D,C
71296,278.5,2752541889,C,D
71296,278.5,5791534444,D,C
71296,278.5,6694632582,C,D
71296,278.5,9767211435,D,C
71296,278.5,10742784509,C,D
71360,278.75,1963317568,D,C
71360,278.75,2752541889,C,D
71360,278.75,5791534444,D,C
71360,278.75,6694632582,C,D
71360,278.75,9767211435,D,C
71360,278.75,10742784509,C,D
71424,279.0,1963317568,D,C
71424,279.0,2752541889,C,D
71424,279.0,5791534444,D,C
71424,279.0,6716709321,C,D
71424,279.0,9767211435,D,C
71424,279.0,10742784509,C,D
71488,279.25,1963317568,D,C
71488,279.25,2752541889,C,D
71488,279.25,5791534444,D,C
71488,279.25,6716709321,C,D
71488,279.25,9767211435,D,C
71488,279.25,10742784509,C,D
71552,279.5,1963317568,D,C
71552,279.5,2752541889,C,D
71552,279.5,5791534444,D,C
71552,279.5,6716709321,C,D
71552,279.5,9767211435,D,C
71552,279.5,10742784509,C,D
71616,279.75,1963317568,D,C
71616,279.75,2752541889,C,D
71616,279.75,5791534444,D,C
71616,279.75,6716709321,C,D
71616,279.75,9767211435,D,C
71616,279.75,10742784509,C,D
71680,280.0,1963317568,D,C
71680,280.0,2752541889,C,D
71680,280.0,5791534444,D,C
71680,280.0,6716709321,C,D
71680,280.0,9767211435,D,C
71680,280.0,10742784509,C,D
71744,280.25,1963317568,D,C
71744,280.25,2752541889,C,D
71744,280.25,5791534444,D,C
71744,280.25,6716709321,C,D
71744,280.25,9789450995,D,C
71744,280.25,10742784509,C,D
71808,280.5,1963317568,D,C
71808,280.5,2752541889,C,D
71808,280.5,5791534444,D,C
71808,280.5,6716709321,C,D
71808,280.5,9789450995,D,C
71808,280.5,10742784509,C,D
71872,280.75,1963317568,D,C
71872,280.75,2752541889,C,D
71872,280.75,5791534444,D,C
71872,280.75,6716709321,C,D
71872,280.75,9789450995,D,C
71872,280.75,10742784509,C,D
71936,281.0,1963317568,D,C
71936,281.0,2752541889,C,D
71936,281.0,5791534444,D,C
71936,281.0,6716709321,C,D
71936,281.0,9789450995,D,C
71936,281.0,10742784509,C,D
72000,281.25,1963317568,D,C
72000,281.25,2752541889,C,D
72000,281.25,5791534444,D,C
72000,281.25,6716709321,C,D
72000,281.25,9789450995,D,C
72000,281.25,10765170012,C,D
72064,281.5,1963317568,D,C
72064,281.5,2752541889,C,D
72064,281.5,5791534444,D,C
72064,281.5,6716709321,C,D
72064,281.5,9789450995,D,C
72064,281.5,10765170012,C,D
72128,281.75,1963317568,D,C
72128,281.75,2752541889,C,D
72128,281.75,5791534444,D,C
72128,281.75,6716709321,C,D
72128,281.75,9789450995,D,C
72128,281.75,10765170012,C,D
72192,282.0,1963317568,D,C
72192,282.0,2752541889,C,D
72192,282.0,5791534444,D,C
72192,282.0,6716709321,C,D
72192,282.0,9789450995,D,C
72192,282.0,10765170012,C,D
72256,282.25,1963317568,D,C
72256,282.25,2752541889,C,D
72256,282.25,5791534444,D,C
72256,282.25,6716709321,C,D
72256,282.25,9789450995,D,C
72256,282.25,10765170012,C,D
72320,282.5,1963317568,D,C
72320,282.5,2752541889,C,D
72320,282.5,5791534444,D,C
72320,282.5,6716709321,C,D
72320,282.5,9789450995,D,C
72320,282.5,10765170012,C,D
72384,282.75,1985302888,D,C
72384,282.75,2752541889,C,D
72384,282.75,5791534444,D,C
72384,282.75,6716709321,C,D
72384,282.75,9789450995,D,C
72384,282.75,10788362093,C,D
72448,283.0,1985302888,D,C
72448,283.0,2752541889,C,D
72448,283.0,5791534444,D,C
72448,283.0,6716709321,C,D
72448,283.0,9789450995,D,C
72448,283.0,10788362093,C,D
72512,283.25,1985302888,D,C
72512,283.25,2752541889,C,D
72512,283.25,5791534444,D,C
72512,283.25,6716709321,C,D
72512,283.25,9789450995,D,C
72512,283.25,10788362093,C,D
72576,283.5,1985302888,D,C
72576,283.5,2752541889,C,D
72576,283.5,5791534444,D,C
72576,283.5,6739079257,C,D
72576,283.5,9789450995,D,C
72576,283.5,10788362093,C,D
72640,283.75,1985302888,D,C
72640,283.75,2752541889,C,D
72640,283.75,5791534444,D,C
72640,283.75,6739079257,C,D
72640,283.75,9789450995,D,C
72640,283.75,10788362093,C,D
72704,284.0,1985302888,D,C
72704,284.0,2752541889,C,D
72704,284.0,5813901879,D,C
72704,284.0,6739079257,C,D
72704,284.0,9789450995,D,C
72704,284.0,10788362093,C,D
72768,284.25,1985302888,D,C
72768,284.25,2752541889,C,D
72768,284.25,5813901879,D,C
72768,284.25,6739079257,C,D
72768,284.25,9789450995,D,C
72768,284.25,10788362093,C,D
72832,284.5,2007801436,D,C
72832,284.5,2752541889,C,D
72832,284.5,5813901879,D,C
72832,284.5,6739079257,C,D
72832,284.5,9789450995,D,C
72832,284.5,10788362093,C,D
72896,284.75,2007801436,D,C
72896,284.75,2752541889,C,D
72896,284.75,5836026084,D,C
72896,284.75,6739079257,C,D
72896,284.75,9789450995,D,C
72896,284.75,10788362093,C,D
72960,285.0,2007801436,D,C
72960,285.0,2752541889,C,D
72960,285.0,5836026084,D,C
72960,285.0,6739079257,C,D
72960,285.0,9789450995,D,C
72960,285.0,10788362093,C,D
73024,285.25,2007801436,D,C
73024,285.25,2752541889,C,D
73024,285.25,5836026084,D,C
73024,285.25,6739079257,C,D
73024,285.25,9789450995,D,C
73024,285.25,10788362093,C,D
73088,285.5,2007801436,D,C
73088,285.5,2752541889,C,D
73088,285.5,5836026084,D,C
73088,285.5,6739079257,C,D
73088,285.5,9789450995,D,C
73088,285.5,10788362093,C,D
73152,285.75,2007801436,D,C
73152,285.75,2752541889,C,D
73152,285.75,5836026084,D,C
73152,285.75,6761819906,C,D
73152,285.75,9789450995,D,C
73152,285.75,10788362093,C,D
73216,286.0,2007801436,D,C
73216,286.0,2752541889,C,D
73216,286.0,5836026084,D,C
73216,286.0,6761819906,C,D
73216,286.0,9811618571,D,C
73216,286.0,10810671770,C,D
73280,286.25,2007801436,D,C
73280,286.25,2774931750,C,D
73280,286.25,5836026084,D,C
73280,286.25,6761819906,C,D
73280,286.25,9811618571,D,C
73280,286.25,10810671770,C,D
73344,286.5,2007801436,D,C
73344,286.5,2774931750,C,D
73344,286.5,5836026084,D,C
73344,286.5,6761819906,C,D
73344,286.5,9811618571,D,C
73344,286.5,10810671770,C,D
73408,286.75,2007801436,D,C
73408,286.75,2774931750,C,D
73408,286.75,5836026084,D,C
73408,286.75,6761819906,C,D
73408,286.75,9811618571,D,C
73408,286.75,10810671770,C,D
73472,287.0,2007801436,D,C
73472,287.0,2774931750,C,D
73472,287.0,5836026084,D,C
73472,287.0,6761819906,C,D
73472,287.0,9811618571,D,C
73472,287.0,10810671770,C,D
73536,287.25,2007801436,D,C
73536,287.25,2774931750,C,D
73536,287.25,6614913618,D,C
73536,287.25,6761819906,C,D
73536,287.25,9811618571,D,C
73536,287.25,10810671770,C,D
73600,287.5,2007801436,D,C
73600,287.5,2774931750,C,D
73600,287.5,5836026084,D,C
73600,287.5,6761819906,C,D
73600,287.5,9811618571,D,C
73600,287.5,10810671770,C,D
73664,287.75,2007801436,D,C
73664,287.75,2774931750,C,D
73664,287.75,6614913618,D,C
73664,287.75,6761819906,C,D
73664,287.75,9834014012,D,C
73664,287.75,10810671770,C,D
73728,288.0,2007801436,D,C
73728,288.0,2774931750,C,D
73728,288.0,6614913618,D,C
73728,288.0,6761819906,C,D
73728,288.0,9834014012,D,C
73728,288.0,10835448303,C,D
73792,288.25,2007801436,D,C
73792,288.25,2774931750,C,D
73792,288.25,5836026084,D,C
73792,288.25,6761819906,C,D
73792,288.25,9834014012,D,C
73792,288.25,10835448303,C,D
73856,288.5,2007801436,D,C
73856,288.5,2774931750,C,D
73856,288.5,6614913618,D,C
73856,288.5,6761819906,C,D
73856,288.5,9834014012,D,C
73856,288.5,10835448303,C,D
73920,288.75,2007801436,D,C
73920,288.75,2774931750,C,D
73920,288.75,5836026084,D,C
73920,288.75,6761819906,C,D
73920,288.75,9834014012,D,C
73920,288.75,10835448303,C,D
73984,289.0,2007801436,D,C
73984,289.0,2774931750,C,D
73984,289.0,6614913618,D,C
73984,289.0,6761819906,C,D
73984,289.0,9834014012,D,C
73984,289.0,10835448303,C,D
74048,289.25,2007801436,D,C
74048,289.25,2796990013,C,D
74048,289.25,5836026084,D,C
74048,289.25,6761819906,C,D
74048,289.25,9834014012,D,C
74048,289.25,10835448303,C,D
74112,289.5,2007801436,D,C
74112,289.5,2796990013,C,D
74112,289.5,5836026084,D,C
74112,289.5,6761819906,C,D
74112,289.5,9834014012,D,C
74112,289.5,10835448303,C,D
74176,289.75,2007801436,D,C
74176,289.75,2796990013,C,D
74176,289.75,5836026084,D,C
74176,289.75,6761819906,C,D
74176,289.75,9834014012,D,C
74176,289.75,10835448303,C,D
74240,290.0,2007801436,D,C
74240,290.0,2796990013,C,D
74240,290.0,5836026084,D,C
74240,290.0,6761819906,C,D
74240,290.0,9834014012,D,C
74240,290.0,10835448303,C,D
74304,290.25,2007801436,D,C
74304,290.25,2796990013,C,D
74304,290.25,5836026084,D,C
74304,290.25,6761819906,C,D
74304,290.25,9834014012,D,C
74304,290.25,10835448303,C,D
74368,290.5,2007801436,D,C
74368,290.5,2796990013,C,D
74368,290.5,5836026084,D,C
74368,290.5,6761819906,C,D
74368,290.5,9834014012,D,C
74368,290.5,10835448303,C,D
74432,290.75,2007801436,D,C
74432,290.75,2796990013,C,D
74432,290.75,5836026084,D,C
74432,290.75,6761819906,C,D
74432,290.75,9834014012,D,C
74432,290.75,10835448303,C,D
74496,291.0,2007801436,D,C
74496,291.0,2796990013,C,D
74496,291.0,5836026084,D,C
74496,291.0,6761819906,C,D
74496,291.0,9834014012,D,C
74496,291.0,10835448303,C,D
74560,291.25,2007801436,D,C
74560,291.25,2796990013,C,D
74560,291.25,5858145731,D,C
74560,291.25,6761819906,C,D
74560,291.25,9834014012,D,C
74560,291.25,10835448303,C,D
74624,291.5,2007801436,D,C
74624,291.5,2819975026,C,D
74624,291.5,5858145731,D,C
74624,291.5,6761819906,C,D
74624,291.5,9859215542,D,C
74624,291.5,10835448303,C,D
74688,291.75,2007801436,D,C
74688,291.75,2819975026,C,D
74688,291.75,5858145731,D,C
74688,291.75,6761819906,C,D
74688,291.75,9859215542,D,C
74688,291.75,10857748393,C,D
74752,292.0,2007801436,D,C
74752,292.0,2819975026,C,D
74752,292.0,5858145731,D,C
74752,292.0,6761819906,C,D
74752,292.0,9859215542,D,C
74752,292.0,10857748393,C,D
74816,292.25,2007801436,D,C
74816,292.25,2819975026,C,D
74816,292.25,5858145731,D,C
74816,292.25,6761819906,C,D
74816,292.25,9859215542,D,C
74816,292.25,10857748393,C,D
74880,292.5,2032343802,D,C
74880,292.5,2819975026,C,D
74880,292.5,5858145731,D,C
74880,292.5,6761819906,C,D
74880,292.5,9859215542,D,C
74880,292.5,10857748393,C,D
74944,292.75,2032343802,D,C
74944,292.75,2819975026,C,D
74944,292.75,5858145731,D,C
74944,292.75,6761819906,C,D
74944,292.75,9859215542,D,C
74944,292.75,10857748393,C,D
75008,293.0,2032343802,D,C
75008,293.0,2819975026,C,D
75008,293.0,5858145731,D,C
75008,293.0,6783986467,C,D
75008,293.0,9859215542,D,C
75008,293.0,10857748393,C,D
75072,293.25,2032343802,D,C
75072,293.25,2819975026,C,D
75072,293.25,5858145731,D,C
75072,293.25,6783986467,C,D
75072,293.25,9882808164,D,C
75072,293.25,10857748393,C,D
75136,293.5,2032343802,D,C
75136,293.5,2819975026,C,D
75136,293.5,5880294475,D,C
75136,293.5,6783986467,C,D
75136,293.5,9882808164,D,C
75136,293.5,10857748393,C,D
75200,293.75,2032343802,D,C
75200,293.75,2819975026,C,D
75200,293.75,5880294475,D,C
75200,293.75,6783986467,C,D
75200,293.75,9882808164,D,C
75200,293.75,10857748393,C,D
75264,294.0,2032343802,D,C
75264,294.0,2819975026,C,D
75264,294.0,5880294475,D,C
75264,294.0,6783986467,C,D
75264,294.0,9882808164,D,C
75264,294.0,10857748393,C,D
75328,294.25,2032343802,D,C
75328,294.25,2842062479,C,D
75328,294.25,5880294475,D,C
75328,294.25,6783986467,C,D
75328,294.25,9882808164,D,C
75328,294.25,10857748393,C,D
75392,294.5,2032343802,D,C
75392,294.5,2842062479,C,D
75392,294.5,5880294475,D,C
75392,294.5,6783986467,C,D
75392,294.5,9882808164,D,C
75392,294.5,10857748393,C,D
75456,294.75,2032343802,D,C
75456,294.75,2842062479,C,D
75456,294.75,5880294475,D,C
75456,294.75,6783986467,C,D
75456,294.75,9882808164,D,C
75456,294.75,10857748393,C,D
75520,295.0,2032343802,D,S
75520,295.0,2054448974,S,C
75520,295.0,2842062479,C,D
75520,295.0,5880294475,D,C
75520,295.0,6783986467,C,D
75520,295.0,9882808164,D,C
75520,295.0,10857748393,C,D
75584,295.25,2054448974,D,C
75584,295.25,2842062479,C,D
75584,295.25,5880294475,D,C
75584,295.25,6783986467,C,D
75584,295.25,9882808164,D,C
75584,295.25,10857748393,C,D
75648,295.5,2054448974,D,C
75648,295.5,2842062479,C,D
75648,295.5,5880294475,D,C
75648,295.5,6783986467,C,D
75648,295.5,9882808164,D,C
75648,295.5,10857748393,C,D
75712,295.75,2054448974,D,C
75712,295.75,2842062479,C,D
75712,295.75,5880294475,D,C
75712,295.75,6783986467,C,D
75712,295.75,9882808164,D,C
75712,295.75,10857748393,C,D
75776,296.0,2054448974,D,C
75776,296.0,2842062479,C,D
75776,296.0,5880294475,D,C
75776,296.0,6783986467,C,D
75776,296.0,9882808164,D,C
75776,296.0,10857748393,C,D
75840,296.25,2054448974,D,C
75840,296.25,2842062479,C,D
75840,296.25,5880294475,D,C
75840,296.25,6783986467,C,D
75840,296.25,9882808164,D,C
75840,296.25,10857748393,C,D
75904,296.5,2054448974,D,C
75904,296.5,2842062479,C,D
75904,296.5,5880294475,D,C
75904,296.5,6783986467,C,D
75904,296.5,9882808164,D,C
75904,296.5,10857748393,C,D
75968,296.75,2054448974,D,C
75968,296.75,2842062479,C,D
75968,296.75,5880294475,D,C
75968,296.75,6783986467,C,D
75968,296.75,9882808164,D,C
75968,296.75,10857748393,C,D
76032,297.0,2054448974,D,C
76032,297.0,2842062479,C,D
76032,297.0,5880294475,D,C
76032,297.0,6783986467,C,D
76032,297.0,9882808164,D,C
76032,297.0,10857748393,C,D
76096,297.25,2054448974,D,C
76096,297.25,2842062479,C,D
76096,297.25,5880294475,D,C
76096,297.25,6783986467,C,D
76096,297.25,9882808164,D,C
76096,297.25,10880488615,C,D
76160,297.5,2054448974,D,C
76160,297.5,2842062479,C,D
76160,297.5,5880294475,D,C
76160,297.5,6783986467,C,D
76160,297.5,9882808164,D,C
76160,297.5,10880488615,C,D
76224,297.75,2054448974,D,C
76224,297.75,2842062479,C,D
76224,297.75,5880294475,D,C
76224,297.75,6783986467,C,D
76224,297.75,9882808164,D,C
76224,297.75,10880488615,C,D
76288,298.0,2054448974,D,C
76288,298.0,2864100945,C,D
76288,298.0,5902468809,D,C
76288,298.0,6806259970,C,D
76288,298.0,9882808164,D,C
76288,298.0,10880488615,C,D
76352,298.25,2054448974,D,C
76352,298.25,2864100945,C,D
76352,298.25,5902468809,D,C
76352,298.25,6806259970,C,D
76352,298.25,9882808164,D,C
76352,298.25,10880488615,C,D
76416,298.5,2054448974,D,C
76416,298.5,2864100945,C,D
76416,298.5,5902468809,D,C
76416,298.5,6806259970,C,D
76416,298.5,9882808164,D,C
76416,298.5,10880488615,C,D
76480,298.75,2054448974,D,C
76480,298.75,2864100945,C,D
76480,298.75,5902468809,D,C
76480,298.75,6806259970,C,D
76480,298.75,9882808164,D,C
76480,298.75,10880488615,C,D
76544,299.0,2054448974,D,C
76544,299.0,2864100945,C,D
76544,299.0,5902468809,D,C
76544,299.0,6806259970,C,D
76544,299.0,9882808164,D,C
76544,299.0,10880488615,C,D
76608,299.25,2054448974,D,C
76608,299.25,2864100945,C,D
76608,299.25,5902468809,D,C
76608,299.25,6806259970,C,D
76608,299.25,9882808164,D,C
76608,299.25,10880488615,C,D
76672,299.5,2054448974,D,C
76672,299.5,2864100945,C,D
76672,299.5,5902468809,D,C
76672,299.5,6806259970,C,D
76672,299.5,9882808164,D,C
76672,299.5,10880488615,C,D
76736,299.75,2054448974,D,C
76736,299.75,2864100945,C,D
76736,299.75,5902468809,D,C
76736,299.75,6806259970,C,D
76736,299.75,9882808164,D,C
76736,299.75,10880488615,C,D
76800,300.0,2054448974,D,C
76800,300.0,2864100945,C,D
76800,300.0,5902468809,D,C
76800,300.0,6806259970,C,D
76800,300.0,9906421282,D,C
76800,300.0,10880488615,C,D
76864,300.25,2054448974,D,C
76864,300.25,2864100945,C,D
76864,300.25,5924645973,D,C
76864,300.25,6806259970,C,D
76864,300.25,9906421282,D,C
76864,300.25,10902891135,C,D
76928,300.5,2054448974,D,C
76928,300.5,2864100945,C,D
76928,300.5,5924645973,D,C
76928,300.5,6828350291,C,D
76928,300.5,9906421282,D,C
76928,300.5,10902891135,C,D
76992,300.75,2054448974,D,C
76992,300.75,2864100945,C,D
76992,300.75,5924645973,D,C
76992,300.75,6828350291,C,D
76992,300.75,9906421282,D,C
76992,300.75,10902891135,C,D
77056,301.0,2054448974,D,C
77056,301.0,2864100945,C,D
77056,301.0,5924645973,D,C
77056,301.0,6828350291,C,D
77056,301.0,9906421282,D,C
77056,301.0,10902891135,C,D
77120,301.25,2054448974,D,C
77120,301.25,2864100945,C,D
77120,301.25,5924645973,D,C
77120,301.25,6828350291,C,D
77120,301.25,9906421282,D,C
77120,301.25,10902891135,C,D
77184,301.5,2054448974,D,C
77184,301.5,2864100945,C,D
77184,301.5,6614913618,D,C
77184,301.5,6828350291,C,D
77184,301.5,9906421282,D,C
77184,301.5,10902891135,C,D
77248,301.75,2054448974,D,C
77248,301.75,2887575433,C,D
77248,301.75,5924645973,D,C
77248,301.75,6828350291,C,D
77248,301.75,9906421282,D,C
77248,301.75,10902891135,C,D
77312,302.0,2054448974,D,C
77312,302.0,2887575433,C,D
77312,302.0,5924645973,D,C
77312,302.0,6828350291,C,D
77312,302.0,9929386876,D,C
77312,302.0,10902891135,C,D
77376,302.25,2054448974,D,C
77376,302.25,2887575433,C,D
77376,302.25,5924645973,D,C
77376,302.25,6828350291,C,D
77376,302.25,9929386876,D,C
77376,302.25,10902891135,C,D
77440,302.5,2076319177,D,C
77440,302.5,2887575433,C,D
77440,302.5,5924645973,D,C
77440,302.5,6828350291,C,D
77440,302.5,9929386876,D,C
77440,302.5,10926662064,C,D
77504,302.75,2076319177,D,C
77504,302.75,2887575433,C,D
77504,302.75,5924645973,D,C
77504,302.75,6828350291,C,D
77504,302.75,9929386876,D,C
77504,302.75,10926662064,C,D
77568,303.0,2076319177,D,C
77568,303.0,2887575433,C,D
77568,303.0,5924645973,D,C
77568,303.0,6828350291,C,D
77568,303.0,9929386876,D,C
77568,303.0,10926662064,C,D
77632,303.25,2076319177,D,C
77632,303.25,2887575433,C,D
77632,303.25,6614913618,D,C
77632,303.25,6828350291,C,D
77632,303.25,9929386876,D,C
77632,303.25,10926662064,C,D
77696,303.5,2076319177,D,C
77696,303.5,2887575433,C,D
77696,303.5,5924645973,D,C
77696,303.5,6828350291,C,D
77696,303.5,9929386876,D,C
77696,303.5,10926662064,C,D
77760,303.75,2076319177,D,C
77760,303.75,2887575433,C,D
77760,303.75,5924645973,D,C
77760,303.75,6828350291,C,D
77760,303.75,9929386876,D,C
77760,303.75,10926662064,C,D
77824,304.0,2076319177,D,C
77824,304.0,2887575433,C,D
77824,304.0,5924645973,D,C
77824,304.0,6851220789,C,D
77824,304.0,9929386876,D,C
77824,304.0,10926662064,C,D
77888,304.25,2076319177,D,C
77888,304.25,2887575433,C,D
77888,304.25,5924645973,D,C
77888,304.25,6851220789,C,D
77888,304.25,9929386876,D,C
77888,304.25,10926662064,C,D
77952,304.5,2076319177,D,C
77952,304.5,2887575433,C,D
77952,304.5,5924645973,D,C
77952,304.5,6851220789,C,D
77952,304.5,9929386876,D,C
77952,304.5,10926662064,C,D
78016,304.75,2076319177,D,C
78016,304.75,2887575433,C,D
78016,304.75,5924645973,D,C
78016,304.75,6851220789,C,D
78016,304.75,9929386876,D,C
78016,304.75,10926662064,C,D
78080,305.0,2076319177,D,C
78080,305.0,2887575433,C,D
78080,305.0,5924645973,D,C
78080,305.0,6851220789,C,D
78080,305.0,9929386876,D,C
78080,305.0,10926662064,C,D
78144,305.25,2076319177,D,C
78144,305.25,2887575433,C,D
78144,305.25,5924645973,D,C
78144,305.25,6851220789,C,D
78144,305.25,9929386876,D,C
78144,305.25,10926662064,C,D
78208,305.5,2076319177,D,C
78208,305.5,2887575433,C,D
78208,305.5,5947236750,D,C
78208,305.5,6851220789,C,D
78208,305.5,9929386876,D,C
78208,305.5,10926662064,C,D
78272,305.75,2076319177,D,C
78272,305.75,2909651189,C,D
78272,305.75,5947236750,D,C
78272,305.75,6851220789,C,D
78272,305.75,9929386876,D,C
78272,305.75,10926662064,C,D
78336,306.0,2076319177,D,C
78336,306.0,2909651189,C,D
78336,306.0,6614913618,D,C
78336,306.0,6851220789,C,D
78336,306.0,10021048187,D,C
78336,306.0,10926662064,C,D
78400,306.25,2187583849,D,C
78400,306.25,2909651189,C,D
78400,306.25,5947236750,D,C
78400,306.25,6851220789,C,D
78400,306.25,10021048187,D,C
78400,306.25,10949018505,C,D
78464,306.5,2187583849,D,C
78464,306.5,2909651189,C,D
78464,306.5,5947236750,D,C
78464,306.5,6873834266,C,D
78464,306.5,10043410623,D,C
78464,306.5,10949018505,C,D
78528,306.75,2187583849,D,C
78528,306.75,2909651189,C,D
78528,306.75,5947236750,D,C
78528,306.75,6873834266,C,D
78528,306.75,10043410623,D,C
78528,306.75,10949018505,C,D
78592,307.0,2187583849,D,S
78592,307.0,2218252661,S,C
78592,307.0,2909651189,C,D
78592,307.0,5969530459,D,C
78592,307.0,6873834266,C,D
78592,307.0,10043410623,D,C
78592,307.0,10949018505,C,D
78656,307.25,2187583849,D,C
78656,307.25,2909651189,C,D
78656,307.25,5969530459,D,C
78656,307.25,6873834266,C,D
78656,307.25,10043410623,D,C
78656,307.25,10949018505,C,D
78720,307.5,2187583849,D,C
78720,307.5,2909651189,C,D
78720,307.5,5969530459,D,C
78720,307.5,6873834266,C,D
78720,307.5,10043410623,D,C
78720,307.5,10949018505,C,D
78784,307.75,2187583849,D,C
78784,307.75,2909651189,C,D
78784,307.75,5969530459,D,C
78784,307.75,6873834266,C,D
78784,307.75,10043410623,D,C
78784,307.75,10949018505,C,D
78848,308.0,2187583849,D,C
78848,308.0,2909651189,C,D
78848,308.0,5969530459,D,C
78848,308.0,6873834266,C,D
78848,308.0,10043410623,D,C
78848,308.0,10949018505,C,D
78912,308.25,2187583849,D,C
78912,308.25,2909651189,C,D
78912,308.25,5969530459,D,C
78912,308.25,6873834266,C,D
78912,308.25,10043410623,D,C
78912,308.25,10949018505,C,D
78976,308.5,2187583849,D,C
78976,308.5,2909651189,C,D
78976,308.5,5969530459,D,C
78976,308.5,6873834266,C,D
78976,308.5,10066401422,D,C
78976,308.5,10949018505,C,D
79040,308.75,2187583849,D,C
79040,308.75,2909651189,C,D
79040,308.75,5969530459,D,C
79040,308.75,6873834266,C,D
79040,308.75,10066401422,D,C
79040,308.75,10949018505,C,D
79104,309.0,2218252661,D,C
79104,309.0,2909651189,C,D
79104,309.0,5969530459,D,C
79104,309.0,6896201391,C,D
79104,309.0,10066401422,D,C
79104,309.0,10949018505,C,D
79168,309.25,2218252661,D,C
79168,309.25,2909651189,C,D
79168,309.25,5969530459,D,C
79168,309.25,6896201391,C,D
79168,309.25,10066401422,D,C
79168,309.25,10949018505,C,D
79232,309.5,2218252661,D,C
79232,309.5,2909651189,C,D
79232,309.5,5969530459,D,C
79232,309.5,6896201391,C,D
79232,309.5,10066401422,D,C
79232,309.5,10949018505,C,D
79296,309.75,2218252661,D,C
79296,309.75,2909651189,C,D
79296,309.75,5969530459,D,C
79296,309.75,6896201391,C,D
79296,309.75,10066401422,D,C
79296,309.75,10949018505,C,D
79360,310.0,2218252661,D,C
79360,310.0,2909651189,C,D
79360,310.0,5969530459,D,C
79360,310.0,6896201391,C,D
79360,310.0,10066401422,D,C
79360,310.0,10949018505,C,D
79424,310.25,2218252661,D,C
79424,310.25,2909651189,C,D
79424,310.25,5969530459,D,C
79424,310.25,6896201391,C,D
79424,310.25,10066401422,D,C
79424,310.25,10949018505,C,D
79488,310.5,2218252661,D,C
79488,310.5,2909651189,C,D
79488,310.5,6058423307,D,C
79488,310.5,6896201391,C,D
79488,310.5,10066401422,D,S
79488,310.5,10088711556,S,C
79488,310.5,10949018505,C,D
79552,310.75,2218252661,D,C
79552,310.75,2909651189,C,D
79552,310.75,6058423307,D,C
79552,310.75,6896201391,C,D
79552,310.75,10088711556,D,C
79552,310.75,10971305387,C,D
79616,311.0,2218252661,D,C
79616,311.0,2909651189,C,D
79616,311.0,6058423307,D,C
79616,311.0,6896201391,C,D
79616,311.0,10088711556,D,C
79616,311.0,10971305387,C,D
79680,311.25,2218252661,D,C
79680,311.25,2909651189,C,D
79680,311.25,6080658064,D,C
79680,311.25,6896201391,C,D
79680,311.25,10088711556,D,C
79680,311.25,10971305387,C,D
79744,311.5,2218252661,D,C
79744,311.5,2931693136,C,D
79744,311.5,6080658064,D,C
79744,311.5,6896201391,C,D
79744,311.5,10088711556,D,C
79744,311.5,10971305387,C,D
79808,311.75,2218252661,D,C
79808,311.75,2931693136,C,D
79808,311.75,6080658064,D,C
79808,311.75,6896201391,C,D
79808,311.75,10088711556,D,C
79808,311.75,10971305387,C,D
79872,312.0,2218252661,D,C
79872,312.0,2931693136,C,D
79872,312.0,6080658064,D,C
79872,312.0,6896201391,C,D
79872,312.0,10088711556,D,C
79872,312.0,10971305387,C,D
79936,312.25,2218252661,D,C
79936,312.25,2931693136,C,D
79936,312.25,6080658064,D,C
79936,312.25,6896201391,C,D
79936,312.25,10088711556,D,C
79936,312.25,10971305387,C,D
80000,312.5,2218252661,D,C
80000,312.5,2931693136,C,D
80000,312.5,6080658064,D,C
80000,312.5,6896201391,C,D
80000,312.5,10088711556,D,C
80000,312.5,10971305387,C,D
80064,312.75,2218252661,D,C
80064,312.75,2931693136,C,D
80064,312.75,6080658064,D,C
80064,312.75,6896201391,C,D
80064,312.75,10088711556,D,C
80064,312.75,10971305387,C,D
80128,313.0,2218252661,D,C
80128,313.0,2931693136,C,D
80128,313.0,6102753320,D,C
80128,313.0,6919355458,C,D
80128,313.0,10111001090,D,C
80128,313.0,10971305387,C,D
80192,313.25,2218252661,D,C
80192,313.25,2931693136,C,D
80192,313.25,6102753320,D,C
80192,313.25,6919355458,C,D
80192,313.25,10111001090,D,C
80192,313.25,10971305387,C,D
80256,313.5,2218252661,D,C
80256,313.5,2931693136,C,D
80256,313.5,6102753320,D,C
80256,313.5,6919355458,C,D
80256,313.5,10111001090,D,C
80256,313.5,10971305387,C,D
80320,313.75,2241372750,D,C
80320,313.75,2955421705,C,D
80320,313.75,6102753320,D,C
80320,313.75,6919355458,C,D
80320,313.75,10111001090,D,C
80320,313.75,10971305387,C,D
80384,314.0,2241372750,D,C
80384,314.0,2955421705,C,D
80384,314.0,6102753320,D,C
80384,314.0,6919355458,C,D
80384,314.0,10111001090,D,C
80384,314.0,10971305387,C,D
80448,314.25,2241372750,D,C
80448,314.25,2955421705,C,D
80448,314.25,6102753320,D,C
80448,314.25,6919355458,C,D
80448,314.25,10111001090,D,C
80448,314.25,10993943947,C,D
80512,314.5,2241372750,D,C
80512,314.5,2955421705,C,D
80512,314.5,6102753320,D,C
80512,314.5,6919355458,C,D
80512,314.5,10111001090,D,C
80512,314.5,10993943947,C,D
80576,314.75,2241372750,D,C
80576,314.75,2955421705,C,D
80576,314.75,6102753320,D,C
80576,314.75,6919355458,C,D
80576,314.75,10111001090,D,C
80576,314.75,10993943947,C,D
80640,315.0,2241372750,D,C
80640,315.0,2955421705,C,D
80640,315.0,6102753320,D,C
80640,315.0,6919355458,C,D
80640,315.0,10111001090,D,C
80640,315.0,10993943947,C,D
80704,315.25,2241372750,D,C
80704,315.25,2955421705,C,D
80704,315.25,6102753320,D,C
80704,315.25,6919355458,C,D
80704,315.25,10111001090,D,C
80704,315.25,10993943947,C,D
80768,315.5,2241372750,D,C
80768,315.5,2955421705,C,D
80768,315.5,6102753320,D,C
80768,315.5,6919355458,C,D
80768,315.5,10111001090,D,C
80768,315.5,10993943947,C,D
80832,315.75,2241372750,D,C
80832,315.75,2955421705,C,D
80832,315.75,6102753320,D,C
80832,315.75,6919355458,C,D
80832,315.75,10111001090,D,C
80832,315.75,10993943947,C,D
80896,316.0,2241372750,D,C
80896,316.0,2955421705,C,D
80896,316.0,6102753320,D,C
80896,316.0,6919355458,C,D
80896,316.0,10111001090,D,C
80896,316.0,10993943947,C,D
80960,316.25,2241372750,D,C
80960,316.25,2955421705,C,D
80960,316.25,6102753320,D,C
80960,316.25,6919355458,C,D
80960,316.25,10111001090,D,C
80960,316.25,10993943947,C,D
81024,316.5,2241372750,D,C
81024,316.5,2978950804,C,D
81024,316.5,6102753320,D,C
81024,316.5,6942073117,C,D
81024,316.5,10111001090,D,C
81024,316.5,10993943947,C,D
81088,316.75,2241372750,D,C
81088,316.75,2978950804,C,D
81088,316.75,6102753320,D,C
81088,316.75,6942073117,C,D
81088,316.75,10111001090,D,C
81088,316.75,10993943947,C,D
81152,317.0,2241372750,D,C
81152,317.0,2978950804,C,D
81152,317.0,6102753320,D,C
81152,317.0,6942073117,C,D
81152,317.0,10111001090,D,C
81152,317.0,10993943947,C,D
81216,317.25,2241372750,D,C
81216,317.25,2978950804,C,D
81216,317.25,6102753320,D,C
81216,317.25,6942073117,C,D
81216,317.25,10133413225,D,C
81216,317.25,10993943947,C,D
81280,317.5,2241372750,D,C
81280,317.5,2978950804,C,D
81280,317.5,6124790830,D,C
81280,317.5,6942073117,C,D
81280,317.5,10133413225,D,C
81280,317.5,10993943947,C,D
81344,317.75,2241372750,D,C
81344,317.75,2978950804,C,D
81344,317.75,6124790830,D,C
81344,317.75,6942073117,C,D
81344,317.75,10133413225,D,C
81344,317.75,10993943947,C,D
81408,318.0,2241372750,D,C
81408,318.0,2978950804,C,D
81408,318.0,6124790830,D,C
81408,318.0,6942073117,C,D
81408,318.0,10133413225,D,C
81408,318.0,10993943947,C,D
81472,318.25,2241372750,D,C
81472,318.25,2978950804,C,D
81472,318.25,6124790830,D,C
81472,318.25,6942073117,C,D
81472,318.25,10133413225,D,C
81472,318.25,10993943947,C,D
81536,318.5,2241372750,D,C
81536,318.5,3000972351,C,D
81536,318.5,6124790830,D,C
81536,318.5,6942073117,C,D
81536,318.5,10133413225,D,C
81536,318.5,10993943947,C,D
81600,318.75,2241372750,D,C
81600,318.75,3000972351,C,D
81600,318.75,6124790830,D,C
81600,318.75,6964247590,C,D
81600,318.75,10133413225,D,C
81600,318.75,10993943947,C,D
81664,319.0,2264693822,D,C
81664,319.0,3000972351,C,D
81664,319.0,6124790830,D,C
81664,319.0,6964247590,C,D
81664,319.0,10133413225,D,C
81664,319.0,10993943947,C,D
81728,319.25,2264693822,D,C
81728,319.25,3000972351,C,D
81728,319.25,6124790830,D,C
81728,319.25,6964247590,C,D
81728,319.25,10133413225,D,C
81728,319.25,10993943947,C,D
81792,319.5,2264693822,D,C
81792,319.5,3000972351,C,D
81792,319.5,6146783308,D,C
81792,319.5,6964247590,C,D
81792,319.5,10133413225,D,C
81792,319.5,10993943947,C,D
81856,319.75,2264693822,D,C
81856,319.75,3000972351,C,D
81856,319.75,6146783308,D,C
81856,319.75,6964247590,C,D
81856,319.75,10133413225,D,C
81856,319.75,11016174578,C,D
81920,320.0,2264693822,D,C
81920,320.0,3111992690,C,D
81920,320.0,6146783308,D,C
81920,320.0,7053346072,C,D
81920,320.0,10133413225,D,C
81920,320.0,11106326709,C,D
81984,320.25,2264693822,D,C
81984,320.25,3111992690,C,D
81984,320.25,6146783308,D,C
81984,320.25,7053346072,C,D
81984,320.25,10133413225,D,C
81984,320.25,11106326709,C,D
82048,320.5,2264693822,D,C
82048,320.5,3111992690,C,D
82048,320.5,6146783308,D,C
82048,320.5,7053346072,C,D
82048,320.5,10133413225,D,C
82048,320.5,11106326709,C,D
82112,320.75,2264693822,D,C
82112,320.75,3111992690,C,D
82112,320.75,6146783308,D,C
82112,320.75,7053346072,C,D
82112,320.75,10133413225,D,C
82112,320.75,11106326709,C,D
82176,321.0,2264693822,D,C
82176,321.0,3111992690,C,D
82176,321.0,6146783308,D,C
82176,321.0,7053346072,C,D
82176,321.0,10133413225,D,C
82176,321.0,11128553964,C,D
82240,321.25,2264693822,D,C
82240,321.25,3111992690,C,D
82240,321.25,6146783308,D,C
82240,321.25,7053346072,C,D
82240,321.25,10133413225,D,C
82240,321.25,11128553964,C,D
82304,321.5,2264693822,D,C
82304,321.5,3111992690,C,D
82304,321.5,6146783308,D,C
82304,321.5,7053346072,C,D
82304,321.5,10155825837,D,C
82304,321.5,11128553964,C,D
82368,321.75,2264693822,D,C
82368,321.75,3111992690,C,D
82368,321.75,6146783308,D,C
82368,321.75,7075448382,C,D
82368,321.75,10155825837,D,C
82368,321.75,11128553964,C,D
82432,322.0,2264693822,D,C
82432,322.0,3111992690,C,D
82432,322.0,6146783308,D,C
82432,322.0,7075448382,C,D
82432,322.0,10155825837,D,C
82432,322.0,11128553964,C,D
82496,322.25,2264693822,D,C
82496,322.25,3111992690,C,D
82496,322.25,6146783308,D,C
82496,322.25,7075448382,C,D
82496,322.25,10155825837,D,C
82496,322.25,11128553964,C,D
82560,322.5,2264693822,D,C
82560,322.5,3111992690,C,D
82560,322.5,6146783308,D,C
82560,322.5,7075448382,C,D
82560,322.5,10155825837,D,C
82560,322.5,11128553964,C,D
82624,322.75,2264693822,D,C
82624,322.75,3111992690,C,D
82624,322.75,6146783308,D,C
82624,322.75,7075448382,C,D
82624,322.75,10155825837,D,C
82624,322.75,11128553964,C,D
82688,323.0,2264693822,D,C
82688,323.0,3111992690,C,D
82688,323.0,6146783308,D,C
82688,323.0,7075448382,C,D
82688,323.0,10155825837,D,C
82688,323.0,11128553964,C,D
82752,323.25,2264693822,D,C
82752,323.25,3134096452,C,D
82752,323.25,6146783308,D,C
82752,323.25,7075448382,C,D
82752,323.25,10155825837,D,C
82752,323.25,11128553964,C,D
82816,323.5,2264693822,D,C
82816,323.5,3134096452,C,D
82816,323.5,6146783308,D,C
82816,323.5,7075448382,C,D
82816,323.5,10178059122,D,C
82816,323.5,11128553964,C,D
82880,323.75,2264693822,D,C
82880,323.75,3134096452,C,D
82880,323.75,6146783308,D,C
82880,323.75,7075448382,C,D
82880,323.75,10178059122,D,C
82880,323.75,11128553964,C,D
82944,324.0,2264693822,D,C
82944,324.0,3134096452,C,D
82944,324.0,6146783308,D,C
82944,324.0,7075448382,C,D
82944,324.0,10178059122,D,C
82944,324.0,11128553964,C,D
83008,324.25,2264693822,D,C
83008,324.25,3134096452,C,D
83008,324.25,6146783308,D,C
83008,324.25,7075448382,C,D
83008,324.25,10178059122,D,C
83008,324.25,11128553964,C,D
83072,324.5,2264693822,D,C
83072,324.5,3134096452,C,D
83072,324.5,6146783308,D,C
83072,324.5,7075448382,C,D
83072,324.5,10178059122,D,C
83072,324.5,11151437183,C,D
83136,324.75,2264693822,D,C
83136,324.75,3156552449,C,D
83136,324.75,6168824835,D,C
83136,324.75,7097561892,C,D
83136,324.75,10178059122,D,C
83136,324.75,11151437183,C,D
83200,325.0,2264693822,D,C
83200,325.0,3156552449,C,D
83200,325.0,6168824835,D,C
83200,325.0,7097561892,C,D
83200,325.0,10178059122,D,C
83200,325.0,11151437183,C,D
83264,325.25,2264693822,D,C
83264,325.25,3156552449,C,D
83264,325.25,6168824835,D,C
83264,325.25,7097561892,C,D
83264,325.25,10178059122,D,C
83264,325.25,11151437183,C,D
83328,325.5,2264693822,D,C
83328,325.5,3156552449,C,D
83328,325.5,6168824835,D,C
83328,325.5,7097561892,C,D
83328,325.5,10178059122,D,C
83328,325.5,11151437183,C,D
83392,325.75,2264693822,D,C
83392,325.75,3156552449,C,D
83392,325.75,6168824835,D,C
83392,325.75,7097561892,C,D
83392,325.75,10178059122,D,C
83392,325.75,11151437183,C,D
83456,326.0,2264693822,D,C
83456,326.0,3156552449,C,D
83456,326.0,6168824835,D,C
83456,326.0,7097561892,C,D
83456,326.0,10178059122,D,C
83456,326.0,11151437183,C,D
83520,326.25,2264693822,D,C
83520,326.25,3156552449,C,D
83520,326.25,6168824835,D,C
83520,326.25,7097561892,C,D
83520,326.25,10178059122,D,C
83520,326.25,11151437183,C,D
83584,326.5,2264693822,D,C
83584,326.5,3156552449,C,D
83584,326.5,6168824835,D,C
83584,326.5,7097561892,C,D
83584,326.5,10178059122,D,C
83584,326.5,11151437183,C,D
83648,326.75,2264693822,D,C
83648,326.75,3156552449,C,D
83648,326.75,6168824835,D,C
83648,326.75,7097561892,C,D
83648,326.75,10178059122,D,C
83648,326.75,11173968179,C,D
83712,327.0,2264693822,D,C
83712,327.0,3156552449,C,D
83712,327.0,6168824835,D,C
83712,327.0,7119678797,C,D
83712,327.0,10178059122,D,C
83712,327.0,11173968179,C,D
83776,327.25,2264693822,D,C
83776,327.25,3156552449,C,D
83776,327.25,6191030649,D,C
83776,327.25,7119678797,C,D
83776,327.25,10178059122,D,C
83776,327.25,11173968179,C,D
83840,327.5,2264693822,D,C
83840,327.5,3156552449,C,D
83840,327.5,6191030649,D,C
83840,327.5,7119678797,C,D
83840,327.5,10178059122,D,C
83840,327.5,11173968179,C,D
83904,327.75,2264693822,D,C
83904,327.75,3156552449,C,D
83904,327.75,6191030649,D,C
83904,327.75,7119678797,C,D
83904,327.75,10178059122,D,C
83904,327.75,11173968179,C,D
83968,328.0,2264693822,D,C
83968,328.0,3156552449,C,D
83968,328.0,6191030649,D,C
83968,328.0,7119678797,C,D
83968,328.0,10178059122,D,C
83968,328.0,11173968179,C,D
84032,328.25,2264693822,D,C
84032,328.25,3156552449,C,D
84032,328.25,6191030649,D,C
84032,328.25,7119678797,C,D
84032,328.25,10178059122,D,C
84032,328.25,11173968179,C,D
84096,328.5,2264693822,D,C
84096,328.5,3156552449,C,D
84096,328.5,6191030649,D,C
84096,328.5,7119678797,C,D
84096,328.5,10200898003,D,C
84096,328.5,11173968179,C,D
84160,328.75,2264693822,D,C
84160,328.75,3156552449,C,D
84160,328.75,6191030649,D,C
84160,328.75,7119678797,C,D
84160,328.75,10200898003,D,C
84160,328.75,11173968179,C,D
84224,329.0,2264693822,D,C
84224,329.0,3156552449,C,D
84224,329.0,6191030649,D,C
84224,329.0,7119678797,C,D
84224,329.0,10200898003,D,C
84224,329.0,11196213292,C,D
84288,329.25,2264693822,D,C
84288,329.25,3156552449,C,D
84288,329.25,6191030649,D,C
84288,329.25,7119678797,C,D
84288,329.25,10200898003,D,C
84288,329.25,11196213292,C,D
84352,329.5,2264693822,D,C
84352,329.5,3179990703,C,D
84352,329.5,6191030649,D,C
84352,329.5,7119678797,C,D
84352,329.5,10200898003,D,C
84352,329.5,11196213292,C,D
84416,329.75,2264693822,D,C
84416,329.75,3179990703,C,D
84416,329.75,6191030649,D,C
84416,329.75,7119678797,C,D
84416,329.75,10223101600,D,C
84416,329.75,11196213292,C,D
84480,330.0,2264693822,D,C
84480,330.0,3179990703,C,D
84480,330.0,6191030649,D,C
84480,330.0,7119678797,C,D
84480,330.0,10223101600,D,C
84480,330.0,11196213292,C,D
84544,330.25,2264693822,D,C
84544,330.25,3179990703,C,D
84544,330.25,6191030649,D,C
84544,330.25,7119678797,C,D
84544,330.25,10223101600,D,C
84544,330.25,11196213292,C,D
84608,330.5,2264693822,D,C
84608,330.5,3179990703,C,D
84608,330.5,6191030649,D,C
84608,330.5,7119678797,C,D
84608,330.5,10223101600,D,C
84608,330.5,11196213292,C,D
84672,330.75,2264693822,D,C
84672,330.75,3179990703,C,D
84672,330.75,6213103069,D,C
84672,330.75,7119678797,C,D
84672,330.75,10223101600,D,C
84672,330.75,11196213292,C,D
84736,331.0,2264693822,D,C
84736,331.0,3179990703,C,D
84736,331.0,6213103069,D,C
84736,331.0,7119678797,C,D
84736,331.0,10223101600,D,C
84736,331.0,11196213292,C,D
84800,331.25,2264693822,D,C
84800,331.25,3179990703,C,D
84800,331.25,6213103069,D,C
84800,331.25,7119678797,C,D
84800,331.25,10223101600,D,C
84800,331.25,11196213292,C,D
84864,331.5,2264693822,D,C
84864,331.5,3179990703,C,D
84864,331.5,6213103069,D,C
84864,331.5,7119678797,C,D
84864,331.5,10223101600,D,C
84864,331.5,11196213292,C,D
84928,331.75,2264693822,D,C
84928,331.75,3179990703,C,D
84928,331.75,6213103069,D,C
84928,331.75,7119678797,C,D
84928,331.75,10223101600,D,C
84928,331.75,11196213292,C,D
84992,332.0,2264693822,D,C
84992,332.0,3179990703,C,D
84992,332.0,6213103069,D,C
84992,332.0,7119678797,C,D
84992,332.0,10223101600,D,C
84992,332.0,11196213292,C,D
85056,332.25,2264693822,D,C
85056,332.25,3179990703,C,D
85056,332.25,6213103069,D,C
85056,332.25,7119678797,C,D
85056,332.25,10223101600,D,C
85056,332.25,11196213292,C,D
85120,332.5,2264693822,D,C
85120,332.5,3179990703,C,D
85120,332.5,6213103069,D,C
85120,332.5,7141773359,C,D
85120,332.5,10223101600,D,C
85120,332.5,11218546910,C,D
85184,332.75,2264693822,D,C
85184,332.75,3179990703,C,D
85184,332.75,6213103069,D,C
85184,332.75,7141773359,C,D
85184,332.75,10223101600,D,C
85184,332.75,11218546910,C,D
85248,333.0,2264693822,D,C
85248,333.0,3179990703,C,D
85248,333.0,6213103069,D,C
85248,333.0,7141773359,C,D
85248,333.0,10223101600,D,C
85248,333.0,11218546910,C,D
85312,333.25,2308517572,D,C
85312,333.25,3179990703,C,D
85312,333.25,6235344910,D,C
85312,333.25,7141773359,C,D
85312,333.25,10223101600,D,C
85312,333.25,11218546910,C,D
85376,333.5,2308517572,D,C
85376,333.5,3201968828,C,D
85376,333.5,6235344910,D,C
85376,333.5,7141773359,C,D
85376,333.5,10223101600,D,C
85376,333.5,11218546910,C,D
85440,333.75,2308517572,D,C
85440,333.75,3201968828,C,D
85440,333.75,6235344910,D,C
85440,333.75,7141773359,C,D
85440,333.75,10245393462,D,C
85440,333.75,11218546910,C,D
85504,334.0,2308517572,D,C
85504,334.0,3201968828,C,D
85504,334.0,6235344910,D,C
85504,334.0,7141773359,C,D
85504,334.0,10245393462,D,C
85504,334.0,11218546910,C,D
85568,334.25,2308517572,D,C
85568,334.25,3201968828,C,D
85568,334.25,6235344910,D,C
85568,334.25,7163898275,C,D
85568,334.25,10245393462,D,C
85568,334.25,11218546910,C,D
85632,334.5,2308517572,D,C
85632,334.5,3201968828,C,D
85632,334.5,6235344910,D,C
85632,334.5,7163898275,C,D
85632,334.5,10245393462,D,C
85632,334.5,11218546910,C,D
85696,334.75,2308517572,D,C
85696,334.75,3201968828,C,D
85696,334.75,6235344910,D,C
85696,334.75,7163898275,C,D
85696,334.75,10245393462,D,C
85696,334.75,11218546910,C,D
85760,335.0,2308517572,D,C
85760,335.0,3201968828,C,D
85760,335.0,6257547395,D,C
85760,335.0,7163898275,C,D
85760,335.0,10245393462,D,C
85760,335.0,11218546910,C,D
85824,335.25,2308517572,D,C
85824,335.25,3201968828,C,D
85824,335.25,6257547395,D,C
85824,335.25,7163898275,C,D
85824,335.25,10245393462,D,C
85824,335.25,11242078121,C,D
85888,335.5,2308517572,D,C
85888,335.5,3201968828,C,D
85888,335.5,6257547395,D,C
85888,335.5,7163898275,C,D
85888,335.5,10268173559,D,C
85888,335.5,11242078121,C,D
85952,335.75,2308517572,D,C
85952,335.75,3201968828,C,D
85952,335.75,6257547395,D,C
85952,335.75,7163898275,C,D
85952,335.75,10268173559,D,C
85952,335.75,11242078121,C,D
86016,336.0,2308517572,D,C
86016,336.0,3201968828,C,D
86016,336.0,6257547395,D,C
86016,336.0,7163898275,C,D
86016,336.0,10268173559,D,C
86016,336.0,11242078121,C,D
86080,336.25,2308517572,D,C
86080,336.25,3224176183,C,D
86080,336.25,6257547395,D,C
86080,336.25,7163898275,C,D
86080,336.25,10268173559,D,C
86080,336.25,11242078121,C,D
86144,336.5,2308517572,D,C
86144,336.5,3224176183,C,D
86144,336.5,6257547395,D,C
86144,336.5,7163898275,C,D
86144,336.5,10268173559,D,C
86144,336.5,11242078121,C,D
86208,336.75,2308517572,D,C
86208,336.75,3224176183,C,D
86208,336.75,6257547395,D,C
86208,336.75,7163898275,C,D
86208,336.75,10268173559,D,C
86208,336.75,11242078121,C,D
86272,337.0,2308517572,D,C
86272,337.0,3224176183,C,D
86272,337.0,6257547395,D,C
86272,337.0,7163898275,C,D
86272,337.0,10268173559,D,C
86272,337.0,11242078121,C,D
86336,337.25,2308517572,D,C
86336,337.25,3224176183,C,D
86336,337.25,6279942714,D,C
86336,337.25,7163898275,C,D
86336,337.25,10268173559,D,C
86336,337.25,11242078121,C,D
86400,337.5,2308517572,D,C
86400,337.5,3224176183,C,D
86400,337.5,6279942714,D,C
86400,337.5,7163898275,C,D
86400,337.5,10268173559,D,C
86400,337.5,11242078121,C,D
86464,337.75,2308517572,D,C
86464,337.75,3224176183,C,D
86464,337.75,6279942714,D,C
86464,337.75,7163898275,C,D
86464,337.75,10268173559,D,C
86464,337.75,11242078121,C,D
86528,338.0,2308517572,D,C
86528,338.0,3224176183,C,D
86528,338.0,6279942714,D,C
86528,338.0,7163898275,C,D
86528,338.0,10268173559,D,C
86528,338.0,11242078121,C,D
86592,338.25,2308517572,D,C
86592,338.25,3224176183,C,D
86592,338.25,6279942714,D,C
86592,338.25,7163898275,C,D
86592,338.25,10268173559,D,C
86592,338.25,11265069966,C,D
86656,338.5,2308517572,D,C
86656,338.5,3224176183,C,D
86656,338.5,6279942714,D,C
86656,338.5,7163898275,C,D
86656,338.5,10290435445,D,C
86656,338.5,11265069966,C,D
86720,338.75,2331772406,D,C
86720,338.75,3224176183,C,D
86720,338.75,6279942714,D,C
86720,338.75,7163898275,C,D
86720,338.75,10290435445,D,C
86720,338.75,11265069966,C,D
86784,339.0,2331772406,D,C
86784,339.0,3224176183,C,D
86784,339.0,6279942714,D,C
86784,339.0,7163898275,C,D
86784,339.0,10290435445,D,C
86784,339.0,11265069966,C,D
86848,339.25,2331772406,D,C
86848,339.25,3224176183,C,D
86848,339.25,6279942714,D,C
86848,339.25,7163898275,C,D
86848,339.25,10290435445,D,C
86848,339.25,11265069966,C,D
86912,339.5,2331772406,D,C
86912,339.5,3224176183,C,D
86912,339.5,6279942714,D,C
86912,339.5,7186077842,C,D
86912,339.5,10290435445,D,C
86912,339.5,11265069966,C,D
86976,339.75,2331772406,D,C
86976,339.75,3224176183,C,D
86976,339.75,6279942714,D,C
86976,339.75,7186077842,C,D
86976,339.75,10290435445,D,C
86976,339.75,11265069966,C,D
87040,340.0,2331772406,D,C
87040,340.0,3224176183,C,D
87040,340.0,6302120411,D,C
87040,340.0,7186077842,C,D
87040,340.0,10290435445,D,C
87040,340.0,11265069966,C,D
87104,340.25,2331772406,D,C
87104,340.25,3224176183,C,D
87104,340.25,6302120411,D,C
87104,340.25,7186077842,C,D
87104,340.25,10290435445,D,C
87104,340.25,11265069966,C,D
87168,340.5,2331772406,D,C
87168,340.5,3224176183,C,D
87168,340.5,6302120411,D,C
87168,340.5,7186077842,C,D
87168,340.5,10290435445,D,C
87168,340.5,11265069966,C,D
87232,340.75,2331772406,D,C
87232,340.75,3224176183,C,D
87232,340.75,6302120411,D,C
87232,340.75,7186077842,C,D
87232,340.75,10290435445,D,C
87232,340.75,11265069966,C,D
87296,341.0,2331772406,D,C
87296,341.0,3224176183,C,D
87296,341.0,6302120411,D,C
87296,341.0,7186077842,C,D
87296,341.0,10290435445,D,C
87296,341.0,11287542642,C,D
87360,341.25,2331772406,D,C
87360,341.25,3224176183,C,D
87360,341.25,6302120411,D,C
87360,341.25,7208184817,C,D
87360,341.25,10290435445,D,C
87360,341.25,11287542642,C,D
87424,341.5,2353609248,D,C
87424,341.5,3224176183,C,D
87424,341.5,6302120411,D,C
87424,341.5,7208184817,C,D
87424,341.5,10290435445,D,C
87424,341.5,11287542642,C,D
87488,341.75,2353609248,D,C
87488,341.75,3224176183,C,D
87488,341.75,6302120411,D,C
87488,341.75,7208184817,C,D
87488,341.75,10290435445,D,C
87488,341.75,11287542642,C,D
87552,342.0,2353609248,D,C
87552,342.0,3224176183,C,D
87552,342.0,6302120411,D,C
87552,342.0,7208184817,C,D
87552,342.0,10290435445,D,C
87552,342.0,11287542642,C,D
87616,342.25,2353609248,D,C
87616,342.25,3224176183,C,D
87616,342.25,6302120411,D,C
87616,342.25,7208184817,C,D
87616,342.25,10290435445,D,C
87616,342.25,11287542642,C,D
87680,342.5,2353609248,D,C
87680,342.5,3224176183,C,D
87680,342.5,6302120411,D,C
87680,342.5,7208184817,C,D
87680,342.5,10290435445,D,C
87680,342.5,11287542642,C,D
87744,342.75,2353609248,D,C
87744,342.75,3224176183,C,D
87744,342.75,6302120411,D,C
87744,342.75,7208184817,C,D
87744,342.75,10290435445,D,C
87744,342.75,11287542642,C,D
87808,343.0,2353609248,D,C
87808,343.0,3224176183,C,D
87808,343.0,6302120411,D,C
87808,343.0,7208184817,C,D
87808,343.0,10312935112,D,C
87808,343.0,11287542642,C,S
87808,343.0,11309735778,S,D
87872,343.25,2353609248,D,C
87872,343.25,3224176183,C,D
87872,343.25,6302120411,D,C
87872,343.25,7208184817,C,D
87872,343.25,10312935112,D,C
87872,343.25,11309735778,C,D
87936,343.5,2353609248,D,C
87936,343.5,3224176183,C,D
87936,343.5,6302120411,D,C
87936,343.5,7208184817,C,D
87936,343.5,10312935112,D,C
87936,343.5,11309735778,C,D
88000,343.75,2353609248,D,C
88000,343.75,3224176183,C,D
88000,343.75,6302120411,D,C
88000,343.75,7208184817,C,D
88000,343.75,10312935112,D,C
88000,343.75,11309735778,C,D
88064,344.0,2463567282,D,C
88064,344.0,3246698268,C,D
88064,344.0,6325348159,D,C
88064,344.0,7208184817,C,D
88064,344.0,10312935112,D,C
88064,344.0,11309735778,C,D
88128,344.25,2463567282,D,C
88128,344.25,3246698268,C,D
88128,344.25,6325348159,D,C
88128,344.25,7208184817,C,D
88128,344.25,10312935112,D,C
88128,344.25,11309735778,C,D
88192,344.5,2463567282,D,C
88192,344.5,3246698268,C,D
88192,344.5,6325348159,D,C
88192,344.5,7208184817,C,D
88192,344.5,10335154436,D,C
88192,344.5,11309735778,C,D
88256,344.75,2463567282,D,C
88256,344.75,3246698268,C,D
88256,344.75,6325348159,D,C
88256,344.75,7208184817,C,D
88256,344.75,10335154436,D,C
88256,344.75,11309735778,C,D
88320,345.0,2463567282,D,C
88320,345.0,3246698268,C,D
88320,345.0,6325348159,D,C
88320,345.0,7208184817,C,D
88320,345.0,10335154436,D,C
88320,345.0,11309735778,C,D
88384,345.25,2463567282,D,C
88384,345.25,3246698268,C,D
88384,345.25,6325348159,D,C
88384,345.25,7230554397,C,D
88384,345.25,10335154436,D,C
88384,345.25,11309735778,C,D
88448,345.5,2463567282,D,C
88448,345.5,3246698268,C,D
88448,345.5,6325348159,D,C
88448,345.5,7230554397,C,D
88448,345.5,10335154436,D,C
88448,345.5,11309735778,C,D
88512,345.75,2463567282,D,C
88512,345.75,3246698268,C,D
88512,345.75,6325348159,D,C
88512,345.75,7230554397,C,D
88512,345.75,10335154436,D,C
88512,345.75,11309735778,C,D
88576,346.0,2353609248,D,C
88576,346.0,3246698268,C,D
88576,346.0,6325348159,D,C
88576,346.0,7230554397,C,D
88576,346.0,10335154436,D,C
88576,346.0,11309735778,C,D
88640,346.25,2353609248,D,C
88640,346.25,3246698268,C,D
88640,346.25,6347454607,D,C
88640,346.25,7230554397,C,D
88640,346.25,10335154436,D,C
88640,346.25,11309735778,C,D
88704,346.5,2353609248,D,C
88704,346.5,3246698268,C,D
88704,346.5,6347454607,D,C
88704,346.5,7230554397,C,D
88704,346.5,10335154436,D,C
88704,346.5,11309735778,C,D
88768,346.75,2353609248,D,C
88768,346.75,3268722705,C,D
88768,346.75,6347454607,D,C
88768,346.75,7230554397,C,D
88768,346.75,10335154436,D,C
88768,346.75,11332580657,C,D
88832,347.0,2353609248,D,C
88832,347.0,3268722705,C,D
88832,347.0,6347454607,D,C
88832,347.0,7230554397,C,D
88832,347.0,10335154436,D,C
88832,347.0,11332580657,C,D
88896,347.25,2375600098,D,C
88896,347.25,3268722705,C,D
88896,347.25,6347454607,D,C
88896,347.25,7252755565,C,D
88896,347.25,10335154436,D,C
88896,347.25,11332580657,C,D
88960,347.5,2375600098,D,C
88960,347.5,3268722705,C,D
88960,347.5,6347454607,D,C
88960,347.5,7252755565,C,D
88960,347.5,10335154436,D,C
88960,347.5,11332580657,C,D
89024,347.75,2375600098,D,C
89024,347.75,3268722705,C,D
89024,347.75,6347454607,D,C
89024,347.75,7252755565,C,D
89024,347.75,10335154436,D,C
89024,347.75,11332580657,C,D
89088,348.0,2375600098,D,C
89088,348.0,3268722705,C,D
89088,348.0,6347454607,D,C
89088,348.0,7252755565,C,D
89088,348.0,10335154436,D,C
89088,348.0,11356688189,C,D
89152,348.25,2375600098,D,C
89152,348.25,3268722705,C,D
89152,348.25,6347454607,D,C
89152,348.25,7252755565,C,D
89152,348.25,10335154436,D,C
89152,348.25,11356688189,C,D
89216,348.5,2375600098,D,C
89216,348.5,3291071941,C,D
89216,348.5,6347454607,D,C
89216,348.5,7252755565,C,D
89216,348.5,10357691132,D,C
89216,348.5,11356688189,C,D
89280,348.75,2375600098,D,C
89280,348.75,3291071941,C,D
89280,348.75,6347454607,D,C
89280,348.75,7252755565,C,D
89280,348.75,10357691132,D,C
89280,348.75,11356688189,C,D
89344,349.0,2375600098,D,C
89344,349.0,3291071941,C,D
89344,349.0,6347454607,D,C
89344,349.0,7252755565,C,D
89344,349.0,10357691132,D,C
89344,349.0,11356688189,C,D
89408,349.25,2375600098,D,C
89408,349.25,3291071941,C,D
89408,349.25,6369843052,D,C
89408,349.25,7252755565,C,D
89408,349.25,10357691132,D,C
89408,349.25,11356688189,C,D
89472,349.5,2397432864,D,C
89472,349.5,3291071941,C,D
89472,349.5,6369843052,D,C
89472,349.5,7275029101,C,D
89472,349.5,10357691132,D,C
89472,349.5,11356688189,C,D
89536,349.75,2397432864,D,C
89536,349.75,3291071941,C,D
89536,349.75,6369843052,D,C
89536,349.75,7275029101,C,D
89536,349.75,10357691132,D,C
89536,349.75,11356688189,C,D
89600,350.0,2397432864,D,C
89600,350.0,3291071941,C,D
89600,350.0,6369843052,D,C
89600,350.0,7275029101,C,D
89600,350.0,10357691132,D,C
89600,350.0,11356688189,C,D
89664,350.25,2397432864,D,C
89664,350.25,3291071941,C,D
89664,350.25,6369843052,D,C
89664,350.25,7275029101,C,D
89664,350.25,10357691132,D,C
89664,350.25,11356688189,C,D
89728,350.5,2397432864,D,C
89728,350.5,3291071941,C,D
89728,350.5,6369843052,D,C
89728,350.5,7275029101,C,D
89728,350.5,10357691132,D,C
89728,350.5,11356688189,C,D
89792,350.75,2397432864,D,C
89792,350.75,3291071941,C,D
89792,350.75,6369843052,D,C
89792,350.75,7275029101,C,D
89792,350.75,10380040278,D,C
89792,350.75,11356688189,C,D
89856,351.0,2397432864,D,C
89856,351.0,3291071941,C,D
89856,351.0,6391915692,D,C
89856,351.0,7275029101,C,D
89856,351.0,10380040278,D,C
89856,351.0,11356688189,C,D
89920,351.25,2397432864,D,C
89920,351.25,3291071941,C,D
89920,351.25,6391915692,D,C
89920,351.25,7275029101,C,D
89920,351.25,10380040278,D,C
89920,351.25,11356688189,C,D
89984,351.5,2397432864,D,C
89984,351.5,3313269863,C,D
89984,351.5,6391915692,D,C
89984,351.5,7275029101,C,D
89984,351.5,10380040278,D,C
89984,351.5,11356688189,C,D
90048,351.75,2397432864,D,C
90048,351.75,3313269863,C,D
90048,351.75,6391915692,D,C
90048,351.75,7275029101,C,D
90048,351.75,10380040278,D,C
90048,351.75,11356688189,C,D
90112,352.0,2419406879,D,C
90112,352.0,3313269863,C,D
90112,352.0,6391915692,D,C
90112,352.0,7297361035,C,D
90112,352.0,10380040278,D,C
90112,352.0,11356688189,C,D
90176,352.25,2419406879,D,C
90176,352.25,3313269863,C,D
90176,352.25,6391915692,D,C
90176,352.25,7297361035,C,D
90176,352.25,10380040278,D,C
90176,352.25,11379647639,C,D
90240,352.5,2419406879,D,C
90240,352.5,3313269863,C,D
90240,352.5,6391915692,D,C
90240,352.5,7297361035,C,D
90240,352.5,10380040278,D,C
90240,352.5,11379647639,C,D
90304,352.75,2419406879,D,C
90304,352.75,3313269863,C,D
90304,352.75,6391915692,D,C
90304,352.75,7297361035,C,D
90304,352.75,10380040278,D,C
90304,352.75,11379647639,C,D
90368,353.0,2419406879,D,C
90368,353.0,3336291398,C,D
90368,353.0,6391915692,D,C
90368,353.0,7297361035,C,D
90368,353.0,10380040278,D,C
90368,353.0,11379647639,C,D
90432,353.25,2441492262,D,C
90432,353.25,3336291398,C,D
90432,353.25,6391915692,D,C
90432,353.25,7297361035,C,D
90432,353.25,10380040278,D,C
90432,353.25,11379647639,C,D
90496,353.5,2441492262,D,C
90496,353.5,3336291398,C,D
90496,353.5,6391915692,D,C
90496,353.5,7297361035,C,D
90496,353.5,10380040278,D,C
90496,353.5,11379647639,C,D
90560,353.75,2441492262,D,C
90560,353.75,3336291398,C,D
90560,353.75,6391915692,D,C
90560,353.75,7297361035,C,D
90560,353.75,10380040278,D,C
90560,353.75,11379647639,C,D
90624,354.0,2441492262,D,C
90624,354.0,3336291398,C,D
90624,354.0,6391915692,D,C
90624,354.0,7297361035,C,D
90624,354.0,10380040278,D,C
90624,354.0,11379647639,C,D
90688,354.25,2441492262,D,C
90688,354.25,3336291398,C,D
90688,354.25,6391915692,D,C
90688,354.25,7297361035,C,D
90688,354.25,10380040278,D,C
90688,354.25,11401976693,C,D
90752,354.5,2441492262,D,C
90752,354.5,3336291398,C,D
90752,354.5,6391915692,D,C
90752,354.5,7297361035,C,D
90752,354.5,10380040278,D,C
90752,354.5,11401976693,C,D
90816,354.75,2441492262,D,C
90816,354.75,3336291398,C,D
90816,354.75,6391915692,D,C
90816,354.75,7297361035,C,D
90816,354.75,10380040278,D,C
90816,354.75,11401976693,C,D
90880,355.0,2441492262,D,C
90880,355.0,3336291398,C,D
90880,355.0,6391915692,D,C
90880,355.0,7297361035,C,D
90880,355.0,10380040278,D,C
90880,355.0,11401976693,C,D
90944,355.25,2441492262,D,C
90944,355.25,3336291398,C,D
90944,355.25,6414399604,D,C
90944,355.25,7297361035,C,D
90944,355.25,10380040278,D,C
90944,355.25,11401976693,C,D
91008,355.5,2441492262,D,C
91008,355.5,3336291398,C,D
91008,355.5,6414399604,D,C
91008,355.5,7297361035,C,D
91008,355.5,10403168482,D,C
91008,355.5,11401976693,C,D
91072,355.75,2441492262,D,C
91072,355.75,3336291398,C,D
91072,355.75,6414399604,D,C
91072,355.75,7297361035,C,D
91072,355.75,10403168482,D,C
91072,355.75,11401976693,C,D
91136,356.0,2441492262,D,C
91136,356.0,3336291398,C,D
91136,356.0,6414399604,D,C
91136,356.0,7297361035,C,D
91136,356.0,10403168482,D,C
91136,356.0,11401976693,C,D
91200,356.25,2441492262,D,C
91200,356.25,3336291398,C,D
91200,356.25,6414399604,D,C
91200,356.25,7320164385,C,D
91200,356.25,10403168482,D,C
91200,356.25,11401976693,C,D
91264,356.5,2441492262,D,C
91264,356.5,3336291398,C,D
91264,356.5,6414399604,D,C
91264,356.5,7320164385,C,D
91264,356.5,10403168482,D,C
91264,356.5,11401976693,C,D
91328,356.75,2441492262,D,C
91328,356.75,3336291398,C,D
91328,356.75,6414399604,D,C
91328,356.75,7320164385,C,D
91328,356.75,10403168482,D,C
91328,356.75,11401976693,C,D
91392,357.0,2441492262,D,C
91392,357.0,3336291398,C,D
91392,357.0,6414399604,D,C
91392,357.0,7320164385,C,D
91392,357.0,10403168482,D,C
91392,357.0,11401976693,C,D
91456,357.25,2485819806,D,C
91456,357.25,3358432103,C,D
91456,357.25,6414399604,D,C
91456,357.25,7320164385,C,D
91456,357.25,10403168482,D,C
91456,357.25,11401976693,C,D
91520,357.5,2441492262,D,C
91520,357.5,3358432103,C,D
91520,357.5,6414399604,D,C
91520,357.5,7320164385,C,D
91520,357.5,10403168482,D,C
91520,357.5,11424413862,C,D
91584,357.75,2441492262,D,C
91584,357.75,3358432103,C,D
91584,357.75,6414399604,D,C
91584,357.75,7320164385,C,D
91584,357.75,10403168482,D,C
91584,357.75,11424413862,C,D
91648,358.0,2441492262,D,C
91648,358.0,3358432103,C,D
91648,358.0,6436769435,D,C
91648,358.0,7320164385,C,D
91648,358.0,10403168482,D,C
91648,358.0,11424413862,C,D
91712,358.25,2441492262,D,C
91712,358.25,3358432103,C,D
91712,358.25,6436769435,D,C
91712,358.25,7320164385,C,D
91712,358.25,10403168482,D,C
91712,358.25,11424413862,C,D
91776,358.5,2441492262,D,C
91776,358.5,3358432103,C,D
91776,358.5,6436769435,D,C
91776,358.5,7320164385,C,D
91776,358.5,10426329694,D,C
91776,358.5,11424413862,C,D
91840,358.75,2441492262,D,C
91840,358.75,3358432103,C,D
91840,358.75,6436769435,D,C
91840,358.75,7320164385,C,D
91840,358.75,10426329694,D,C
91840,358.75,11424413862,C,D
91904,359.0,2441492262,D,C
91904,359.0,3358432103,C,D
91904,359.0,6436769435,D,C
91904,359.0,7320164385,C,D
91904,359.0,10426329694,D,C
91904,359.0,11424413862,C,D
91968,359.25,2441492262,D,C
91968,359.25,3358432103,C,D
91968,359.25,6436769435,D,C
91968,359.25,7320164385,C,D
91968,359.25,10426329694,D,C
91968,359.25,11424413862,C,D
92032,359.5,2441492262,D,C
92032,359.5,3380796138,C,D
92032,359.5,6436769435,D,C
92032,359.5,7320164385,C,D
92032,359.5,10426329694,D,C
92032,359.5,11424413862,C,D
92096,359.75,2441492262,D,C
92096,359.75,3380796138,C,D
92096,359.75,6436769435,D,C
92096,359.75,7320164385,C,D
92096,359.75,10426329694,D,C
92096,359.75,11424413862,C,D
92160,360.0,2485819806,D,C
92160,360.0,3380796138,C,D
92160,360.0,6436769435,D,C
92160,360.0,7320164385,C,D
92160,360.0,10426329694,D,C
92160,360.0,11424413862,C,D
92224,360.25,2463567282,D,C
92224,360.25,3380796138,C,D
92224,360.25,6436769435,D,C
92224,360.25,7320164385,C,D
92224,360.25,10426329694,D,C
92224,360.25,11424413862,C,D
92288,360.5,2485819806,D,C
92288,360.5,3380796138,C,D
92288,360.5,6436769435,D,C
92288,360.5,7320164385,C,D
92288,360.5,10426329694,D,C
92288,360.5,11424413862,C,D
92352,360.75,2463567282,D,C
92352,360.75,3380796138,C,D
92352,360.75,6436769435,D,C
92352,360.75,7320164385,C,D
92352,360.75,10426329694,D,C
92352,360.75,11424413862,C,D
92416,361.0,2485819806,D,C
92416,361.0,3380796138,C,D
92416,361.0,6436769435,D,C
92416,361.0,7342505384,C,D
92416,361.0,10426329694,D,C
92416,361.0,11424413862,C,D
92480,361.25,2485819806,D,C
92480,361.25,3380796138,C,D
92480,361.25,6436769435,D,C
92480,361.25,7342505384,C,D
92480,361.25,10426329694,D,C
92480,361.25,11424413862,C,D
92544,361.5,2485819806,D,C
92544,361.5,3380796138,C,D
92544,361.5,6436769435,D,C
92544,361.5,7342505384,C,D
92544,361.5,10426329694,D,C
92544,361.5,11424413862,C,D
92672,362.0,2485819806,D,C
92672,362.0,3380796138,C,D
92672,362.0,6459108353,D,C
92672,362.0,7342505384,C,D
92672,362.0,10426329694,D,C
92672,362.0,11424413862,C,D
92736,362.25,2485819806,D,C
92736,362.25,3380796138,C,D
92736,362.25,6459108353,D,C
92736,362.25,7342505384,C,D
92736,362.25,10426329694,D,C
92736,362.25,11424413862,C,D
92864,362.75,2485819806,D,C
92864,362.75,3380796138,C,D
92864,362.75,6459108353,D,C
92864,362.75,7342505384,C,D
92864,362.75,10426329694,D,C
92864,362.75,11424413862,C,D
93056,363.5,2485819806,D,C
93056,363.5,3380796138,C,D
93056,363.5,6459108353,D,C
93056,363.5,7342505384,C,D
93056,363.5,10426329694,D,C
93056,363.5,11424413862,C,D
93184,364.0,2485819806,D,C
93184,364.0,3380796138,C,D
93184,364.0,6459108353,D,C
93184,364.0,7342505384,C,D
93184,364.0,10448531460,D,C
93184,364.0,11446742401,C,D
93504,365.25,2485819806,D,C
93504,365.25,3380796138,C,D
93504,365.25,6459108353,D,C
93504,365.25,7342505384,C,D
93504,365.25,10448531460,D,C
93504,365.25,11446742401,C,D
93568,365.5,2485819806,D,C
93568,365.5,3403304208,C,D
93568,365.5,6459108353,D,C
93568,365.5,7342505384,C,D
93568,365.5,10448531460,D,C
93568,365.5,11446742401,C,D
93632,365.75,2485819806,D,C
93632,365.75,3403304208,C,D
93632,365.75,6459108353,D,C
93632,365.75,7342505384,C,D
93632,365.75,10448531460,D,C
93632,365.75,11446742401,C,D
93696,366.0,2485819806,D,C
93696,366.0,3403304208,C,D
93696,366.0,6459108353,D,C
93696,366.0,7342505384,C,D
93696,366.0,10448531460,D,C
93696,366.0,11446742401,C,D
93760,366.25,2485819806,D,C
93760,366.25,3403304208,C,D
93760,366.25,6459108353,D,C
93760,366.25,7342505384,C,D
93760,366.25,10448531460,D,C
93760,366.25,11446742401,C,D
93824,366.5,2485819806,D,C
93824,366.5,3403304208,C,D
93824,366.5,6459108353,D,C
93824,366.5,7342505384,C,D
93824,366.5,10448531460,D,C
93824,366.5,11446742401,C,D
93952,367.0,2485819806,D,C
93952,367.0,3403304208,C,D
93952,367.0,6459108353,D,C
93952,367.0,7342505384,C,D
93952,367.0,10448531460,D,C
93952,367.0,11446742401,C,D
94016,367.25,2485819806,D,C
94016,367.25,3403304208,C,D
94016,367.25,6481172621,D,C
94016,367.25,7342505384,C,D
94016,367.25,10448531460,D,C
94016,367.25,11446742401,C,D
94144,367.75,2485819806,D,C
94144,367.75,3403304208,C,D
94144,367.75,6481172621,D,C
94144,367.75,7342505384,C,D
94144,367.75,10448531460,D,C
94144,367.75,11446742401,C,D
94208,368.0,6481172621,D,C
94208,368.0,7342505384,C,D
94208,368.0,10448531460,D,C
94208,368.0,11446742401,C,D
94336,368.5,2485819806,D,C
94336,368.5,3403304208,C,D
94336,368.5,6481172621,D,C
94336,368.5,7342505384,C,D
94336,368.5,10448531460,D,C
94336,368.5,11468971460,C,D
94464,369.0,2485819806,D,C
94464,369.0,3403304208,C,D
94464,369.0,6481172621,D,C
94464,369.0,7342505384,C,D
94464,369.0,10448531460,D,C
94464,369.0,11468971460,C,D
94528,369.25,2485819806,D,C
94528,369.25,3403304208,C,D
94528,369.25,6503334877,D,C
94528,369.25,7342505384,C,D
94528,369.25,10448531460,D,C
94528,369.25,11468971460,C,D
94592,369.5,2485819806,D,C
94592,369.5,3403304208,C,D
94592,369.5,6503334877,D,C
94592,369.5,7364947108,C,D
94592,369.5,10448531460,D,C
94592,369.5,11468971460,C,D
94656,369.75,3380796138,D,C
94656,369.75,3403304208,C,D
94656,369.75,6503334877,D,C
94656,369.75,7364947108,C,D
94656,369.75,10448531460,D,C
94656,369.75,11468971460,C,D
94720,370.0,2507779361,D,C
94720,370.0,3403304208,C,D
94720,370.0,6481172621,D,C
94720,370.0,7364947108,C,D
94720,370.0,10448531460,D,C
94720,370.0,11468971460,C,D
94784,370.25,2507779361,D,C
94784,370.25,3425408924,C,D
94784,370.25,6503334877,D,C
94784,370.25,7364947108,C,D
94784,370.25,10448531460,D,C
94784,370.25,11468971460,C,D
94848,370.5,2507779361,D,C
94848,370.5,3425408924,C,D
94848,370.5,6481172621,D,C
94848,370.5,7364947108,C,D
94848,370.5,10470775687,D,C
94848,370.5,11468971460,C,D
94912,370.75,2507779361,D,C
94912,370.75,3425408924,C,D
94912,370.75,6481172621,D,C
94912,370.75,7364947108,C,D
94912,370.75,10470775687,D,C
94912,370.75,11468971460,C,D
94976,371.0,2507779361,D,C
94976,371.0,3425408924,C,D
94976,371.0,6481172621,D,C
94976,371.0,7364947108,C,D
94976,371.0,10470775687,D,C
94976,371.0,11468971460,C,D
95040,371.25,3403304208,D,C
95040,371.25,3425408924,C,D
95040,371.25,6481172621,D,C
95040,371.25,7364947108,C,D
95040,371.25,10470775687,D,C
95040,371.25,11468971460,C,D
95104,371.5,2618455122,D,C
95104,371.5,3425408924,C,D
95104,371.5,6503334877,D,C
95104,371.5,7398815569,C,D
95104,371.5,10561697187,D,C
95104,371.5,11468971460,C,D
95168,371.75,2618455122,D,C
95168,371.75,3425408924,C,D
95168,371.75,6481172621,D,C
95168,371.75,7398815569,C,D
95168,371.75,10585118066,D,C
95168,371.75,11468971460,C,D
95232,372.0,2618455122,D,C
95232,372.0,3425408924,C,D
95232,372.0,6503334877,D,C
95232,372.0,7398815569,C,D
95232,372.0,10585118066,D,C
95232,372.0,11468971460,C,D
95296,372.25,2618455122,D,C
95296,372.25,3425408924,C,D
95296,372.25,6503334877,D,C
95296,372.25,7398815569,C,D
95296,372.25,10585118066,D,C
95296,372.25,11468971460,C,D
95360,372.5,2618455122,D,C
95360,372.5,3425408924,C,D
95360,372.5,6481172621,D,C
95360,372.5,7398815569,C,D
95360,372.5,10585118066,D,C
95360,372.5,11468971460,C,D
95424,372.75,2618455122,D,C
95424,372.75,3453542299,C,D
95424,372.75,6481172621,D,C
95424,372.75,7398815569,C,D
95424,372.75,10585118066,D,C
95424,372.75,11468971460,C,D
95488,373.0,3403304208,D,C
95488,373.0,3453542299,C,D
95488,373.0,6503334877,D,C
95488,373.0,7398815569,C,D
95488,373.0,10585118066,D,C
95488,373.0,11491278972,C,D
95552,373.25,3403304208,D,C
95552,373.25,3453542299,C,D
95552,373.25,6481172621,D,C
95552,373.25,7398815569,C,D
95552,373.25,10607555674,D,C
95552,373.25,11491278972,C,D
95616,373.5,3403304208,D,C
95616,373.5,3453542299,C,D
95616,373.5,6481172621,D,C
95616,373.5,7398815569,C,D
95616,373.5,10607555674,D,C
95616,373.5,11491278972,C,D
95680,373.75,3403304208,D,C
95680,373.75,3453542299,C,D
95680,373.75,6503334877,D,C
95680,373.75,7398815569,C,D
95680,373.75,10607555674,D,C
95680,373.75,11491278972,C,D
95744,374.0,2618455122,D,C
95744,374.0,3453542299,C,D
95744,374.0,6614913618,D,C
95744,374.0,7398815569,C,D
95744,374.0,10607555674,D,C
95744,374.0,11491278972,C,D
95808,374.25,2618455122,D,C
95808,374.25,3453542299,C,D
95808,374.25,6614913618,D,C
95808,374.25,7398815569,C,D
95808,374.25,10607555674,D,C
95808,374.25,11491278972,C,D
96000,375.0,2618455122,D,C
96000,375.0,3453542299,C,D
96000,375.0,6614913618,D,C
96000,375.0,7398815569,C,D
96000,375.0,10607555674,D,C
96000,375.0,11491278972,C,D
96064,375.25,2618455122,D,C
96064,375.25,3453542299,C,D
96064,375.25,6614913618,D,C
96064,375.25,7398815569,C,D
96064,375.25,10607555674,D,C
96064,375.25,11491278972,C,D
96128,375.5,2618455122,D,C
96128,375.5,3453542299,C,D
96128,375.5,6649470167,D,C
96128,375.5,7398815569,C,D
96128,375.5,10607555674,D,C
96128,375.5,11491278972,C,D
96192,375.75,2618455122,D,C
96192,375.75,3453542299,C,D
96192,375.75,6649470167,D,C
96192,375.75,7421287342,C,D
96192,375.75,10607555674,D,C
96192,375.75,11491278972,C,D
96256,376.0,2618455122,D,C
96256,376.0,3453542299,C,D
96320,376.25,2640737082,D,C
96320,376.25,3453542299,C,D
96320,376.25,6649470167,D,C
96320,376.25,7421287342,C,D
96320,376.25,10607555674,D,C
96320,376.25,11513561719,C,D
96384,376.5,2640737082,D,C
96384,376.5,3453542299,C,D
96384,376.5,6649470167,D,C
96384,376.5,7421287342,C,D
96384,376.5,10607555674,D,C
96384,376.5,11513561719,C,D
96448,376.75,2640737082,D,C
96448,376.75,3453542299,C,D
96448,376.75,6649470167,D,C
96448,376.75,7421287342,C,D
96448,376.75,10607555674,D,C
96448,376.75,11513561719,C,D
96512,377.0,2640737082,D,C
96512,377.0,3453542299,C,D
96512,377.0,6649470167,D,C
96512,377.0,7421287342,C,D
96512,377.0,10630043975,D,C
96512,377.0,11513561719,C,D
96576,377.25,2640737082,D,C
96576,377.25,3453542299,C,D
96576,377.25,6649470167,D,C
96576,377.25,7421287342,C,D
96576,377.25,10630043975,D,C
96576,377.25,11513561719,C,D
96640,377.5,2640737082,D,C
96640,377.5,3453542299,C,D
96640,377.5,6649470167,D,C
96640,377.5,7421287342,C,D
96640,377.5,10630043975,D,C
96640,377.5,11513561719,C,D
96704,377.75,2640737082,D,C
96704,377.75,3453542299,C,D
96704,377.75,6649470167,D,C
96704,377.75,7421287342,C,D
96704,377.75,10630043975,D,C
96704,377.75,11513561719,C,D
96768,378.0,2640737082,D,C
96768,378.0,3453542299,C,D
96768,378.0,6649470167,D,C
96768,378.0,7421287342,C,D
96768,378.0,10630043975,D,C
96768,378.0,11513561719,C,D
96832,378.25,2640737082,D,C
96832,378.25,3453542299,C,D
96832,378.25,6649470167,D,C
96832,378.25,7421287342,C,D
96832,378.25,10630043975,D,C
96832,378.25,11513561719,C,D
96896,378.5,2640737082,D,C
96896,378.5,3453542299,C,D
96896,378.5,6649470167,D,C
96896,378.5,7421287342,C,D
96896,378.5,10630043975,D,C
96896,378.5,11513561719,C,D
96960,378.75,2640737082,D,C
96960,378.75,3453542299,C,D
96960,378.75,6649470167,D,C
96960,378.75,7445014772,C,D
96960,378.75,10630043975,D,C
96960,378.75,11513561719,C,D
97024,379.0,2640737082,D,C
97024,379.0,3453542299,C,D
97024,379.0,6649470167,D,C
97024,379.0,7445014772,C,D
97024,379.0,10630043975,D,C
97024,379.0,11513561719,C,D
97088,379.25,2640737082,D,C
97088,379.25,3475568727,C,D
97088,379.25,6649470167,D,C
97088,379.25,7445014772,C,D
97088,379.25,10630043975,D,C
97088,379.25,11513561719,C,D
97152,379.5,2640737082,D,C
97152,379.5,3475568727,C,D
97152,379.5,6649470167,D,C
97152,379.5,7445014772,C,D
97152,379.5,10630043975,D,C
97152,379.5,11513561719,C,D
97216,379.75,2640737082,D,C
97216,379.75,3475568727,C,D
97216,379.75,6649470167,D,C
97216,379.75,7445014772,C,D
97216,379.75,10652665257,D,C
97216,379.75,11513561719,C,D
97280,380.0,2640737082,D,C
97280,380.0,3475568727,C,D
97280,380.0,6649470167,D,C
97280,380.0,7445014772,C,D
97280,380.0,10652665257,D,C
97280,380.0,11535900135,C,D
97344,380.25,2640737082,D,C
97344,380.25,3475568727,C,D
97344,380.25,6649470167,D,C
97344,380.25,7445014772,C,D
97344,380.25,10652665257,D,C
97344,380.25,11535900135,C,D
97408,380.5,2640737082,D,C
97408,380.5,3475568727,C,D
97408,380.5,6649470167,D,C
97408,380.5,7445014772,C,D
97408,380.5,10652665257,D,C
97408,380.5,11535900135,C,D
97472,380.75,2640737082,D,C
97472,380.75,3475568727,C,D
97472,380.75,6649470167,D,C
97472,380.75,7445014772,C,D
97472,380.75,10652665257,D,C
97472,380.75,11535900135,C,D
97536,381.0,2640737082,D,C
97536,381.0,3475568727,C,D
97536,381.0,6649470167,D,C
97536,381.0,7445014772,C,D
97536,381.0,10652665257,D,C
97536,381.0,11535900135,C,D
97600,381.25,2640737082,D,C
97600,381.25,3475568727,C,D
97600,381.25,6649470167,D,C
97600,381.25,7445014772,C,D
97600,381.25,10652665257,D,C
97600,381.25,11535900135,C,D
97664,381.5,2640737082,D,C
97664,381.5,3475568727,C,D
97664,381.5,6649470167,D,C
97664,381.5,7445014772,C,D
97664,381.5,10675193868,D,C
97664,381.5,11535900135,C,D
97728,381.75,2640737082,D,C
97728,381.75,3475568727,C,D
97728,381.75,6649470167,D,C
97728,381.75,7445014772,C,D
97728,381.75,10675193868,D,C
97728,381.75,11535900135,C,D
97792,382.0,2640737082,D,C
97792,382.0,3497538414,C,D
97792,382.0,6649470167,D,C
97792,382.0,7445014772,C,D
97792,382.0,10675193868,D,C
97792,382.0,11535900135,C,D
97856,382.25,2640737082,D,C
97856,382.25,3497538414,C,D
97856,382.25,6649470167,D,C
97856,382.25,7445014772,C,D
97856,382.25,10675193868,D,C
97856,382.25,11535900135,C,D
97920,382.5,2640737082,D,C
97920,382.5,3497538414,C,D
97920,382.5,6649470167,D,C
97920,382.5,7445014772,C,D
97920,382.5,10675193868,D,C
97920,382.5,11535900135,C,D
97984,382.75,2640737082,D,C
97984,382.75,3497538414,C,D
97984,382.75,6649470167,D,C
97984,382.75,7445014772,C,D
97984,382.75,10675193868,D,C
97984,382.75,11535900135,C,D
98048,383.0,2640737082,D,C
98048,383.0,3497538414,C,D
98048,383.0,6649470167,D,C
98048,383.0,7445014772,C,D
98048,383.0,10698051961,D,C
98048,383.0,11535900135,C,D
98112,383.25,2640737082,D,C
98112,383.25,3497538414,C,D
98112,383.25,6649470167,D,C
98112,383.25,7445014772,C,D
98112,383.25,10698051961,D,C
98112,383.25,11535900135,C,D
98176,383.5,2640737082,D,C
98176,383.5,3497538414,C,D
98176,383.5,6649470167,D,C
98176,383.5,7445014772,C,D
98176,383.5,10698051961,D,C
98176,383.5,11535900135,C,D
98240,383.75,2640737082,D,C
98240,383.75,3497538414,C,D
98240,383.75,6649470167,D,C
98240,383.75,7445014772,C,D
98240,383.75,10698051961,D,C
98240,383.75,11535900135,C,D
98304,384.0,2640737082,D,C
98304,384.0,3610215169,C,D
98304,384.0,6649470167,D,C
98304,384.0,7556323200,C,D
98304,384.0,10698051961,D,C
98304,384.0,11625698011,C,D
98368,384.25,2662914954,D,C
98368,384.25,3610215169,C,D
98368,384.25,6649470167,D,C
98368,384.25,7556323200,C,D
98368,384.25,10698051961,D,C
98368,384.25,11625698011,C,D
98432,384.5,2662914954,D,C
98432,384.5,3610215169,C,D
98432,384.5,6649470167,D,C
98432,384.5,7556323200,C,D
98432,384.5,10698051961,D,C
98432,384.5,11625698011,C,D
98496,384.75,2662914954,D,C
98496,384.75,3610215169,C,D
98496,384.75,6649470167,D,C
98496,384.75,7556323200,C,D
98496,384.75,10698051961,D,C
98496,384.75,11647949059,C,D
98560,385.0,2662914954,D,C
98560,385.0,3610215169,C,D
98560,385.0,6649470167,D,C
98560,385.0,7556323200,C,D
98560,385.0,10698051961,D,C
98560,385.0,11647949059,C,D
98624,385.25,2662914954,D,C
98624,385.25,3610215169,C,D
98624,385.25,6649470167,D,C
98624,385.25,7556323200,C,D
98624,385.25,10698051961,D,C
98624,385.25,11647949059,C,D
98688,385.5,2662914954,D,C
98688,385.5,3610215169,C,D
98688,385.5,6672155524,D,C
98688,385.5,7578749055,C,D
98688,385.5,10698051961,D,C
98688,385.5,11647949059,C,D
98752,385.75,2662914954,D,C
98752,385.75,3610215169,C,D
98752,385.75,6672155524,D,C
98752,385.75,7578749055,C,D
98752,385.75,10698051961,D,C
98752,385.75,11647949059,C,D
98816,386.0,2662914954,D,C
98816,386.0,3610215169,C,D
98816,386.0,6672155524,D,C
98816,386.0,7578749055,C,D
98816,386.0,10698051961,D,C
98816,386.0,11647949059,C,D
98880,386.25,2662914954,D,C
98880,386.25,3610215169,C,D
98880,386.25,6672155524,D,C
98880,386.25,7578749055,C,D
98880,386.25,10698051961,D,C
98880,386.25,11647949059,C,D
98944,386.5,2662914954,D,C
98944,386.5,3610215169,C,D
98944,386.5,6672155524,D,C
98944,386.5,7578749055,C,D
98944,386.5,10698051961,D,C
98944,386.5,11670170782,C,D
99008,386.75,2686311495,D,C
99008,386.75,3610215169,C,D
99008,386.75,6672155524,D,C
99008,386.75,7578749055,C,D
99008,386.75,10698051961,D,C
99008,386.75,11670170782,C,D
99072,387.0,2686311495,D,C
99072,387.0,3633215876,C,D
99072,387.0,6672155524,D,C
99072,387.0,7578749055,C,D
99072,387.0,10698051961,D,C
99072,387.0,11670170782,C,D
99136,387.25,2686311495,D,C
99136,387.25,3633215876,C,D
99136,387.25,6672155524,D,C
99136,387.25,7578749055,C,D
99136,387.25,10698051961,D,C
99136,387.25,11670170782,C,D
99200,387.5,2686311495,D,C
99200,387.5,3633215876,C,D
99200,387.5,6672155524,D,C
99200,387.5,7578749055,C,D
99200,387.5,10698051961,D,C
99200,387.5,11670170782,C,D
99264,387.75,2686311495,D,C
99264,387.75,3633215876,C,D
99264,387.75,6672155524,D,C
99264,387.75,7578749055,C,D
99264,387.75,10698051961,D,C
99264,387.75,11670170782,C,D
99328,388.0,2686311495,D,C
99328,388.0,3633215876,C,D
99328,388.0,6672155524,D,C
99328,388.0,7578749055,C,D
99328,388.0,10698051961,D,C
99328,388.0,11670170782,C,D
99392,388.25,2686311495,D,C
99392,388.25,3633215876,C,D
99392,388.25,6672155524,D,C
99392,388.25,7578749055,C,D
99392,388.25,10698051961,D,C
99392,388.25,11670170782,C,D
99456,388.5,2686311495,D,C
99456,388.5,3633215876,C,D
99456,388.5,6672155524,D,C
99456,388.5,7578749055,C,D
99456,388.5,10698051961,D,C
99456,388.5,11670170782,C,D
99520,388.75,2686311495,D,C
99520,388.75,3633215876,C,D
99520,388.75,6672155524,D,C
99520,388.75,7578749055,C,D
99520,388.75,10698051961,D,C
99520,388.75,11670170782,C,D
99584,389.0,2686311495,D,S
99584,389.0,2708492390,S,C
99584,389.0,3633215876,C,D
99584,389.0,6672155524,D,C
99584,389.0,7578749055,C,D
99584,389.0,10698051961,D,C
99584,389.0,11670170782,C,D
99648,389.25,2686311495,D,C
99648,389.25,3633215876,C,D
99648,389.25,6672155524,D,C
99648,389.25,7578749055,C,D
99648,389.25,10698051961,D,C
99648,389.25,11692518335,C,D
99712,389.5,2686311495,D,C
99712,389.5,3633215876,C,D
99712,389.5,6694632582,D,C
99712,389.5,7578749055,C,D
99712,389.5,10698051961,D,C
99712,389.5,11692518335,C,D
99776,389.75,2686311495,D,C
99776,389.75,3633215876,C,D
99776,389.75,6694632582,D,C
99776,389.75,7578749055,C,D
99776,389.75,10720408149,D,C
99776,389.75,11692518335,C,D
99840,390.0,2686311495,D,C
99840,390.0,3633215876,C,D
99840,390.0,6694632582,D,C
99840,390.0,7578749055,C,D
99840,390.0,10720408149,D,C
99840,390.0,11692518335,C,D
99904,390.25,2708492390,D,C
99904,390.25,3633215876,C,D
99904,390.25,6694632582,D,C
99904,390.25,7578749055,C,D
99904,390.25,10720408149,D,C
99904,390.25,11692518335,C,D
99968,390.5,2708492390,D,C
99968,390.5,3633215876,C,D
99968,390.5,6694632582,D,C
99968,390.5,7578749055,C,D
99968,390.5,10720408149,D,C
99968,390.5,11692518335,C,D
100032,390.75,2708492390,D,C
100032,390.75,3633215876,C,D
100032,390.75,6694632582,D,C
100032,390.75,7578749055,C,D
100032,390.75,10720408149,D,C
100032,390.75,11692518335,C,D
100096,391.0,2708492390,D,C
100096,391.0,3633215876,C,D
100096,391.0,6694632582,D,C
100096,391.0,7578749055,C,D
100096,391.0,10720408149,D,C
100096,391.0,11692518335,C,D
100160,391.25,2708492390,D,C
100160,391.25,3633215876,C,D
100160,391.25,6694632582,D,C
100160,391.25,7578749055,C,D
100160,391.25,10720408149,D,C
100160,391.25,11692518335,C,D
100224,391.5,2708492390,D,C
100224,391.5,3633215876,C,D
100224,391.5,6694632582,D,C
100224,391.5,7578749055,C,D
100224,391.5,10720408149,D,C
100224,391.5,11692518335,C,D
100288,391.75,2708492390,D,C
100288,391.75,3655600695,C,D
100288,391.75,6694632582,D,C
100288,391.75,7602453413,C,D
100288,391.75,10720408149,D,C
100288,391.75,11692518335,C,D
100352,392.0,2708492390,D,C
100352,392.0,3655600695,C,D
100352,392.0,6694632582,D,C
100352,392.0,7602453413,C,D
100352,392.0,10720408149,D,C
100352,392.0,11692518335,C,D
100416,392.25,2708492390,D,C
100416,392.25,3655600695,C,D
100416,392.25,6694632582,D,C
100416,392.25,7602453413,C,D
100416,392.25,10720408149,D,C
100416,392.25,11714703780,C,D
100480,392.5,2730538797,D,C
100480,392.5,3655600695,C,D
100480,392.5,6694632582,D,C
100480,392.5,7602453413,C,D
100480,392.5,10720408149,D,C
100480,392.5,11714703780,C,D
100608,393.0,2730538797,D,C
100608,393.0,3655600695,C,D
100608,393.0,6716709321,D,C
100608,393.0,7602453413,C,D
100608,393.0,10742784509,D,C
100608,393.0,11714703780,C,D
100672,393.25,2730538797,D,C
100672,393.25,3655600695,C,D
100672,393.25,6716709321,D,C
100672,393.25,7602453413,C,D
100672,393.25,10742784509,D,C
100672,393.25,11714703780,C,D
100736,393.5,2730538797,D,C
100736,393.5,3655600695,C,D
100736,393.5,6716709321,D,C
100736,393.5,7602453413,C,D
100736,393.5,10742784509,D,C
100736,393.5,11714703780,C,D
100800,393.75,2730538797,D,C
100800,393.75,3655600695,C,D
100800,393.75,6716709321,D,C
100800,393.75,7602453413,C,D
100800,393.75,10742784509,D,C
100800,393.75,11714703780,C,D
100864,394.0,2730538797,D,C
100864,394.0,3655600695,C,D
100864,394.0,6716709321,D,C
100864,394.0,7602453413,C,D
100864,394.0,10742784509,D,C
100864,394.0,11714703780,C,D
100928,394.25,2730538797,D,C
100928,394.25,3678018802,C,D
100928,394.25,6716709321,D,C
100928,394.25,7602453413,C,D
100928,394.25,10742784509,D,C
100928,394.25,11714703780,C,D
100992,394.5,2730538797,D,C
100992,394.5,3678018802,C,D
100992,394.5,6716709321,D,C
100992,394.5,7624467954,C,D
100992,394.5,10742784509,D,C
100992,394.5,11714703780,C,D
101056,394.75,2730538797,D,C
101056,394.75,3678018802,C,D
101056,394.75,6716709321,D,C
101056,394.75,7624467954,C,D
101056,394.75,10742784509,D,C
101056,394.75,11714703780,C,D
101120,395.0,2730538797,D,C
101120,395.0,3678018802,C,D
101120,395.0,6716709321,D,C
101120,395.0,7624467954,C,D
101120,395.0,10742784509,D,C
101120,395.0,11714703780,C,D
101184,395.25,2730538797,D,C
101184,395.25,3678018802,C,D
101184,395.25,6716709321,D,C
101184,395.25,7647204214,C,D
101184,395.25,10742784509,D,C
101184,395.25,11714703780,C,D
101248,395.5,2730538797,D,C
101248,395.5,3678018802,C,D
101248,395.5,6716709321,D,C
101248,395.5,7647204214,C,D
101248,395.5,10765170012,D,C
101248,395.5,11714703780,C,D
101312,395.75,2730538797,D,C
101312,395.75,3678018802,C,D
101312,395.75,6716709321,D,C
101312,395.75,7647204214,C,D
101312,395.75,10765170012,D,C
101312,395.75,11714703780,C,D
101376,396.0,2730538797,D,C
101376,396.0,3678018802,C,D
101376,396.0,6716709321,D,C
101376,396.0,7647204214,C,D
101376,396.0,10765170012,D,C
101376,396.0,11714703780,C,D
101440,396.25,2730538797,D,C
101440,396.25,3678018802,C,D
101440,396.25,6716709321,D,C
101440,396.25,7647204214,C,D
101440,396.25,10765170012,D,C
101440,396.25,11714703780,C,D
101504,396.5,2730538797,D,C
101504,396.5,3678018802,C,D
101504,396.5,6716709321,D,C
101504,396.5,7647204214,C,D
101504,396.5,10765170012,D,C
101504,396.5,11714703780,C,D
101568,396.75,2730538797,D,C
101568,396.75,3678018802,C,D
101568,396.75,6716709321,D,C
101568,396.75,7647204214,C,D
101568,396.75,10788362093,D,C
101568,396.75,11714703780,C,D
101632,397.0,2730538797,D,C
101632,397.0,3678018802,C,D
101632,397.0,6716709321,D,C
101632,397.0,7647204214,C,D
101632,397.0,10788362093,D,C
101632,397.0,11714703780,C,D
101696,397.25,2730538797,D,C
101696,397.25,3703932100,C,D
101696,397.25,6716709321,D,C
101696,397.25,7647204214,C,D
101696,397.25,10788362093,D,C
101696,397.25,11736824328,C,D
101760,397.5,2730538797,D,C
101760,397.5,3703932100,C,D
101760,397.5,6716709321,D,C
101760,397.5,7647204214,C,D
101760,397.5,10788362093,D,C
101760,397.5,11736824328,C,D
101824,397.75,2730538797,D,C
101824,397.75,3703932100,C,D
101824,397.75,6716709321,D,C
101824,397.75,7647204214,C,D
101824,397.75,10788362093,D,C
101824,397.75,11736824328,C,D
101888,398.0,2730538797,D,C
101888,398.0,3703932100,C,D
101888,398.0,6739079257,D,C
101888,398.0,7647204214,C,D
101888,398.0,10788362093,D,C
101888,398.0,11736824328,C,D
101952,398.25,2730538797,D,C
101952,398.25,3703932100,C,D
101952,398.25,6739079257,D,C
101952,398.25,7670018725,C,D
101952,398.25,10788362093,D,C
101952,398.25,11736824328,C,D
102016,398.5,2730538797,D,C
102016,398.5,3703932100,C,D
102016,398.5,6739079257,D,C
102016,398.5,7670018725,C,D
102016,398.5,10788362093,D,C
102016,398.5,11736824328,C,D
102080,398.75,2730538797,D,C
102080,398.75,3703932100,C,D
102080,398.75,6739079257,D,C
102080,398.75,7670018725,C,D
102080,398.75,10788362093,D,C
102080,398.75,11758951002,C,D
102144,399.0,2730538797,D,C
102144,399.0,3703932100,C,D
102144,399.0,6739079257,D,C
102144,399.0,7670018725,C,D
102144,399.0,10788362093,D,C
102144,399.0,11758951002,C,D
102208,399.25,2730538797,D,C
102208,399.25,3726058570,C,D
102208,399.25,6739079257,D,C
102208,399.25,7670018725,C,D
102208,399.25,10788362093,D,C
102208,399.25,11758951002,C,D
102272,399.5,2730538797,D,C
102272,399.5,3726058570,C,D
102272,399.5,6739079257,D,C
102272,399.5,7670018725,C,D
102272,399.5,10788362093,D,C
102272,399.5,11758951002,C,D
102336,399.75,2730538797,D,C
102336,399.75,3726058570,C,D
102336,399.75,6739079257,D,C
102336,399.75,7670018725,C,D
102336,399.75,10788362093,D,C
102336,399.75,11758951002,C,D
102400,400.0,2730538797,D,C
102400,400.0,3726058570,C,D
102400,400.0,6761819906,D,C
102400,400.0,7670018725,C,D
102400,400.0,10810671770,D,C
102400,400.0,11758951002,C,D
102464,400.25,2730538797,D,C
102464,400.25,3726058570,C,D
102464,400.25,6761819906,D,C
102464,400.25,7670018725,C,D
102464,400.25,10810671770,D,C
102464,400.25,11758951002,C,D
102528,400.5,2730538797,D,C
102528,400.5,3748141993,C,D
102528,400.5,6761819906,D,C
102528,400.5,7670018725,C,D
102528,400.5,10810671770,D,C
102528,400.5,11758951002,C,D
102592,400.75,2730538797,D,C
102592,400.75,3748141993,C,D
102592,400.75,6761819906,D,C
102592,400.75,7670018725,C,D
102592,400.75,10810671770,D,C
102592,400.75,11758951002,C,D
102656,401.0,2730538797,D,C
102656,401.0,3748141993,C,D
102656,401.0,6761819906,D,C
102656,401.0,7670018725,C,D
102656,401.0,10810671770,D,C
102656,401.0,11758951002,C,D
102720,401.25,2730538797,D,C
102720,401.25,3748141993,C,D
102720,401.25,6761819906,D,C
102720,401.25,7692427046,C,D
102720,401.25,10810671770,D,C
102720,401.25,11758951002,C,D
102784,401.5,2730538797,D,C
102784,401.5,3748141993,C,D
102784,401.5,6761819906,D,C
102784,401.5,7692427046,C,D
102784,401.5,10810671770,D,C
102784,401.5,11781176058,C,D
102848,401.75,2730538797,D,C
102848,401.75,3748141993,C,D
102848,401.75,6761819906,D,C
102848,401.75,7692427046,C,D
102848,401.75,10810671770,D,C
102848,401.75,11781176058,C,D
102912,402.0,2752541889,D,C
102912,402.0,3748141993,C,D
102912,402.0,6761819906,D,C
102912,402.0,7692427046,C,D
102912,402.0,10810671770,D,C
102912,402.0,11803361361,C,D
102976,402.25,2752541889,D,C
102976,402.25,3748141993,C,D
102976,402.25,6761819906,D,C
102976,402.25,7692427046,C,D
102976,402.25,10810671770,D,C
102976,402.25,11803361361,C,D
103040,402.5,2752541889,D,C
103040,402.5,3748141993,C,D
103040,402.5,6761819906,D,C
103040,402.5,7692427046,C,D
103040,402.5,10810671770,D,C
103040,402.5,11803361361,C,D
103104,402.75,2752541889,D,C
103104,402.75,3748141993,C,D
103104,402.75,6761819906,D,C
103104,402.75,7692427046,C,D
103104,402.75,10835448303,D,C
103104,402.75,11803361361,C,D
103168,403.0,2752541889,D,C
103168,403.0,3748141993,C,D
103168,403.0,6761819906,D,C
103168,403.0,7692427046,C,D
103168,403.0,10835448303,D,C
103168,403.0,11803361361,C,D
103232,403.25,2752541889,D,C
103232,403.25,3748141993,C,D
103232,403.25,6761819906,D,C
103232,403.25,7692427046,C,D
103232,403.25,10835448303,D,C
103232,403.25,11803361361,C,D
103296,403.5,2752541889,D,C
103296,403.5,3748141993,C,D
103296,403.5,6761819906,D,C
103296,403.5,7692427046,C,D
103296,403.5,10835448303,D,C
103296,403.5,11803361361,C,D
103360,403.75,2752541889,D,C
103360,403.75,3748141993,C,D
103360,403.75,6761819906,D,C
103360,403.75,7692427046,C,D
103360,403.75,10835448303,D,C
103360,403.75,11803361361,C,D
103424,404.0,2752541889,D,C
103424,404.0,3748141993,C,D
103424,404.0,6761819906,D,C
103424,404.0,7692427046,C,D
103424,404.0,10835448303,D,C
103424,404.0,11803361361,C,D
103488,404.25,2752541889,D,C
103488,404.25,3748141993,C,D
103488,404.25,6761819906,D,C
103488,404.25,7692427046,C,D
103488,404.25,10835448303,D,C
103488,404.25,11803361361,C,D
103552,404.5,2752541889,D,C
103552,404.5,3748141993,C,D
103552,404.5,6761819906,D,C
103552,404.5,7692427046,C,D
103552,404.5,10835448303,D,C
103552,404.5,11803361361,C,D
103616,404.75,2752541889,D,C
103616,404.75,3748141993,C,D
103616,404.75,6761819906,D,C
103616,404.75,7692427046,C,D
103616,404.75,10835448303,D,C
103616,404.75,11803361361,C,D
103680,405.0,2752541889,D,C
103680,405.0,3748141993,C,D
103680,405.0,6761819906,D,C
103680,405.0,7692427046,C,D
103680,405.0,10835448303,D,C
103680,405.0,11803361361,C,D
103744,405.25,2752541889,D,C
103744,405.25,3770144706,C,D
103744,405.25,6761819906,D,C
103744,405.25,7692427046,C,D
103744,405.25,10835448303,D,C
103744,405.25,11803361361,C,D
103808,405.5,2774931750,D,C
103808,405.5,3770144706,C,D
103808,405.5,6761819906,D,C
103808,405.5,7692427046,C,D
103808,405.5,10835448303,D,C
103808,405.5,11803361361,C,D
103872,405.75,2774931750,D,C
103872,405.75,3770144706,C,D
103872,405.75,6761819906,D,C
103872,405.75,7692427046,C,D
103872,405.75,10835448303,D,C
103872,405.75,11803361361,C,D
103936,406.0,2774931750,D,C
103936,406.0,3770144706,C,D
103936,406.0,6761819906,D,C
103936,406.0,7692427046,C,D
103936,406.0,10835448303,D,C
103936,406.0,11803361361,C,D
104000,406.25,2774931750,D,C
104000,406.25,3770144706,C,D
104000,406.25,6896201391,D,C
104000,406.25,7692427046,C,D
104000,406.25,10835448303,D,C
104000,406.25,11803361361,C,D
104064,406.5,2774931750,D,C
104064,406.5,3770144706,C,D
104064,406.5,6761819906,D,C
104064,406.5,7692427046,C,D
104064,406.5,10835448303,D,C
104064,406.5,11803361361,C,D
104128,406.75,2774931750,D,C
104128,406.75,3770144706,C,D
104128,406.75,6761819906,D,C
104128,406.75,7692427046,C,D
104128,406.75,10835448303,D,C
104128,406.75,11803361361,C,D
104192,407.0,2774931750,D,C
104192,407.0,3770144706,C,D
104192,407.0,6783986467,D,C
104192,407.0,7692427046,C,D
104192,407.0,10835448303,D,C
104192,407.0,11803361361,C,D
104256,407.25,2774931750,D,C
104256,407.25,3770144706,C,D
104256,407.25,6783986467,D,C
104256,407.25,7692427046,C,D
104256,407.25,10835448303,D,C
104256,407.25,11803361361,C,D
104320,407.5,2774931750,D,C
104320,407.5,3770144706,C,D
104320,407.5,6783986467,D,C
104320,407.5,7692427046,C,D
104320,407.5,10835448303,D,C
104320,407.5,11803361361,C,D
104384,407.75,2774931750,D,C
104384,407.75,3770144706,C,D
104384,407.75,6783986467,D,C
104384,407.75,7692427046,C,D
104384,407.75,10835448303,D,C
104384,407.75,11825632227,C,D
104448,408.0,2774931750,D,C
104448,408.0,3770144706,C,D
104448,408.0,6783986467,D,C
104448,408.0,7692427046,C,D
104448,408.0,10835448303,D,C
104448,408.0,11825632227,C,D
104512,408.25,2774931750,D,C
104512,408.25,3770144706,C,D
104512,408.25,6783986467,D,C
104512,408.25,7692427046,C,D
104512,408.25,10835448303,D,C
104512,408.25,11825632227,C,D
104576,408.5,2796990013,D,C
104576,408.5,3770144706,C,D
104576,408.5,6783986467,D,C
104576,408.5,7692427046,C,D
104576,408.5,10835448303,D,C
104576,408.5,11825632227,C,D
104640,408.75,2796990013,D,C
104640,408.75,3792155320,C,D
104640,408.75,6783986467,D,C
104640,408.75,7692427046,C,D
104640,408.75,10835448303,D,C
104640,408.75,11825632227,C,D
104704,409.0,2796990013,D,C
104704,409.0,3792155320,C,D
104704,409.0,6783986467,D,C
104704,409.0,7692427046,C,D
104704,409.0,11825632227,C,D
104768,409.25,2796990013,D,C
104768,409.25,3792155320,C,D
104768,409.25,6783986467,D,C
104768,409.25,7692427046,C,D
104768,409.25,10857748393,D,C
104768,409.25,11825632227,C,D
104832,409.5,2796990013,D,C
104832,409.5,3792155320,C,D
104832,409.5,6783986467,D,C
104832,409.5,7692427046,C,D
104832,409.5,10857748393,D,C
104832,409.5,11825632227,C,D
104896,409.75,2796990013,D,C
104896,409.75,3792155320,C,D
104896,409.75,6783986467,D,C
104896,409.75,7714734581,C,D
104896,409.75,10857748393,D,C
104896,409.75,11825632227,C,D
104960,410.0,2796990013,D,C
104960,410.0,3792155320,C,D
104960,410.0,6783986467,D,C
104960,410.0,7714734581,C,D
104960,410.0,10857748393,D,C
104960,410.0,11825632227,C,D
105024,410.25,2796990013,D,C
105024,410.25,3792155320,C,D
105024,410.25,6783986467,D,C
105024,410.25,7714734581,C,D
105024,410.25,10857748393,D,C
105024,410.25,11848135913,C,D
105088,410.5,2796990013,D,C
105088,410.5,3792155320,C,D
105088,410.5,6783986467,D,C
105088,410.5,7714734581,C,D
105088,410.5,10857748393,D,C
105088,410.5,11848135913,C,D
105152,410.75,2796990013,D,C
105152,410.75,3792155320,C,D
105152,410.75,6783986467,D,C
105152,410.75,7714734581,C,D
105152,410.75,10857748393,D,C
105152,410.75,11848135913,C,D
105216,411.0,2796990013,D,C
105216,411.0,3792155320,C,D
105216,411.0,6783986467,D,C
105216,411.0,7714734581,C,D
105216,411.0,10857748393,D,C
105216,411.0,11848135913,C,D
105280,411.25,2796990013,D,C
105280,411.25,3815505798,C,D
105280,411.25,6783986467,D,C
105280,411.25,7714734581,C,D
105280,411.25,10880488615,D,C
105280,411.25,11848135913,C,D
105344,411.5,2819975026,D,C
105344,411.5,3815505798,C,D
105344,411.5,6783986467,D,C
105344,411.5,7714734581,C,D
105344,411.5,10880488615,D,C
105344,411.5,11848135913,C,D
105408,411.75,2819975026,D,C
105408,411.75,3815505798,C,D
105408,411.75,6783986467,D,C
105408,411.75,7714734581,C,D
105408,411.75,10880488615,D,C
105408,411.75,11848135913,C,D
105472,412.0,2819975026,D,C
105472,412.0,3815505798,C,D
105472,412.0,6783986467,D,C
105472,412.0,7714734581,C,D
105472,412.0,10880488615,D,C
105472,412.0,11848135913,C,D
105536,412.25,2819975026,D,C
105536,412.25,3815505798,C,D
105536,412.25,6783986467,D,C
105536,412.25,7714734581,C,D
105536,412.25,10880488615,D,C
105536,412.25,11870336279,C,D
105600,412.5,2819975026,D,C
105600,412.5,3815505798,C,D
105600,412.5,6806259970,D,C
105600,412.5,7714734581,C,D
105600,412.5,10880488615,D,C
105600,412.5,11870336279,C,D
105664,412.75,2819975026,D,C
105664,412.75,3815505798,C,D
105664,412.75,6806259970,D,C
105664,412.75,7714734581,C,D
105664,412.75,10880488615,D,C
105664,412.75,11870336279,C,D
105728,413.0,2819975026,D,C
105728,413.0,3815505798,C,D
105728,413.0,6806259970,D,C
105728,413.0,7714734581,C,D
105728,413.0,10880488615,D,C
105728,413.0,11870336279,C,D
105792,413.25,2819975026,D,C
105792,413.25,3815505798,C,D
105792,413.25,6806259970,D,C
105792,413.25,7714734581,C,D
105792,413.25,10880488615,D,C
105792,413.25,11870336279,C,D
105856,413.5,2819975026,D,C
105856,413.5,3815505798,C,D
105856,413.5,6806259970,D,C
105856,413.5,7714734581,C,D
105856,413.5,10880488615,D,C
105856,413.5,11870336279,C,D
105920,413.75,2819975026,D,C
105920,413.75,3815505798,C,D
105920,413.75,6806259970,D,C
105920,413.75,7714734581,C,D
105920,413.75,10902891135,D,C
105920,413.75,11870336279,C,D
105984,414.0,2819975026,D,C
105984,414.0,3815505798,C,D
105984,414.0,6806259970,D,C
105984,414.0,7714734581,C,D
105984,414.0,10902891135,D,C
105984,414.0,11893034779,C,D
106048,414.25,2819975026,D,C
106048,414.25,3815505798,C,D
106048,414.25,6806259970,D,C
106048,414.25,7736997201,C,D
106048,414.25,10902891135,D,C
106048,414.25,11893034779,C,D
106112,414.5,2819975026,D,C
106112,414.5,3815505798,C,D
106112,414.5,6806259970,D,C
106112,414.5,7736997201,C,D
106112,414.5,10902891135,D,C
106112,414.5,11893034779,C,D
106176,414.75,2842062479,D,C
106176,414.75,3838916032,C,D
106176,414.75,6806259970,D,C
106176,414.75,7736997201,C,D
106176,414.75,10902891135,D,C
106176,414.75,11893034779,C,D
106240,415.0,2842062479,D,C
106240,415.0,3838916032,C,D
106240,415.0,6828350291,D,C
106240,415.0,7736997201,C,D
106240,415.0,10902891135,D,C
106240,415.0,11893034779,C,D
106304,415.25,2842062479,D,C
106304,415.25,3838916032,C,D
106304,415.25,6828350291,D,C
106304,415.25,7736997201,C,D
106304,415.25,10902891135,D,C
106304,415.25,11893034779,C,D
106368,415.5,2842062479,D,C
106368,415.5,3838916032,C,D
106368,415.5,6828350291,D,C
106368,415.5,7736997201,C,D
106368,415.5,10902891135,D,C
106368,415.5,11893034779,C,D
106432,415.75,2842062479,D,C
106432,415.75,3838916032,C,D
106432,415.75,6828350291,D,C
106432,415.75,7736997201,C,D
106432,415.75,10902891135,D,C
106432,415.75,11893034779,C,D
106496,416.0,2842062479,D,C
106496,416.0,3838916032,C,D
106496,416.0,6828350291,D,C
106496,416.0,7736997201,C,D
106496,416.0,10902891135,D,C
106496,416.0,11893034779,C,D
106560,416.25,2842062479,D,C
106560,416.25,3862219013,C,D
106560,416.25,6828350291,D,C
106560,416.25,7736997201,C,D
106560,416.25,10902891135,D,C
106560,416.25,11893034779,C,D
106624,416.5,2842062479,D,C
106624,416.5,3862219013,C,D
106624,416.5,6828350291,D,C
106624,416.5,7736997201,C,D
106624,416.5,10902891135,D,C
106624,416.5,11893034779,C,D
106688,416.75,2842062479,D,C
106688,416.75,3862219013,C,D
106688,416.75,6828350291,D,C
106688,416.75,7736997201,C,D
106688,416.75,10902891135,D,C
106688,416.75,11893034779,C,D
106752,417.0,2842062479,D,C
106752,417.0,3862219013,C,D
106752,417.0,6828350291,D,C
106752,417.0,7736997201,C,D
106752,417.0,10902891135,D,C
106752,417.0,11893034779,C,D
106816,417.25,2842062479,D,C
106816,417.25,3862219013,C,D
106816,417.25,6828350291,D,C
106816,417.25,7736997201,C,D
106816,417.25,10926662064,D,C
106816,417.25,11893034779,C,D
106880,417.5,2842062479,D,C
106880,417.5,3862219013,C,D
106880,417.5,6828350291,D,C
106880,417.5,7736997201,C,D
106880,417.5,10926662064,D,C
106880,417.5,11893034779,C,D
106944,417.75,2842062479,D,C
106944,417.75,3862219013,C,D
106944,417.75,6828350291,D,C
106944,417.75,7736997201,C,D
106944,417.75,10926662064,D,C
106944,417.75,11893034779,C,D
107008,418.0,2864100945,D,C
107008,418.0,3862219013,C,D
107008,418.0,6828350291,D,C
107008,418.0,7759137030,C,D
107008,418.0,10926662064,D,C
107008,418.0,11893034779,C,D
107072,418.25,2864100945,D,C
107072,418.25,3862219013,C,D
107072,418.25,6851220789,D,C
107072,418.25,7759137030,C,D
107072,418.25,10926662064,D,C
107072,418.25,11893034779,C,D
107136,418.5,2864100945,D,C
107136,418.5,3862219013,C,D
107136,418.5,6851220789,D,C
107136,418.5,7759137030,C,D
107136,418.5,10926662064,D,C
107136,418.5,11893034779,C,D
107200,418.75,2864100945,D,C
107200,418.75,3862219013,C,D
107200,418.75,6851220789,D,C
107200,418.75,7759137030,C,D
107200,418.75,10926662064,D,C
107200,418.75,11893034779,C,D
107264,419.0,2864100945,D,C
107264,419.0,3862219013,C,D
107264,419.0,6851220789,D,C
107264,419.0,7759137030,C,D
107264,419.0,10926662064,D,C
107264,419.0,11893034779,C,D
107328,419.25,2864100945,D,C
107328,419.25,3862219013,C,D
107328,419.25,6851220789,D,C
107328,419.25,7759137030,C,D
107328,419.25,10926662064,D,C
107328,419.25,11893034779,C,D
107392,419.5,2864100945,D,C
107392,419.5,3862219013,C,D
107392,419.5,6851220789,D,C
107392,419.5,7759137030,C,D
107392,419.5,10926662064,D,C
107392,419.5,11917332146,C,D
107456,419.75,2864100945,D,C
107456,419.75,3862219013,C,D
107456,419.75,6851220789,D,C
107456,419.75,7759137030,C,D
107456,419.75,10926662064,D,C
107456,419.75,11917332146,C,D
107520,420.0,2864100945,D,C
107520,420.0,3862219013,C,D
107520,420.0,6851220789,D,C
107520,420.0,7759137030,C,D
107520,420.0,10926662064,D,C
107520,420.0,11917332146,C,D
107584,420.25,2864100945,D,C
107584,420.25,3862219013,C,D
107584,420.25,6851220789,D,C
107584,420.25,7759137030,C,D
107584,420.25,10926662064,D,C
107584,420.25,11917332146,C,D
107648,420.5,2864100945,D,C
107648,420.5,3862219013,C,D
107648,420.5,6873834266,D,C
107648,420.5,7759137030,C,D
107648,420.5,10926662064,D,C
107648,420.5,11917332146,C,D
107712,420.75,2864100945,D,C
107712,420.75,3862219013,C,D
107712,420.75,6873834266,D,C
107712,420.75,7759137030,C,D
107712,420.75,10926662064,D,C
107712,420.75,11917332146,C,D
107776,421.0,2864100945,D,C
107776,421.0,3862219013,C,D
107776,421.0,6873834266,D,C
107776,421.0,7759137030,C,D
107776,421.0,10949018505,D,C
107776,421.0,11917332146,C,D
107840,421.25,2864100945,D,C
107840,421.25,3862219013,C,D
107840,421.25,6873834266,D,C
107840,421.25,7759137030,C,D
107840,421.25,10949018505,D,C
107840,421.25,11917332146,C,D
107904,421.5,2864100945,D,C
107904,421.5,3862219013,C,D
107904,421.5,6873834266,D,C
107904,421.5,7759137030,C,D
107904,421.5,10949018505,D,C
107904,421.5,11917332146,C,D
107968,421.75,2864100945,D,C
107968,421.75,3862219013,C,D
107968,421.75,6873834266,D,C
107968,421.75,7759137030,C,D
107968,421.75,10949018505,D,C
107968,421.75,11917332146,C,D
108032,422.0,2864100945,D,C
108032,422.0,3862219013,C,D
108032,422.0,6873834266,D,C
108032,422.0,7759137030,C,D
108032,422.0,10949018505,D,C
108032,422.0,11940182784,C,D
108096,422.25,2864100945,D,C
108096,422.25,3862219013,C,D
108096,422.25,6873834266,D,C
108096,422.25,7759137030,C,D
108096,422.25,10949018505,D,C
108096,422.25,11940182784,C,D
108160,422.5,2864100945,D,C
108160,422.5,3862219013,C,D
108160,422.5,6873834266,D,C
108160,422.5,7759137030,C,D
108160,422.5,10949018505,D,C
108160,422.5,11940182784,C,D
108224,422.75,2887575433,D,C
108224,422.75,3862219013,C,D
108224,422.75,6873834266,D,C
108224,422.75,7759137030,C,D
108224,422.75,10949018505,D,C
108224,422.75,11940182784,C,D
108288,423.0,2887575433,D,C
108288,423.0,3862219013,C,D
108288,423.0,6896201391,D,C
108288,423.0,7759137030,C,D
108288,423.0,10949018505,D,C
108288,423.0,11940182784,C,D
108352,423.25,2887575433,D,C
108352,423.25,3862219013,C,D
108352,423.25,6896201391,D,C
108352,423.25,7759137030,C,D
108352,423.25,10949018505,D,C
108352,423.25,11940182784,C,D
108416,423.5,2887575433,D,C
108416,423.5,3862219013,C,D
108416,423.5,6896201391,D,C
108416,423.5,7759137030,C,D
108416,423.5,10949018505,D,C
108416,423.5,11940182784,C,D
108480,423.75,2887575433,D,C
108480,423.75,3862219013,C,D
108480,423.75,6896201391,D,C
108480,423.75,7783094896,C,D
108480,423.75,10949018505,D,C
108480,423.75,11940182784,C,D
108544,424.0,2887575433,D,C
108544,424.0,3862219013,C,D
108544,424.0,6896201391,D,C
108544,424.0,7783094896,C,D
108544,424.0,10949018505,D,C
108544,424.0,11940182784,C,D
108608,424.25,2887575433,D,C
108608,424.25,3862219013,C,D
108608,424.25,6896201391,D,C
108608,424.25,7783094896,C,D
108608,424.25,10949018505,D,C
108608,424.25,11940182784,C,D
108672,424.5,2887575433,D,C
108672,424.5,3862219013,C,D
108672,424.5,6896201391,D,C
108672,424.5,7783094896,C,D
108672,424.5,10949018505,D,C
108672,424.5,11940182784,C,D
108736,424.75,2887575433,D,C
108736,424.75,3862219013,C,D
108736,424.75,6896201391,D,C
108736,424.75,7783094896,C,D
108736,424.75,10949018505,D,C
108736,424.75,11940182784,C,D
108800,425.0,2887575433,D,C
108800,425.0,3862219013,C,D
108800,425.0,6896201391,D,C
108800,425.0,7783094896,C,D
108800,425.0,10949018505,D,C
108800,425.0,11940182784,C,D
108864,425.25,2887575433,D,C
108864,425.25,3862219013,C,D
108864,425.25,6896201391,D,C
108864,425.25,7783094896,C,D
108864,425.25,10949018505,D,C
108864,425.25,11940182784,C,D
108928,425.5,2887575433,D,C
108928,425.5,3862219013,C,D
108928,425.5,6896201391,D,C
108928,425.5,7783094896,C,D
108928,425.5,10949018505,D,C
108928,425.5,11940182784,C,D
108992,425.75,2887575433,D,C
108992,425.75,3889624503,C,D
108992,425.75,6896201391,D,C
108992,425.75,7783094896,C,D
108992,425.75,10949018505,D,C
108992,425.75,11940182784,C,D
109056,426.0,2887575433,D,C
109056,426.0,3889624503,C,D
109056,426.0,6896201391,D,C
109056,426.0,7783094896,C,D
109056,426.0,10971305387,D,C
109056,426.0,11940182784,C,D
109120,426.25,2887575433,D,C
109120,426.25,3889624503,C,D
109120,426.25,6896201391,D,C
109120,426.25,7805285610,C,D
109120,426.25,10971305387,D,C
109120,426.25,11940182784,C,D
109184,426.5,2887575433,D,C
109184,426.5,3889624503,C,D
109184,426.5,6896201391,D,C
109184,426.5,7805285610,C,D
109184,426.5,10971305387,D,C
109184,426.5,11940182784,C,D
109248,426.75,2887575433,D,C
109248,426.75,3889624503,C,D
109248,426.75,6896201391,D,C
109248,426.75,7805285610,C,D
109248,426.75,10971305387,D,C
109248,426.75,11940182784,C,D
109312,427.0,2887575433,D,C
109312,427.0,3889624503,C,D
109312,427.0,6896201391,D,C
109312,427.0,7805285610,C,D
109312,427.0,10971305387,D,C
109312,427.0,11940182784,C,D
109376,427.25,2909651189,D,C
109376,427.25,3889624503,C,D
109376,427.25,6896201391,D,C
109376,427.25,7805285610,C,D
109376,427.25,10971305387,D,C
109376,427.25,11940182784,C,D
109440,427.5,2909651189,D,C
109440,427.5,3889624503,C,D
109440,427.5,7119678797,D,C
109440,427.5,7805285610,C,D
109440,427.5,10971305387,D,C
109440,427.5,11940182784,C,D
109504,427.75,2931693136,D,C
109504,427.75,3889624503,C,D
109504,427.75,6896201391,D,C
109504,427.75,7827477522,C,D
109504,427.75,10971305387,D,C
109504,427.75,11940182784,C,D
109568,428.0,2931693136,D,C
109568,428.0,3889624503,C,D
109568,428.0,6896201391,D,C
109568,428.0,7827477522,C,D
109568,428.0,10971305387,D,C
109568,428.0,11940182784,C,D
109632,428.25,2931693136,D,C
109632,428.25,3889624503,C,D
109632,428.25,6896201391,D,C
109632,428.25,7827477522,C,D
109632,428.25,10971305387,D,C
109632,428.25,11940182784,C,D
109696,428.5,2931693136,D,C
109696,428.5,3889624503,C,D
109696,428.5,6896201391,D,C
109696,428.5,7827477522,C,D
109696,428.5,10971305387,D,C
109696,428.5,11940182784,C,D
109760,428.75,2931693136,D,C
109760,428.75,3889624503,C,D
109760,428.75,6896201391,D,C
109760,428.75,7827477522,C,D
109760,428.75,10971305387,D,C
109760,428.75,11940182784,C,D
109824,429.0,2931693136,D,C
109824,429.0,3889624503,C,D
109824,429.0,6896201391,D,C
109824,429.0,7827477522,C,D
109824,429.0,10971305387,D,C
109824,429.0,11940182784,C,D
109888,429.25,2931693136,D,C
109888,429.25,3889624503,C,D
109888,429.25,6919355458,D,C
109888,429.25,7827477522,C,D
109888,429.25,10971305387,D,C
109888,429.25,11940182784,C,D
109952,429.5,2931693136,D,C
109952,429.5,3889624503,C,D
109952,429.5,6919355458,D,C
109952,429.5,7827477522,C,D
109952,429.5,10993943947,D,C
109952,429.5,11940182784,C,D
110016,429.75,2931693136,D,C
110016,429.75,3889624503,C,D
110016,429.75,6919355458,D,C
110016,429.75,7827477522,C,D
110016,429.75,10993943947,D,C
110016,429.75,11968966679,C,D
110080,430.0,2931693136,D,C
110080,430.0,3889624503,C,D
110080,430.0,6919355458,D,C
110080,430.0,7827477522,C,D
110080,430.0,10993943947,D,C
110080,430.0,11968966679,C,D
110144,430.25,2955421705,D,C
110144,430.25,3889624503,C,D
110144,430.25,6942073117,D,C
110144,430.25,7827477522,C,D
110144,430.25,10993943947,D,C
110144,430.25,11968966679,C,D
110208,430.5,2955421705,D,C
110208,430.5,3889624503,C,D
110208,430.5,6942073117,D,C
110208,430.5,7827477522,C,D
110208,430.5,10993943947,D,C
110208,430.5,11968966679,C,D
110272,430.75,2955421705,D,C
110272,430.75,3889624503,C,D
110272,430.75,6942073117,D,C
110272,430.75,7849848676,C,D
110272,430.75,10993943947,D,C
110272,430.75,11968966679,C,D
110336,431.0,2955421705,D,C
110336,431.0,3889624503,C,D
110336,431.0,6942073117,D,C
110336,431.0,7849848676,C,D
110336,431.0,10993943947,D,C
110336,431.0,11968966679,C,D
110400,431.25,2955421705,D,C
110400,431.25,3889624503,C,D
110400,431.25,6942073117,D,C
110400,431.25,7849848676,C,D
110400,431.25,10993943947,D,C
110400,431.25,11968966679,C,D
110464,431.5,2955421705,D,C
110464,431.5,3889624503,C,D
110464,431.5,6942073117,D,C
110464,431.5,7849848676,C,D
110464,431.5,10993943947,D,C
110464,431.5,11968966679,C,D
110528,431.75,2978950804,D,C
110528,431.75,3889624503,C,D
110528,431.75,6942073117,D,C
110528,431.75,7849848676,C,D
110528,431.75,10993943947,D,C
110528,431.75,11968966679,C,D
110592,432.0,2978950804,D,C
110592,432.0,3889624503,C,D
110592,432.0,6942073117,D,C
110592,432.0,7849848676,C,D
110592,432.0,10993943947,D,C
110592,432.0,11968966679,C,D
110656,432.25,2978950804,D,C
110656,432.25,3889624503,C,D
110656,432.25,6942073117,D,C
110656,432.25,7872124182,C,D
110656,432.25,10993943947,D,C
110656,432.25,11968966679,C,D
110720,432.5,2978950804,D,C
110720,432.5,3889624503,C,D
110720,432.5,6942073117,D,C
110720,432.5,7872124182,C,D
110720,432.5,10993943947,D,C
110720,432.5,11968966679,C,D
110784,432.75,2978950804,D,C
110784,432.75,3889624503,C,D
110784,432.75,6942073117,D,C
110784,432.75,7872124182,C,D
110784,432.75,10993943947,D,C
110784,432.75,11968966679,C,D
110848,433.0,2978950804,D,C
110848,433.0,3889624503,C,D
110848,433.0,6964247590,D,C
110848,433.0,7872124182,C,D
110848,433.0,10993943947,D,C
110848,433.0,11968966679,C,D
110912,433.25,2978950804,D,C
110912,433.25,3889624503,C,D
110912,433.25,6964247590,D,C
110912,433.25,7872124182,C,D
110912,433.25,10993943947,D,C
110912,433.25,11968966679,C,D
110976,433.5,2978950804,D,C
110976,433.5,3889624503,C,D
110976,433.5,6964247590,D,C
110976,433.5,7872124182,C,D
110976,433.5,10993943947,D,C
110976,433.5,11968966679,C,D
111040,433.75,2978950804,D,C
111040,433.75,3889624503,C,D
111040,433.75,6964247590,D,C
111040,433.75,7872124182,C,D
111040,433.75,10993943947,D,C
111040,433.75,11968966679,C,D
111104,434.0,2978950804,D,C
111104,434.0,3889624503,C,D
111104,434.0,6964247590,D,C
111104,434.0,7872124182,C,D
111104,434.0,10993943947,D,C
111104,434.0,11968966679,C,D
111168,434.25,2978950804,D,C
111168,434.25,3889624503,C,D
111168,434.25,6964247590,D,C
111168,434.25,7872124182,C,D
111168,434.25,10993943947,D,C
111168,434.25,11968966679,C,D
111232,434.5,2978950804,D,C
111232,434.5,3889624503,C,D
111232,434.5,6964247590,D,C
111232,434.5,7872124182,C,D
111232,434.5,10993943947,D,C
111232,434.5,11968966679,C,D
111296,434.75,3000972351,D,C
111296,434.75,3889624503,C,D
111296,434.75,6964247590,D,C
111296,434.75,7872124182,C,D
111296,434.75,10993943947,D,C
111296,434.75,11968966679,C,D
111360,435.0,3000972351,D,C
111360,435.0,3889624503,C,D
111360,435.0,6964247590,D,C
111360,435.0,7872124182,C,D
111360,435.0,10993943947,D,C
111360,435.0,11968966679,C,D
111424,435.25,3000972351,D,C
111424,435.25,3889624503,C,D
111424,435.25,6964247590,D,C
111424,435.25,7872124182,C,D
111424,435.25,10993943947,D,C
111424,435.25,11968966679,C,D
111488,435.5,3000972351,D,C
111488,435.5,3889624503,C,D
111488,435.5,6964247590,D,C
111488,435.5,7872124182,C,D
111488,435.5,10993943947,D,C
111488,435.5,11968966679,C,D
111552,435.75,3000972351,D,C
111552,435.75,3889624503,C,D
111552,435.75,6964247590,D,C
111552,435.75,7872124182,C,D
111552,435.75,10993943947,D,C
111552,435.75,11968966679,C,D
111616,436.0,3000972351,D,C
111616,436.0,3889624503,C,D
111616,436.0,6964247590,D,C
111616,436.0,7872124182,C,D
111616,436.0,11106326709,D,C
111616,436.0,11968966679,C,D
111680,436.25,3000972351,D,C
111680,436.25,3889624503,C,D
111680,436.25,6964247590,D,C
111680,436.25,7872124182,C,D
111680,436.25,11128553964,D,C
111680,436.25,11968966679,C,D
111744,436.5,3000972351,D,C
111744,436.5,3889624503,C,D
111744,436.5,6964247590,D,C
111744,436.5,7894383619,C,D
111744,436.5,11128553964,D,C
111744,436.5,11968966679,C,D
111808,436.75,3000972351,D,C
111808,436.75,3889624503,C,D
111808,436.75,6964247590,D,C
111808,436.75,7894383619,C,D
111808,436.75,11128553964,D,C
111808,436.75,11968966679,C,D
111872,437.0,3000972351,D,C
111872,437.0,3889624503,C,D
111872,437.0,6964247590,D,C
111872,437.0,7894383619,C,D
111872,437.0,11128553964,D,C
111872,437.0,11968966679,C,D
111936,437.25,3000972351,D,C
111936,437.25,3889624503,C,D
111936,437.25,6964247590,D,C
111936,437.25,7894383619,C,D
111936,437.25,11128553964,D,C
111936,437.25,11968966679,C,D
112000,437.5,3111992690,D,C
112000,437.5,3889624503,C,D
112000,437.5,6964247590,D,C
112000,437.5,7894383619,C,D
112000,437.5,11128553964,D,C
112000,437.5,11968966679,C,D
112064,437.75,3111992690,D,C
112064,437.75,3889624503,C,D
112064,437.75,6964247590,D,C
112064,437.75,7894383619,C,D
112064,437.75,11128553964,D,C
112064,437.75,11991296935,C,D
112128,438.0,3111992690,D,C
112128,438.0,3889624503,C,D
112128,438.0,6964247590,D,C
112128,438.0,7894383619,C,D
112128,438.0,11128553964,D,C
112128,438.0,11991296935,C,D
112192,438.25,3111992690,D,C
112192,438.25,3889624503,C,D
112192,438.25,7075448382,D,C
112192,438.25,7916989458,C,D
112192,438.25,11151437183,D,C
112192,438.25,11991296935,C,D
112256,438.5,3111992690,D,C
112256,438.5,3889624503,C,D
112256,438.5,7075448382,D,C
112256,438.5,7916989458,C,D
112256,438.5,11151437183,D,C
112256,438.5,11991296935,C,D
112320,438.75,3111992690,D,C
112320,438.75,3889624503,C,D
112320,438.75,7075448382,D,C
112320,438.75,7916989458,C,D
112320,438.75,11151437183,D,C
112320,438.75,11991296935,C,D
112384,439.0,3111992690,D,C
112384,439.0,3911705528,C,D
112384,439.0,7075448382,D,C
112384,439.0,7916989458,C,D
112384,439.0,11151437183,D,C
112384,439.0,11991296935,C,D
112448,439.25,3111992690,D,C
112448,439.25,3911705528,C,D
112448,439.25,7075448382,D,C
112448,439.25,7916989458,C,D
112448,439.25,11151437183,D,C
112448,439.25,11991296935,C,D
112512,439.5,3134096452,D,C
112512,439.5,3911705528,C,D
112512,439.5,7075448382,D,C
112512,439.5,7916989458,C,D
112512,439.5,11151437183,D,C
112512,439.5,11991296935,C,D
112576,439.75,3134096452,D,C
112576,439.75,3911705528,C,D
112576,439.75,7075448382,D,C
112576,439.75,7916989458,C,D
112576,439.75,11151437183,D,C
112576,439.75,11991296935,C,D
112640,440.0,3134096452,D,C
112640,440.0,3911705528,C,D
112640,440.0,7075448382,D,C
112640,440.0,7916989458,C,D
112640,440.0,11151437183,D,C
112640,440.0,11991296935,C,D
112704,440.25,3134096452,D,C
112704,440.25,3911705528,C,D
112704,440.25,7075448382,D,C
112704,440.25,7916989458,C,D
112704,440.25,11151437183,D,C
112704,440.25,11991296935,C,D
112768,440.5,3134096452,D,C
112768,440.5,3911705528,C,D
112768,440.5,7075448382,D,C
112768,440.5,7916989458,C,D
112768,440.5,11173968179,D,C
112768,440.5,11991296935,C,D
112832,440.75,3134096452,D,C
112832,440.75,3911705528,C,D
112832,440.75,7075448382,D,C
112832,440.75,7942343134,C,D
112832,440.75,11173968179,D,C
112832,440.75,11991296935,C,D
112896,441.0,3134096452,D,C
112896,441.0,3911705528,C,D
112896,441.0,7075448382,D,C
112896,441.0,7942343134,C,D
112896,441.0,11173968179,D,C
112896,441.0,11991296935,C,D
112960,441.25,3134096452,D,C
112960,441.25,3911705528,C,D
112960,441.25,7075448382,D,C
112960,441.25,7942343134,C,D
112960,441.25,11173968179,D,C
112960,441.25,11991296935,C,D
113024,441.5,3134096452,D,C
113024,441.5,3911705528,C,D
113024,441.5,7075448382,D,C
113024,441.5,7942343134,C,D
113024,441.5,11173968179,D,C
113024,441.5,11991296935,C,D
113088,441.75,3156552449,D,C
113088,441.75,3933892998,C,D
113088,441.75,7075448382,D,C
113088,441.75,7942343134,C,D
113088,441.75,11173968179,D,C
113088,441.75,11991296935,C,D
113152,442.0,3156552449,D,C
113152,442.0,3933892998,C,D
113152,442.0,7075448382,D,C
113152,442.0,7942343134,C,D
113152,442.0,11173968179,D,C
113152,442.0,11991296935,C,D
113216,442.25,3156552449,D,C
113216,442.25,3933892998,C,D
113216,442.25,7075448382,D,C
113216,442.25,7942343134,C,D
113216,442.25,11173968179,D,C
113216,442.25,11991296935,C,D
113280,442.5,3156552449,D,C
113280,442.5,3933892998,C,D
113280,442.5,7075448382,D,C
113280,442.5,7942343134,C,D
113280,442.5,11173968179,D,C
113280,442.5,11991296935,C,D
113344,442.75,3156552449,D,C
113344,442.75,3933892998,C,D
113344,442.75,7075448382,D,C
113344,442.75,7942343134,C,D
113344,442.75,11173968179,D,C
113344,442.75,11991296935,C,D
113408,443.0,3156552449,D,C
113408,443.0,3933892998,C,D
113408,443.0,7075448382,D,C
113408,443.0,7942343134,C,D
113408,443.0,11173968179,D,C
113408,443.0,11991296935,C,D
113472,443.25,3156552449,D,C
113472,443.25,3933892998,C,D
113472,443.25,7075448382,D,C
113472,443.25,7942343134,C,D
113472,443.25,11173968179,D,C
113472,443.25,11991296935,C,D
113536,443.5,3156552449,D,C
113536,443.5,3933892998,C,D
113536,443.5,7097561892,D,C
113536,443.5,7942343134,C,D
113536,443.5,11173968179,D,C
113536,443.5,11991296935,C,D
113600,443.75,3156552449,D,C
113600,443.75,3933892998,C,D
113600,443.75,7097561892,D,C
113600,443.75,7942343134,C,D
113600,443.75,11173968179,D,C
113600,443.75,11991296935,C,D
113664,444.0,3156552449,D,C
113664,444.0,3933892998,C,D
113664,444.0,7097561892,D,C
113664,444.0,7942343134,C,D
113664,444.0,11196213292,D,C
113664,444.0,11991296935,C,D
113728,444.25,3156552449,D,C
113728,444.25,3933892998,C,D
113728,444.25,7097561892,D,C
113728,444.25,7942343134,C,D
113728,444.25,11196213292,D,C
113728,444.25,11991296935,C,D
113792,444.5,3156552449,D,C
113792,444.5,3933892998,C,D
113792,444.5,7097561892,D,C
113792,444.5,7942343134,C,D
113792,444.5,11196213292,D,C
113792,444.5,11991296935,C,D
113856,444.75,3156552449,D,C
113856,444.75,3933892998,C,D
113856,444.75,7097561892,D,C
113856,444.75,7942343134,C,D
113856,444.75,11196213292,D,C
113856,444.75,11991296935,C,D
113920,445.0,3156552449,D,C
113920,445.0,3956131654,C,D
113920,445.0,7097561892,D,C
113920,445.0,7942343134,C,D
113920,445.0,11196213292,D,C
113920,445.0,11991296935,C,D
113984,445.25,3156552449,D,C
113984,445.25,3956131654,C,D
113984,445.25,7342505384,D,C
113984,445.25,7942343134,C,D
113984,445.25,11196213292,D,C
113984,445.25,12013816559,C,D
114048,445.5,3156552449,D,C
114048,445.5,3956131654,C,D
114048,445.5,7119678797,D,C
114048,445.5,7942343134,C,D
114048,445.5,11196213292,D,C
114048,445.5,12013816559,C,D
114112,445.75,3156552449,D,C
114112,445.75,3956131654,C,D
114112,445.75,7119678797,D,C
114112,445.75,7942343134,C,D
114112,445.75,11196213292,D,C
114112,445.75,12013816559,C,D
114176,446.0,3179990703,D,C
114176,446.0,3956131654,C,D
114176,446.0,7119678797,D,C
114176,446.0,7942343134,C,D
114176,446.0,11196213292,D,C
114176,446.0,12013816559,C,D
114240,446.25,3179990703,D,C
114240,446.25,3956131654,C,D
114240,446.25,7119678797,D,C
114240,446.25,7942343134,C,D
114240,446.25,11196213292,D,C
114240,446.25,12013816559,C,D
114304,446.5,3179990703,D,C
114304,446.5,3956131654,C,D
114304,446.5,7119678797,D,C
114304,446.5,7942343134,C,D
114304,446.5,11196213292,D,C
114304,446.5,12013816559,C,D
114368,446.75,3179990703,D,C
114368,446.75,3956131654,C,D
114368,446.75,7119678797,D,C
114368,446.75,7942343134,C,D
114368,446.75,11196213292,D,C
114368,446.75,12013816559,C,D
114432,447.0,3179990703,D,C
114432,447.0,3956131654,C,D
114432,447.0,7119678797,D,C
114432,447.0,7942343134,C,D
114432,447.0,11196213292,D,C
114432,447.0,12013816559,C,D
114496,447.25,3179990703,D,C
114496,447.25,3956131654,C,D
114496,447.25,7119678797,D,C
114496,447.25,7942343134,C,D
114496,447.25,11196213292,D,C
114496,447.25,12013816559,C,D
114560,447.5,3179990703,D,C
114560,447.5,3956131654,C,D
114560,447.5,7119678797,D,C
114560,447.5,7942343134,C,D
114560,447.5,11196213292,D,C
114560,447.5,12036205742,C,D
114624,447.75,3179990703,D,C
114624,447.75,3956131654,C,D
114624,447.75,7119678797,D,C
114624,447.75,7942343134,C,D
114624,447.75,11196213292,D,C
114624,447.75,12036205742,C,D
114688,448.0,3179990703,D,C
114688,448.0,4066784885,C,D
114688,448.0,7119678797,D,C
114688,448.0,8054392593,C,D
114688,448.0,11196213292,D,C
114688,448.0,12128582091,C,D
114752,448.25,3179990703,D,C
114752,448.25,4066784885,C,D
114752,448.25,7119678797,D,C
114752,448.25,8054392593,C,D
114752,448.25,11218546910,D,C
114752,448.25,12128582091,C,D
114816,448.5,3179990703,D,C
114816,448.5,4066784885,C,D
114816,448.5,7119678797,D,C
114816,448.5,8054392593,C,D
114816,448.5,11218546910,D,C
114816,448.5,12128582091,C,D
114880,448.75,3179990703,D,C
114880,448.75,4066784885,C,D
114880,448.75,7119678797,D,C
114880,448.75,8054392593,C,D
114880,448.75,11218546910,D,C
114880,448.75,12128582091,C,D
114944,449.0,3179990703,D,C
114944,449.0,4066784885,C,D
114944,449.0,7119678797,D,C
114944,449.0,8054392593,C,D
114944,449.0,11218546910,D,C
114944,449.0,12128582091,C,D
115008,449.25,3179990703,D,C
115008,449.25,4066784885,C,D
115008,449.25,7119678797,D,C
115008,449.25,8054392593,C,D
115008,449.25,11242078121,D,C
115008,449.25,12128582091,C,D
115072,449.5,3179990703,D,C
115072,449.5,4066784885,C,D
115072,449.5,7119678797,D,C
115072,449.5,8054392593,C,D
115072,449.5,11242078121,D,C
115072,449.5,12128582091,C,D
115136,449.75,3179990703,D,C
115136,449.75,4066784885,C,D
115136,449.75,7119678797,D,C
115136,449.75,8054392593,C,D
115136,449.75,11242078121,D,C
115136,449.75,12128582091,C,D
115200,450.0,3179990703,D,C
115200,450.0,4066784885,C,D
115200,450.0,7119678797,D,C
115200,450.0,8054392593,C,D
115200,450.0,11242078121,D,C
115200,450.0,12128582091,C,D
115264,450.25,3179990703,D,C
115264,450.25,4066784885,C,D
115264,450.25,7119678797,D,C
115264,450.25,8054392593,C,D
115264,450.25,11242078121,D,C
115264,450.25,12128582091,C,D
115328,450.5,3179990703,D,C
115328,450.5,4066784885,C,D
115328,450.5,7119678797,D,C
115328,450.5,8054392593,C,D
115328,450.5,11242078121,D,C
115328,450.5,12128582091,C,D
115392,450.75,3179990703,D,C
115392,450.75,4066784885,C,D
115392,450.75,7141773359,D,C
115392,450.75,8054392593,C,D
115392,450.75,11242078121,D,C
115392,450.75,12128582091,C,D
115456,451.0,3179990703,D,C
115456,451.0,4066784885,C,D
115456,451.0,7141773359,D,C
115456,451.0,8054392593,C,D
115456,451.0,11242078121,D,C
115456,451.0,12128582091,C,D
115520,451.25,3179990703,D,C
115520,451.25,4088725656,C,D
115520,451.25,7141773359,D,C
115520,451.25,8054392593,C,D
115520,451.25,11242078121,D,C
115520,451.25,12128582091,C,D
115584,451.5,3179990703,D,C
115584,451.5,4088725656,C,D
115584,451.5,7141773359,D,C
115584,451.5,8054392593,C,D
115584,451.5,11242078121,D,C
115584,451.5,12128582091,C,D
115648,451.75,3179990703,D,C
115648,451.75,4088725656,C,D
115648,451.75,7141773359,D,C
115648,451.75,8054392593,C,D
115648,451.75,11242078121,D,C
115648,451.75,12128582091,C,D
115712,452.0,3179990703,D,C
115712,452.0,4088725656,C,D
115712,452.0,7141773359,D,C
115712,452.0,8054392593,C,D
115712,452.0,11265069966,D,C
115712,452.0,12150904208,C,D
115776,452.25,3179990703,D,C
115776,452.25,4088725656,C,D
115776,452.25,7141773359,D,C
115776,452.25,8054392593,C,D
115776,452.25,11265069966,D,C
115776,452.25,12150904208,C,D
115840,452.5,3179990703,D,C
115840,452.5,4088725656,C,D
115840,452.5,7141773359,D,C
115840,452.5,8054392593,C,D
115840,452.5,11265069966,D,C
115840,452.5,12150904208,C,D
115904,452.75,3179990703,D,C
115904,452.75,4111589264,C,D
115904,452.75,7141773359,D,C
115904,452.75,8054392593,C,D
115904,452.75,11265069966,D,C
115904,452.75,12150904208,C,D
115968,453.0,3201968828,D,C
115968,453.0,4111589264,C,D
115968,453.0,7163898275,D,C
115968,453.0,8054392593,C,D
115968,453.0,11265069966,D,C
115968,453.0,12150904208,C,D
116032,453.25,3201968828,D,C
116032,453.25,4111589264,C,D
116032,453.25,7163898275,D,C
116032,453.25,8054392593,C,D
116032,453.25,11265069966,D,C
116032,453.25,12150904208,C,D
116096,453.5,3201968828,D,C
116096,453.5,4111589264,C,D
116096,453.5,7163898275,D,C
116096,453.5,8054392593,C,D
116096,453.5,11265069966,D,C
116096,453.5,12150904208,C,D
116160,453.75,3201968828,D,C
116160,453.75,4111589264,C,D
116160,453.75,7163898275,D,C
116160,453.75,8054392593,C,D
116160,453.75,11265069966,D,C
116160,453.75,12150904208,C,D
116224,454.0,3201968828,D,C
116224,454.0,4111589264,C,D
116224,454.0,7163898275,D,C
116224,454.0,8054392593,C,D
116224,454.0,11265069966,D,C
116224,454.0,12150904208,C,D
116288,454.25,3201968828,D,C
116288,454.25,4111589264,C,D
116288,454.25,7163898275,D,C
116288,454.25,8054392593,C,D
116288,454.25,11265069966,D,C
116288,454.25,12150904208,C,D
116352,454.5,3201968828,D,S
116352,454.5,3224176183,S,C
116352,454.5,4111589264,C,D
116352,454.5,7163898275,D,C
116352,454.5,8054392593,C,D
116352,454.5,11265069966,D,C
116352,454.5,12150904208,C,D
116416,454.75,3201968828,D,C
116416,454.75,4111589264,C,D
116416,454.75,7163898275,D,C
116416,454.75,8054392593,C,D
116416,454.75,11265069966,D,C
116416,454.75,12150904208,C,D
116480,455.0,3201968828,D,C
116480,455.0,4111589264,C,D
116480,455.0,7163898275,D,C
116480,455.0,8054392593,C,D
116480,455.0,11265069966,D,C
116480,455.0,12150904208,C,D
116544,455.25,3201968828,D,C
116544,455.25,4111589264,C,D
116544,455.25,7163898275,D,C
116544,455.25,8054392593,C,D
116544,455.25,11265069966,D,C
116544,455.25,12150904208,C,D
116608,455.5,3201968828,D,C
116608,455.5,4111589264,C,D
116608,455.5,7163898275,D,C
116608,455.5,8054392593,C,D
116608,455.5,11265069966,D,C
116608,455.5,12150904208,C,D
116672,455.75,3201968828,D,C
116672,455.75,4111589264,C,D
116672,455.75,7163898275,D,C
116672,455.75,8077439923,C,D
116672,455.75,11265069966,D,C
116672,455.75,12150904208,C,D
116736,456.0,3201968828,D,C
116736,456.0,4111589264,C,D
116736,456.0,7163898275,D,C
116736,456.0,8077439923,C,D
116736,456.0,11265069966,D,C
116736,456.0,12150904208,C,D
116800,456.25,3201968828,D,C
116800,456.25,4133580045,C,D
116800,456.25,7163898275,D,C
116800,456.25,8077439923,C,D
116800,456.25,11265069966,D,C
116800,456.25,12150904208,C,D
116864,456.5,3201968828,D,C
116864,456.5,4133580045,C,D
116864,456.5,7163898275,D,C
116864,456.5,8077439923,C,D
116864,456.5,11265069966,D,C
116864,456.5,12150904208,C,D
116928,456.75,3201968828,D,C
116928,456.75,4133580045,C,D
116928,456.75,7163898275,D,C
116928,456.75,8077439923,C,D
116928,456.75,11287542642,D,C
116928,456.75,12150904208,C,D
116992,457.0,3201968828,D,C
116992,457.0,4133580045,C,D
116992,457.0,7163898275,D,C
116992,457.0,8077439923,C,D
116992,457.0,11287542642,D,C
116992,457.0,12150904208,C,D
117056,457.25,3201968828,D,C
117056,457.25,4133580045,C,D
117056,457.25,7163898275,D,C
117056,457.25,8077439923,C,D
117056,457.25,11287542642,D,C
117056,457.25,12150904208,C,D
117120,457.5,3201968828,D,C
117120,457.5,4133580045,C,D
117120,457.5,7163898275,D,C
117120,457.5,8077439923,C,D
117120,457.5,11287542642,D,C
117120,457.5,12150904208,C,D
117184,457.75,3201968828,D,C
117184,457.75,4133580045,C,D
117184,457.75,7186077842,D,C
117184,457.75,8077439923,C,D
117184,457.75,11287542642,D,C
117184,457.75,12150904208,C,D
117248,458.0,3201968828,D,C
117248,458.0,4133580045,C,D
117248,458.0,7186077842,D,C
117248,458.0,8077439923,C,D
117248,458.0,11287542642,D,C
117248,458.0,12150904208,C,D
117312,458.25,3201968828,D,C
117312,458.25,4133580045,C,D
117312,458.25,7186077842,D,C
117312,458.25,8077439923,C,D
117312,458.25,11287542642,D,C
117312,458.25,12150904208,C,D
117376,458.5,3201968828,D,C
117376,458.5,4133580045,C,D
117376,458.5,7186077842,D,C
117376,458.5,8077439923,C,D
117376,458.5,11287542642,D,C
117376,458.5,12150904208,C,D
117440,458.75,3201968828,D,C
117440,458.75,4133580045,C,D
117440,458.75,7186077842,D,C
117440,458.75,8077439923,C,D
117440,458.75,11287542642,D,C
117440,458.75,12150904208,C,D
117504,459.0,3201968828,D,C
117504,459.0,4155644610,C,D
117504,459.0,7186077842,D,C
117504,459.0,8077439923,C,D
117504,459.0,11287542642,D,C
117504,459.0,12150904208,C,D
117568,459.25,3201968828,D,C
117568,459.25,4155644610,C,D
117568,459.25,7186077842,D,C
117568,459.25,8077439923,C,D
117568,459.25,11287542642,D,C
117568,459.25,12150904208,C,D
117632,459.5,3201968828,D,C
117632,459.5,4177681743,C,D
117632,459.5,7186077842,D,C
117632,459.5,8077439923,C,D
117632,459.5,11287542642,D,C
117632,459.5,12150904208,C,D
117696,459.75,3201968828,D,C
117696,459.75,4177681743,C,D
117696,459.75,7186077842,D,C
117696,459.75,8077439923,C,D
117696,459.75,11287542642,D,C
117696,459.75,12150904208,C,D
117760,460.0,3201968828,D,C
117760,460.0,4177681743,C,D
117760,460.0,7186077842,D,C
117760,460.0,8077439923,C,D
117760,460.0,11287542642,D,C
117760,460.0,12150904208,C,D
117824,460.25,3201968828,D,C
117824,460.25,4177681743,C,D
117824,460.25,7186077842,D,C
117824,460.25,8099679350,C,D
117824,460.25,11287542642,D,C
117824,460.25,12150904208,C,D
117888,460.5,3201968828,D,C
117888,460.5,4177681743,C,D
117888,460.5,7208184817,D,C
117888,460.5,8099679350,C,D
117888,460.5,11287542642,D,C
117888,460.5,12150904208,C,D
117952,460.75,3201968828,D,C
117952,460.75,4177681743,C,D
117952,460.75,7208184817,D,C
117952,460.75,8099679350,C,D
117952,460.75,11309735778,D,C
117952,460.75,12150904208,C,D
118016,461.0,3201968828,D,C
118016,461.0,4177681743,C,D
118016,461.0,7208184817,D,C
118016,461.0,8099679350,C,D
118016,461.0,11309735778,D,C
118016,461.0,12150904208,C,D
118080,461.25,3201968828,D,C
118080,461.25,4177681743,C,D
118080,461.25,7208184817,D,C
118080,461.25,8099679350,C,D
118080,461.25,11309735778,D,C
118080,461.25,12150904208,C,D
118144,461.5,3201968828,D,C
118144,461.5,4177681743,C,D
118144,461.5,7208184817,D,C
118144,461.5,8099679350,C,D
118144,461.5,11309735778,D,C
118144,461.5,12150904208,C,D
118208,461.75,3224176183,D,C
118208,461.75,4177681743,C,D
118208,461.75,7208184817,D,C
118208,461.75,8099679350,C,D
118208,461.75,11309735778,D,C
118208,461.75,12150904208,C,D
118272,462.0,3246698268,D,C
118272,462.0,4177681743,C,D
118272,462.0,7208184817,D,C
118272,462.0,8099679350,C,D
118272,462.0,11309735778,D,C
118272,462.0,12150904208,C,D
118336,462.25,3246698268,D,C
118336,462.25,4177681743,C,D
118336,462.25,7208184817,D,C
118336,462.25,8099679350,C,D
118336,462.25,11309735778,D,C
118336,462.25,12150904208,C,D
118400,462.5,3268722705,D,C
118400,462.5,4177681743,C,D
118400,462.5,7208184817,D,C
118400,462.5,8099679350,C,D
118400,462.5,11309735778,D,C
118400,462.5,12150904208,C,D
118464,462.75,3268722705,D,C
118464,462.75,4177681743,C,D
118464,462.75,7208184817,D,C
118464,462.75,8099679350,C,D
118464,462.75,11309735778,D,C
118464,462.75,12150904208,C,D
118528,463.0,3268722705,D,C
118528,463.0,4177681743,C,D
118528,463.0,7208184817,D,C
118528,463.0,8099679350,C,D
118528,463.0,11309735778,D,C
118528,463.0,12150904208,C,D
118592,463.25,3268722705,D,C
118592,463.25,4177681743,C,D
118592,463.25,7208184817,D,C
118592,463.25,8099679350,C,D
118592,463.25,11309735778,D,C
118592,463.25,12150904208,C,D
118656,463.5,3268722705,D,C
118656,463.5,4177681743,C,D
118656,463.5,7208184817,D,C
118656,463.5,8099679350,C,D
118656,463.5,11309735778,D,C
118656,463.5,12150904208,C,D
118720,463.75,3268722705,D,C
118720,463.75,4199702077,C,D
118720,463.75,7208184817,D,C
118720,463.75,8099679350,C,D
118720,463.75,11309735778,D,C
118720,463.75,12150904208,C,D
118784,464.0,3268722705,D,C
118784,464.0,4199702077,C,D
118784,464.0,7208184817,D,C
118784,464.0,8121897702,C,D
118784,464.0,11309735778,D,C
118784,464.0,12150904208,C,D
118848,464.25,3268722705,D,C
118848,464.25,4199702077,C,D
118848,464.25,7208184817,D,C
118848,464.25,8121897702,C,D
118848,464.25,11309735778,D,C
118848,464.25,12173304295,C,D
118912,464.5,3291071941,D,C
118912,464.5,4199702077,C,D
118912,464.5,7230554397,D,C
118912,464.5,8121897702,C,D
118912,464.5,11309735778,D,C
118912,464.5,12173304295,C,D
118976,464.75,3291071941,D,C
118976,464.75,4199702077,C,D
118976,464.75,7230554397,D,C
118976,464.75,8121897702,C,D
118976,464.75,11309735778,D,C
118976,464.75,12173304295,C,D
119040,465.0,3291071941,D,C
119040,465.0,4199702077,C,D
119040,465.0,7230554397,D,C
119040,465.0,8121897702,C,D
119040,465.0,11309735778,D,C
119040,465.0,12173304295,C,D
119104,465.25,3291071941,D,C
119104,465.25,4199702077,C,D
119104,465.25,7230554397,D,C
119104,465.25,8121897702,C,D
119104,465.25,11332580657,D,C
119104,465.25,12173304295,C,D
119168,465.5,3291071941,D,C
119168,465.5,4199702077,C,D
119168,465.5,7230554397,D,C
119168,465.5,8121897702,C,D
119168,465.5,11332580657,D,C
119168,465.5,12173304295,C,D
119232,465.75,3291071941,D,C
119232,465.75,4199702077,C,D
119232,465.75,7230554397,D,C
119232,465.75,8121897702,C,D
119232,465.75,11332580657,D,C
119232,465.75,12173304295,C,D
119296,466.0,3291071941,D,C
119296,466.0,4199702077,C,D
119296,466.0,7230554397,D,C
119296,466.0,8121897702,C,D
119296,466.0,11332580657,D,C
119296,466.0,12173304295,C,D
119360,466.25,3291071941,D,C
119360,466.25,4199702077,C,D
119360,466.25,7230554397,D,C
119360,466.25,8121897702,C,D
119360,466.25,11332580657,D,C
119360,466.25,12173304295,C,D
119424,466.5,3291071941,D,C
119424,466.5,4222074458,C,D
119424,466.5,7230554397,D,C
119424,466.5,8121897702,C,D
119424,466.5,11332580657,D,C
119424,466.5,12173304295,C,D
119488,466.75,3291071941,D,C
119488,466.75,4222074458,C,D
119488,466.75,7252755565,D,C
119488,466.75,8121897702,C,D
119488,466.75,11356688189,D,C
119488,466.75,12173304295,C,D
119552,467.0,3291071941,D,C
119552,467.0,4222074458,C,D
119552,467.0,7252755565,D,C
119552,467.0,8121897702,C,D
119552,467.0,11356688189,D,C
119552,467.0,12173304295,C,D
119616,467.25,3313269863,D,C
119616,467.25,4222074458,C,D
119616,467.25,7252755565,D,C
119616,467.25,8144040859,C,D
119616,467.25,11356688189,D,C
119616,467.25,12196399912,C,D
119680,467.5,3313269863,D,C
119680,467.5,4222074458,C,D
119680,467.5,7252755565,D,C
119680,467.5,8144040859,C,D
119680,467.5,11356688189,D,C
119680,467.5,12196399912,C,D
119744,467.75,3313269863,D,C
119744,467.75,4222074458,C,D
119744,467.75,7252755565,D,C
119744,467.75,8144040859,C,D
119744,467.75,11356688189,D,C
119744,467.75,12196399912,C,D
119808,468.0,3313269863,D,C
119808,468.0,4222074458,C,D
119808,468.0,7252755565,D,C
119808,468.0,8144040859,C,D
119808,468.0,11356688189,D,C
119808,468.0,12196399912,C,D
119872,468.25,3313269863,D,C
119872,468.25,4222074458,C,D
119872,468.25,7252755565,D,C
119872,468.25,8144040859,C,D
119872,468.25,11356688189,D,C
119872,468.25,12196399912,C,D
119936,468.5,3313269863,D,C
119936,468.5,4222074458,C,D
119936,468.5,7252755565,D,C
119936,468.5,8144040859,C,D
119936,468.5,11356688189,D,C
119936,468.5,12196399912,C,D
120000,468.75,3313269863,D,C
120000,468.75,4222074458,C,D
120000,468.75,7275029101,D,C
120000,468.75,8144040859,C,D
120000,468.75,11356688189,D,C
120000,468.75,12196399912,C,D
120064,469.0,3313269863,D,C
120064,469.0,4222074458,C,D
120064,469.0,7275029101,D,C
120064,469.0,8166249905,C,D
120064,469.0,11356688189,D,C
120064,469.0,12196399912,C,D
120128,469.25,3313269863,D,C
120128,469.25,4222074458,C,D
120128,469.25,7275029101,D,C
120128,469.25,8166249905,C,D
120128,469.25,11356688189,D,C
120128,469.25,12196399912,C,D
120192,469.5,3336291398,D,C
120192,469.5,4222074458,C,D
120192,469.5,7275029101,D,C
120192,469.5,8166249905,C,D
120192,469.5,11356688189,D,C
120192,469.5,12196399912,C,D
120256,469.75,3336291398,D,C
120256,469.75,4222074458,C,D
120256,469.75,7275029101,D,C
120256,469.75,8166249905,C,D
120256,469.75,11356688189,D,C
120256,469.75,12196399912,C,D
120320,470.0,3336291398,D,C
120320,470.0,4222074458,C,D
120320,470.0,7275029101,D,C
120320,470.0,8166249905,C,D
120320,470.0,11356688189,D,C
120320,470.0,12196399912,C,D
120384,470.25,3336291398,D,C
120384,470.25,4222074458,C,D
120384,470.25,7275029101,D,C
120384,470.25,8166249905,C,D
120384,470.25,11356688189,D,C
120384,470.25,12196399912,C,D
120448,470.5,3336291398,D,C
120448,470.5,4222074458,C,D
120448,470.5,7275029101,D,C
120448,470.5,8166249905,C,D
120448,470.5,11356688189,D,C
120448,470.5,12196399912,C,D
120512,470.75,3336291398,D,C
120512,470.75,4243982334,C,D
120512,470.75,7275029101,D,C
120512,470.75,8166249905,C,D
120512,470.75,11379647639,D,C
120512,470.75,12218718888,C,D
120576,471.0,3336291398,D,C
120576,471.0,4243982334,C,D
120576,471.0,7297361035,D,C
120576,471.0,8166249905,C,D
120576,471.0,11379647639,D,C
120576,471.0,12218718888,C,D
120640,471.25,3336291398,D,C
120640,471.25,4243982334,C,D
120640,471.25,7297361035,D,C
120640,471.25,8166249905,C,D
120640,471.25,11379647639,D,C
120640,471.25,12218718888,C,D
120704,471.5,3336291398,D,C
120704,471.5,4243982334,C,D
120704,471.5,7297361035,D,C
120704,471.5,8166249905,C,D
120704,471.5,11379647639,D,C
120704,471.5,12218718888,C,D
120768,471.75,3336291398,D,C
120768,471.75,4243982334,C,D
120768,471.75,7297361035,D,C
120768,471.75,8166249905,C,D
120768,471.75,11379647639,D,C
120768,471.75,12218718888,C,D
120832,472.0,3336291398,D,C
120832,472.0,4243982334,C,D
120832,472.0,7297361035,D,C
120832,472.0,8166249905,C,D
120832,472.0,11379647639,D,C
120832,472.0,12218718888,C,D
120896,472.25,3336291398,D,C
120896,472.25,4243982334,C,D
120896,472.25,7297361035,D,C
120896,472.25,8166249905,C,D
120896,472.25,11401976693,D,C
120896,472.25,12218718888,C,D
120960,472.5,3336291398,D,C
120960,472.5,4267013892,C,D
120960,472.5,7297361035,D,C
120960,472.5,8166249905,C,D
120960,472.5,11401976693,D,C
120960,472.5,12218718888,C,D
121024,472.75,3336291398,D,C
121024,472.75,4267013892,C,D
121024,472.75,7297361035,D,C
121024,472.75,8188530001,C,D
121024,472.75,11401976693,D,C
121024,472.75,12218718888,C,D
121088,473.0,3336291398,D,C
121088,473.0,4267013892,C,D
121088,473.0,7297361035,D,C
121088,473.0,8188530001,C,D
121088,473.0,11401976693,D,C
121088,473.0,12218718888,C,D
121152,473.25,3358432103,D,C
121152,473.25,4267013892,C,D
121152,473.25,7297361035,D,C
121152,473.25,8188530001,C,D
121152,473.25,11401976693,D,C
121152,473.25,12218718888,C,D
121216,473.5,3358432103,D,C
121216,473.5,4267013892,C,D
121216,473.5,7297361035,D,C
121216,473.5,8188530001,C,D
121216,473.5,11401976693,D,C
121216,473.5,12218718888,C,D
121280,473.75,3358432103,D,C
121280,473.75,4267013892,C,D
121280,473.75,7297361035,D,C
121280,473.75,8188530001,C,D
121280,473.75,11401976693,D,C
121280,473.75,12218718888,C,D
121344,474.0,3358432103,D,C
121344,474.0,4267013892,C,D
121344,474.0,7297361035,D,C
121344,474.0,8188530001,C,D
121344,474.0,11401976693,D,C
121344,474.0,12241302312,C,D
121408,474.25,3358432103,D,C
121408,474.25,4267013892,C,D
121408,474.25,7297361035,D,C
121408,474.25,8188530001,C,D
121408,474.25,11401976693,D,C
121408,474.25,12241302312,C,D
121472,474.5,3358432103,D,C
121472,474.5,4267013892,C,D
121472,474.5,7297361035,D,C
121472,474.5,8210650015,C,D
121472,474.5,11401976693,D,C
121472,474.5,12241302312,C,D
121536,474.75,3358432103,D,C
121536,474.75,4267013892,C,D
121536,474.75,7297361035,D,C
121536,474.75,8210650015,C,D
121536,474.75,11401976693,D,C
121536,474.75,12241302312,C,D
121600,475.0,3358432103,D,C
121600,475.0,4267013892,C,D
121600,475.0,7297361035,D,C
121600,475.0,8210650015,C,D
121600,475.0,11401976693,D,C
121600,475.0,12241302312,C,D
121664,475.25,3358432103,D,C
121664,475.25,4267013892,C,D
121664,475.25,7297361035,D,C
121664,475.25,8210650015,C,D
121664,475.25,11401976693,D,C
121664,475.25,12241302312,C,D
121728,475.5,3358432103,D,C
121728,475.5,4267013892,C,D
121728,475.5,7297361035,D,C
121728,475.5,8210650015,C,D
121728,475.5,11401976693,D,C
121728,475.5,12241302312,C,D
121792,475.75,3358432103,D,C
121792,475.75,4267013892,C,D
121792,475.75,7297361035,D,C
121792,475.75,8210650015,C,D
121792,475.75,11401976693,D,C
121792,475.75,12241302312,C,D
121856,476.0,3358432103,D,C
121856,476.0,4267013892,C,D
121856,476.0,7297361035,D,C
121856,476.0,8210650015,C,D
121856,476.0,11424413862,D,C
121856,476.0,12241302312,C,D
121920,476.25,3358432103,D,C
121920,476.25,4267013892,C,D
121920,476.25,7297361035,D,C
121920,476.25,8210650015,C,D
121920,476.25,11424413862,D,C
121920,476.25,12241302312,C,D
121984,476.5,3358432103,D,C
121984,476.5,4267013892,C,D
121984,476.5,7297361035,D,C
121984,476.5,8210650015,C,D
121984,476.5,11424413862,D,C
121984,476.5,12241302312,C,D
122048,476.75,3358432103,D,C
122048,476.75,4288996373,C,D
122048,476.75,7297361035,D,C
122048,476.75,8210650015,C,D
122048,476.75,11424413862,D,C
122048,476.75,12241302312,C,D
122112,477.0,3358432103,D,C
122112,477.0,4288996373,C,D
122112,477.0,7297361035,D,C
122112,477.0,8210650015,C,D
122112,477.0,11424413862,D,C
122112,477.0,12263599996,C,D
122176,477.25,3358432103,D,C
122176,477.25,4288996373,C,D
122176,477.25,7297361035,D,C
122176,477.25,8210650015,C,D
122176,477.25,11424413862,D,C
122176,477.25,12263599996,C,D
122240,477.5,3358432103,D,C
122240,477.5,4288996373,C,D
122240,477.5,7297361035,D,C
122240,477.5,8210650015,C,D
122240,477.5,11424413862,D,C
122240,477.5,12263599996,C,D
122304,477.75,3358432103,D,C
122304,477.75,4288996373,C,D
122304,477.75,7297361035,D,C
122304,477.75,8210650015,C,D
122304,477.75,11424413862,D,C
122304,477.75,12263599996,C,D
122368,478.0,3358432103,D,C
122368,478.0,4288996373,C,D
122368,478.0,7297361035,D,C
122368,478.0,8210650015,C,D
122368,478.0,11424413862,D,C
122368,478.0,12263599996,C,D
122432,478.25,3358432103,D,C
122432,478.25,4288996373,C,D
122432,478.25,7297361035,D,C
122432,478.25,8210650015,C,D
122432,478.25,11424413862,D,C
122432,478.25,12263599996,C,D
122496,478.5,3358432103,D,C
122496,478.5,4288996373,C,D
122496,478.5,7297361035,D,C
122496,478.5,8210650015,C,D
122496,478.5,11424413862,D,C
122496,478.5,12263599996,C,D
122560,478.75,3358432103,D,C
122560,478.75,4311095167,C,D
122560,478.75,7297361035,D,C
122560,478.75,8210650015,C,D
122560,478.75,11424413862,D,C
122560,478.75,12263599996,C,D
122624,479.0,3358432103,D,C
122624,479.0,4311095167,C,D
122624,479.0,7297361035,D,C
122624,479.0,8210650015,C,D
122624,479.0,11424413862,D,C
122624,479.0,12285816845,C,D
122688,479.25,3380796138,D,C
122688,479.25,4311095167,C,D
122688,479.25,7342505384,D,C
122688,479.25,8210650015,C,D
122688,479.25,11424413862,D,C
122688,479.25,12285816845,C,D
122752,479.5,3380796138,D,C
122752,479.5,4311095167,C,D
122752,479.5,7342505384,D,C
122752,479.5,8210650015,C,D
122752,479.5,11424413862,D,C
122752,479.5,12285816845,C,D
122816,479.75,3380796138,D,C
122816,479.75,4311095167,C,D
122816,479.75,7342505384,D,C
122816,479.75,8232771268,C,D
122816,479.75,11424413862,D,C
122816,479.75,12285816845,C,D
