backend,mode,attempt,prepare_ns,read_ns,repeat_read_ns,write_ns,repeat_write_ns,pageout_attempts,entered_node,read_node,write_node
dram,direct,0,292,0,0,212,176,0,0,-999,0
dram,direct,1,214,0,0,195,178,0,0,-999,0
dram,direct,2,197,0,0,206,167,0,0,-999,0
dram,direct,3,231,0,0,193,167,0,0,-999,0
dram,direct,4,421,0,0,272,282,0,0,-999,0
dram,direct,5,297,0,0,242,234,0,0,-999,0
dram,direct,6,316,0,0,211,177,0,0,-999,0
dram,direct,7,211,0,0,187,167,0,0,-999,0
dram,direct,8,282,0,0,188,168,0,0,-999,0
dram,direct,9,229,0,0,188,167,0,0,-999,0
dram,direct,10,243,0,0,184,167,0,0,-999,0
dram,direct,11,232,0,0,185,169,0,0,-999,0
dram,direct,12,319,0,0,239,191,0,0,-999,0
dram,direct,13,389,0,0,254,201,0,0,-999,0
dram,direct,14,317,0,0,285,224,0,0,-999,0
dram,direct,15,306,0,0,244,232,0,0,-999,0
dram,direct,16,286,0,0,263,238,0,0,-999,0
dram,direct,17,258,0,0,279,198,0,0,-999,0
dram,direct,18,269,0,0,255,217,0,0,-999,0
dram,direct,19,364,0,0,232,228,0,0,-999,0
dram,direct,20,429,0,0,275,265,0,0,-999,0
dram,direct,21,461,0,0,209,210,0,0,-999,0
dram,direct,22,260,0,0,184,167,0,0,-999,0
dram,direct,23,236,0,0,185,168,0,0,-999,0
dram,direct,24,232,0,0,188,167,0,0,-999,0
dram,direct,25,241,0,0,189,166,0,0,-999,0
dram,direct,26,233,0,0,185,169,0,0,-999,0
dram,direct,27,455,0,0,215,184,0,0,-999,0
dram,direct,28,460,0,0,264,238,0,0,-999,0
dram,direct,29,519,0,0,277,224,0,0,-999,0
dram,direct,30,378,0,0,259,223,0,0,-999,0
dram,direct,31,272,0,0,267,252,0,0,-999,0
dram,direct,32,279,0,0,375,188,0,0,-999,0
dram,direct,33,241,0,0,248,216,0,0,-999,0
dram,direct,34,237,0,0,229,196,0,0,-999,0
dram,direct,35,284,0,0,232,223,0,0,-999,0
dram,direct,36,264,0,0,233,219,0,0,-999,0
dram,direct,37,337,0,0,200,176,0,0,-999,0
dram,direct,38,213,0,0,190,167,0,0,-999,0
dram,direct,39,230,0,0,190,177,0,0,-999,0
dram,direct,40,212,0,0,191,167,0,0,-999,0
dram,direct,41,210,0,0,186,169,0,0,-999,0
dram,direct,42,287,0,0,187,168,0,0,-999,0
dram,direct,43,197,0,0,180,167,0,0,-999,0
dram,direct,44,230,0,0,185,169,0,0,-999,0
dram,direct,45,212,0,0,190,166,0,0,-999,0
dram,direct,46,211,0,0,188,167,0,0,-999,0
dram,direct,47,209,0,0,185,167,0,0,-999,0
dram,direct,48,209,0,0,186,166,0,0,-999,0
dram,direct,49,213,0,0,186,167,0,0,-999,0
dram,direct,50,346,0,0,229,221,0,0,-999,0
dram,direct,51,388,0,0,252,247,0,0,-999,0
dram,direct,52,409,0,0,241,228,0,0,-999,0
dram,direct,53,388,0,0,230,226,0,0,-999,0
dram,direct,54,289,0,0,221,237,0,0,-999,0
dram,direct,55,383,0,0,250,211,0,0,-999,0
dram,direct,56,304,0,0,280,219,0,0,-999,0
dram,direct,57,292,0,0,258,226,0,0,-999,0
dram,direct,58,483,0,0,187,180,0,0,-999,0
dram,direct,59,230,0,0,185,167,0,0,-999,0
dram,direct,60,207,0,0,179,166,0,0,-999,0
dram,direct,61,201,0,0,184,168,0,0,-999,0
dram,direct,62,213,0,0,180,167,0,0,-999,0
dram,direct,63,198,0,0,185,166,0,0,-999,0
dram,direct,64,210,0,0,186,167,0,0,-999,0
dram,direct,65,196,0,0,181,169,0,0,-999,0
dram,direct,66,233,0,0,186,168,0,0,-999,0
dram,direct,67,346,0,0,265,212,0,0,-999,0
dram,direct,68,231,0,0,189,169,0,0,-999,0
dram,direct,69,208,0,0,190,168,0,0,-999,0
dram,direct,70,209,0,0,186,166,0,0,-999,0
dram,direct,71,196,0,0,208,167,0,0,-999,0
dram,direct,72,229,0,0,183,167,0,0,-999,0
dram,direct,73,218,0,0,180,167,0,0,-999,0
dram,direct,74,269,0,0,267,207,0,0,-999,0
dram,direct,75,616,0,0,281,258,0,0,-999,0
dram,direct,76,348,0,0,269,236,0,0,-999,0
dram,direct,77,348,0,0,255,211,0,0,-999,0
dram,direct,78,342,0,0,294,247,0,0,-999,0
dram,direct,79,289,0,0,261,232,0,0,-999,0
dram,direct,80,260,0,0,252,212,0,0,-999,0
dram,direct,81,292,0,0,197,255,0,0,-999,0
dram,direct,82,256,0,0,237,216,0,0,-999,0
dram,direct,83,250,0,0,206,219,0,0,-999,0
dram,direct,84,365,0,0,210,199,0,0,-999,0
dram,direct,85,325,0,0,232,205,0,0,-999,0
dram,direct,86,298,0,0,213,193,0,0,-999,0
dram,direct,87,252,0,0,216,207,0,0,-999,0
dram,direct,88,260,0,0,213,185,0,0,-999,0
dram,direct,89,232,0,0,235,208,0,0,-999,0
dram,direct,90,343,0,0,250,220,0,0,-999,0
dram,direct,91,210,0,0,187,167,0,0,-999,0
dram,direct,92,281,0,0,479,371,0,0,-999,0
dram,direct,93,209,0,0,185,165,0,0,-999,0
dram,direct,94,192,0,0,187,166,0,0,-999,0
dram,direct,95,227,0,0,211,167,0,0,-999,0
dram,direct,96,197,0,0,184,167,0,0,-999,0
dram,direct,97,706,0,0,207,168,0,0,-999,0
dram,direct,98,332,0,0,184,166,0,0,-999,0
dram,direct,99,232,0,0,180,169,0,0,-999,0
dram,direct,100,195,0,0,186,167,0,0,-999,0
dram,direct,101,216,0,0,190,167,0,0,-999,0
dram,direct,102,197,0,0,188,167,0,0,-999,0
dram,direct,103,211,0,0,181,166,0,0,-999,0
dram,direct,104,250,0,0,192,167,0,0,-999,0
dram,direct,105,280,0,0,204,181,0,0,-999,0
dram,direct,106,341,0,0,228,194,0,0,-999,0
dram,direct,107,511,0,0,239,204,0,0,-999,0
dram,direct,108,271,0,0,300,254,0,0,-999,0
dram,direct,109,514,0,0,244,231,0,0,-999,0
dram,direct,110,278,0,0,246,224,0,0,-999,0
dram,direct,111,260,0,0,246,237,0,0,-999,0
dram,direct,112,261,0,0,273,228,0,0,-999,0
dram,direct,113,260,0,0,242,199,0,0,-999,0
dram,direct,114,229,0,0,249,245,0,0,-999,0
dram,direct,115,227,0,0,264,246,0,0,-999,0
dram,direct,116,376,0,0,239,209,0,0,-999,0
dram,direct,117,367,0,0,191,166,0,0,-999,0
dram,direct,118,206,0,0,190,166,0,0,-999,0
dram,direct,119,212,0,0,186,166,0,0,-999,0
dram,direct,120,194,0,0,182,167,0,0,-999,0
dram,direct,121,258,0,0,185,170,0,0,-999,0
dram,direct,122,206,0,0,187,168,0,0,-999,0
dram,direct,123,197,0,0,182,169,0,0,-999,0
dram,direct,124,209,0,0,182,167,0,0,-999,0
dram,direct,125,392,0,0,219,198,0,0,-999,0
dram,direct,126,886,0,0,280,203,0,0,-999,0
dram,direct,127,255,0,0,259,211,0,0,-999,0
dram,direct,128,282,0,0,235,226,0,0,-999,0
dram,direct,129,281,0,0,253,228,0,0,-999,0
dram,direct,130,274,0,0,276,218,0,0,-999,0
dram,direct,131,281,0,0,252,225,0,0,-999,0
dram,direct,132,318,0,0,253,205,0,0,-999,0
dram,direct,133,278,0,0,246,220,0,0,-999,0
dram,direct,134,265,0,0,233,206,0,0,-999,0
dram,direct,135,339,0,0,249,235,0,0,-999,0
dram,direct,136,285,0,0,240,227,0,0,-999,0
dram,direct,137,297,0,0,250,219,0,0,-999,0
dram,direct,138,296,0,0,247,229,0,0,-999,0
dram,direct,139,288,0,0,252,217,0,0,-999,0
dram,direct,140,273,0,0,252,225,0,0,-999,0
dram,direct,141,381,0,0,256,209,0,0,-999,0
dram,direct,142,289,0,0,251,225,0,0,-999,0
dram,direct,143,280,0,0,245,229,0,0,-999,0
dram,direct,144,300,0,0,268,232,0,0,-999,0
dram,direct,145,269,0,0,245,227,0,0,-999,0
dram,direct,146,270,0,0,269,229,0,0,-999,0
dram,direct,147,282,0,0,231,211,0,0,-999,0
dram,direct,148,288,0,0,250,213,0,0,-999,0
dram,direct,149,310,0,0,257,226,0,0,-999,0
dram,direct,150,281,0,0,250,221,0,0,-999,0
dram,direct,151,249,0,0,258,216,0,0,-999,0
dram,direct,152,280,0,0,252,242,0,0,-999,0
dram,direct,153,283,0,0,266,226,0,0,-999,0
dram,direct,154,254,0,0,263,227,0,0,-999,0
dram,direct,155,27625,0,0,252,232,0,0,-999,0
dram,direct,156,283,0,0,247,225,0,0,-999,0
dram,direct,157,280,0,0,243,219,0,0,-999,0
dram,direct,158,280,0,0,253,223,0,0,-999,0
dram,direct,159,266,0,0,247,226,0,0,-999,0
dram,direct,160,296,0,0,255,223,0,0,-999,0
dram,direct,161,289,0,0,262,231,0,0,-999,0
dram,direct,162,404,0,0,258,222,0,0,-999,0
dram,direct,163,268,0,0,255,220,0,0,-999,0
dram,direct,164,282,0,0,255,191,0,0,-999,0
dram,direct,165,278,0,0,251,248,0,0,-999,0
dram,direct,166,267,0,0,231,194,0,0,-999,0
dram,direct,167,294,0,0,247,214,0,0,-999,0
dram,direct,168,292,0,0,253,228,0,0,-999,0
dram,direct,169,267,0,0,259,225,0,0,-999,0
dram,direct,170,278,0,0,241,219,0,0,-999,0
dram,direct,171,288,0,0,240,230,0,0,-999,0
dram,direct,172,264,0,0,466,216,0,0,-999,0
dram,direct,173,276,0,0,253,225,0,0,-999,0
dram,direct,174,258,0,0,236,232,0,0,-999,0
dram,direct,175,277,0,0,250,227,0,0,-999,0
dram,direct,176,252,0,0,245,232,0,0,-999,0
dram,direct,177,261,0,0,198,199,0,0,-999,0
dram,direct,178,554,0,0,236,222,0,0,-999,0
dram,direct,179,297,0,0,268,224,0,0,-999,0
dram,direct,180,272,0,0,245,227,0,0,-999,0
dram,direct,181,284,0,0,219,192,0,0,-999,0
dram,direct,182,286,0,0,251,225,0,0,-999,0
dram,direct,183,280,0,0,245,216,0,0,-999,0
dram,direct,184,299,0,0,238,230,0,0,-999,0
dram,direct,185,275,0,0,242,195,0,0,-999,0
dram,direct,186,283,0,0,209,204,0,0,-999,0
dram,direct,187,288,0,0,244,222,0,0,-999,0
dram,direct,188,282,0,0,250,229,0,0,-999,0
dram,direct,189,279,0,0,249,213,0,0,-999,0
dram,direct,190,275,0,0,222,228,0,0,-999,0
dram,direct,191,341,0,0,239,216,0,0,-999,0
dram,direct,192,288,0,0,249,226,0,0,-999,0
dram,direct,193,287,0,0,239,224,0,0,-999,0
dram,direct,194,279,0,0,267,234,0,0,-999,0
dram,direct,195,281,0,0,240,212,0,0,-999,0
dram,direct,196,280,0,0,248,222,0,0,-999,0
dram,direct,197,284,0,0,253,226,0,0,-999,0
dram,direct,198,299,0,0,236,222,0,0,-999,0
dram,direct,199,271,0,0,245,231,0,0,-999,0
dram,direct,200,284,0,0,249,230,0,0,-999,0
dram,direct,201,565,0,0,190,172,0,0,-999,0
dram,direct,202,234,0,0,196,163,0,0,-999,0
dram,direct,203,203,0,0,180,164,0,0,-999,0
dram,direct,204,210,0,0,181,164,0,0,-999,0
dram,direct,205,229,0,0,182,163,0,0,-999,0
dram,direct,206,208,0,0,180,166,0,0,-999,0
dram,direct,207,204,0,0,180,165,0,0,-999,0
dram,direct,208,214,0,0,180,164,0,0,-999,0
dram,direct,209,210,0,0,202,164,0,0,-999,0
dram,direct,210,208,0,0,181,164,0,0,-999,0
dram,direct,211,261,0,0,181,164,0,0,-999,0
dram,direct,212,209,0,0,181,165,0,0,-999,0
dram,direct,213,365,0,0,181,164,0,0,-999,0
dram,direct,214,228,0,0,181,165,0,0,-999,0
dram,direct,215,204,0,0,181,162,0,0,-999,0
dram,direct,216,292,0,0,181,164,0,0,-999,0
dram,direct,217,215,0,0,181,164,0,0,-999,0
dram,direct,218,278,0,0,184,163,0,0,-999,0
dram,direct,219,231,0,0,183,164,0,0,-999,0
dram,direct,220,561,0,0,180,161,0,0,-999,0
dram,direct,221,211,0,0,181,164,0,0,-999,0
dram,direct,222,228,0,0,180,162,0,0,-999,0
dram,direct,223,285,0,0,183,162,0,0,-999,0
dram,direct,224,190,0,0,180,163,0,0,-999,0
dram,direct,225,210,0,0,181,163,0,0,-999,0
dram,direct,226,251,0,0,181,164,0,0,-999,0
dram,direct,227,206,0,0,181,164,0,0,-999,0
dram,direct,228,212,0,0,181,164,0,0,-999,0
dram,direct,229,192,0,0,181,164,0,0,-999,0
dram,direct,230,210,0,0,180,162,0,0,-999,0
dram,direct,231,211,0,0,180,161,0,0,-999,0
dram,direct,232,208,0,0,180,162,0,0,-999,0
dram,direct,233,237,0,0,180,164,0,0,-999,0
dram,direct,234,233,0,0,179,162,0,0,-999,0
dram,direct,235,198,0,0,179,162,0,0,-999,0
dram,direct,236,211,0,0,184,163,0,0,-999,0
dram,direct,237,755,0,0,268,225,0,0,-999,0
dram,direct,238,236,0,0,184,164,0,0,-999,0
dram,direct,239,208,0,0,181,162,0,0,-999,0
dram,direct,240,213,0,0,181,163,0,0,-999,0
dram,direct,241,261,0,0,183,162,0,0,-999,0
dram,direct,242,301,0,0,180,165,0,0,-999,0
dram,direct,243,248,0,0,193,163,0,0,-999,0
dram,direct,244,214,0,0,188,164,0,0,-999,0
dram,direct,245,237,0,0,181,164,0,0,-999,0
dram,direct,246,208,0,0,179,163,0,0,-999,0
dram,direct,247,211,0,0,180,161,0,0,-999,0
dram,direct,248,213,0,0,202,164,0,0,-999,0
dram,direct,249,213,0,0,182,164,0,0,-999,0
dram,direct,250,212,0,0,186,164,0,0,-999,0
dram,direct,251,212,0,0,202,165,0,0,-999,0
dram,direct,252,211,0,0,180,162,0,0,-999,0
dram,direct,253,218,0,0,177,162,0,0,-999,0
dram,direct,254,210,0,0,182,165,0,0,-999,0
dram,direct,255,210,0,0,182,163,0,0,-999,0
dram,direct,256,215,0,0,181,162,0,0,-999,0
dram,direct,257,214,0,0,181,162,0,0,-999,0
dram,direct,258,216,0,0,179,164,0,0,-999,0
dram,direct,259,192,0,0,181,162,0,0,-999,0
dram,direct,260,208,0,0,182,161,0,0,-999,0
dram,direct,261,215,0,0,178,163,0,0,-999,0
dram,direct,262,207,0,0,182,162,0,0,-999,0
dram,direct,263,209,0,0,180,163,0,0,-999,0
dram,direct,264,210,0,0,181,162,0,0,-999,0
dram,direct,265,217,0,0,181,163,0,0,-999,0
dram,direct,266,191,0,0,202,163,0,0,-999,0
dram,direct,267,212,0,0,178,163,0,0,-999,0
dram,direct,268,208,0,0,180,163,0,0,-999,0
dram,direct,269,211,0,0,180,162,0,0,-999,0
dram,direct,270,192,0,0,181,161,0,0,-999,0
dram,direct,271,247,0,0,180,163,0,0,-999,0
dram,direct,272,215,0,0,182,164,0,0,-999,0
dram,direct,273,210,0,0,181,164,0,0,-999,0
dram,direct,274,209,0,0,181,161,0,0,-999,0
dram,direct,275,205,0,0,181,160,0,0,-999,0
dram,direct,276,222,0,0,180,164,0,0,-999,0
dram,direct,277,340,0,0,201,163,0,0,-999,0
dram,direct,278,215,0,0,185,162,0,0,-999,0
dram,direct,279,214,0,0,181,165,0,0,-999,0
dram,direct,280,193,0,0,180,163,0,0,-999,0
dram,direct,281,209,0,0,180,163,0,0,-999,0
dram,direct,282,210,0,0,179,163,0,0,-999,0
dram,direct,283,208,0,0,201,161,0,0,-999,0
dram,direct,284,205,0,0,201,165,0,0,-999,0
dram,direct,285,209,0,0,200,163,0,0,-999,0
dram,direct,286,212,0,0,181,164,0,0,-999,0
dram,direct,287,192,0,0,202,160,0,0,-999,0
dram,direct,288,211,0,0,182,161,0,0,-999,0
dram,direct,289,202,0,0,201,163,0,0,-999,0
dram,direct,290,208,0,0,182,161,0,0,-999,0
dram,direct,291,207,0,0,182,162,0,0,-999,0
dram,direct,292,208,0,0,180,165,0,0,-999,0
dram,direct,293,208,0,0,179,163,0,0,-999,0
dram,direct,294,207,0,0,181,162,0,0,-999,0
dram,direct,295,190,0,0,180,165,0,0,-999,0
dram,direct,296,211,0,0,165,164,0,0,-999,0
dram,direct,297,209,0,0,178,162,0,0,-999,0
dram,direct,298,211,0,0,182,164,0,0,-999,0
dram,direct,299,210,0,0,180,165,0,0,-999,0
dram,direct,300,209,0,0,201,162,0,0,-999,0
dram,direct,301,206,0,0,182,163,0,0,-999,0
dram,direct,302,212,0,0,181,164,0,0,-999,0
dram,direct,303,208,0,0,182,160,0,0,-999,0
dram,direct,304,208,0,0,202,162,0,0,-999,0
dram,direct,305,209,0,0,181,162,0,0,-999,0
dram,direct,306,191,0,0,201,164,0,0,-999,0
dram,direct,307,190,0,0,180,162,0,0,-999,0
dram,direct,308,257,0,0,203,181,0,0,-999,0
dram,direct,309,194,0,0,181,162,0,0,-999,0
dram,direct,310,215,0,0,180,162,0,0,-999,0
dram,direct,311,207,0,0,181,162,0,0,-999,0
dram,direct,312,208,0,0,181,164,0,0,-999,0
dram,direct,313,209,0,0,202,161,0,0,-999,0
dram,direct,314,207,0,0,182,162,0,0,-999,0
dram,direct,315,209,0,0,180,165,0,0,-999,0
dram,direct,316,210,0,0,200,162,0,0,-999,0
dram,direct,317,209,0,0,183,161,0,0,-999,0
dram,direct,318,208,0,0,180,165,0,0,-999,0
dram,direct,319,208,0,0,178,164,0,0,-999,0
dram,direct,320,230,0,0,184,164,0,0,-999,0
dram,direct,321,196,0,0,181,162,0,0,-999,0
dram,direct,322,208,0,0,185,163,0,0,-999,0
dram,direct,323,210,0,0,181,162,0,0,-999,0
dram,direct,324,208,0,0,202,162,0,0,-999,0
dram,direct,325,192,0,0,183,163,0,0,-999,0
dram,direct,326,192,0,0,201,163,0,0,-999,0
dram,direct,327,214,0,0,180,165,0,0,-999,0
dram,direct,328,276,0,0,181,164,0,0,-999,0
dram,direct,329,193,0,0,185,162,0,0,-999,0
dram,direct,330,207,0,0,181,163,0,0,-999,0
dram,direct,331,210,0,0,201,162,0,0,-999,0
dram,direct,332,209,0,0,182,163,0,0,-999,0
dram,direct,333,209,0,0,178,161,0,0,-999,0
dram,direct,334,213,0,0,179,162,0,0,-999,0
dram,direct,335,262,0,0,183,163,0,0,-999,0
dram,direct,336,208,0,0,184,165,0,0,-999,0
dram,direct,337,235,0,0,204,163,0,0,-999,0
dram,direct,338,207,0,0,183,163,0,0,-999,0
dram,direct,339,244,0,0,179,163,0,0,-999,0
dram,direct,340,210,0,0,181,160,0,0,-999,0
dram,direct,341,209,0,0,199,161,0,0,-999,0
dram,direct,342,229,0,0,180,163,0,0,-999,0
dram,direct,343,211,0,0,184,164,0,0,-999,0
dram,direct,344,554,0,0,223,176,0,0,-999,0
dram,direct,345,229,0,0,190,167,0,0,-999,0
dram,direct,346,213,0,0,189,166,0,0,-999,0
dram,direct,347,250,0,0,190,165,0,0,-999,0
dram,direct,348,200,0,0,190,167,0,0,-999,0
dram,direct,349,211,0,0,187,166,0,0,-999,0
dram,direct,350,213,0,0,190,166,0,0,-999,0
dram,direct,351,359,0,0,190,167,0,0,-999,0
dram,direct,352,217,0,0,203,165,0,0,-999,0
dram,direct,353,306,0,0,212,217,0,0,-999,0
dram,direct,354,213,0,0,189,167,0,0,-999,0
dram,direct,355,216,0,0,191,166,0,0,-999,0
dram,direct,356,212,0,0,187,166,0,0,-999,0
dram,direct,357,214,0,0,189,166,0,0,-999,0
dram,direct,358,212,0,0,199,167,0,0,-999,0
dram,direct,359,209,0,0,184,167,0,0,-999,0
dram,direct,360,210,0,0,209,166,0,0,-999,0
dram,direct,361,239,0,0,188,167,0,0,-999,0
dram,direct,362,200,0,0,188,166,0,0,-999,0
dram,direct,363,221,0,0,199,167,0,0,-999,0
dram,direct,364,213,0,0,190,167,0,0,-999,0
dram,direct,365,592,0,0,192,167,0,0,-999,0
dram,direct,366,243,0,0,194,169,0,0,-999,0
dram,direct,367,232,0,0,190,167,0,0,-999,0
dram,direct,368,213,0,0,191,166,0,0,-999,0
dram,direct,369,210,0,0,196,170,0,0,-999,0
dram,direct,370,577,0,0,210,185,0,0,-999,0
dram,direct,371,240,0,0,191,166,0,0,-999,0
dram,direct,372,201,0,0,186,168,0,0,-999,0
dram,direct,373,212,0,0,191,167,0,0,-999,0
dram,direct,374,197,0,0,185,167,0,0,-999,0
dram,direct,375,213,0,0,187,168,0,0,-999,0
dram,direct,376,210,0,0,189,168,0,0,-999,0
dram,direct,377,208,0,0,191,169,0,0,-999,0
dram,direct,378,214,0,0,206,167,0,0,-999,0
dram,direct,379,210,0,0,210,167,0,0,-999,0
dram,direct,380,212,0,0,193,168,0,0,-999,0
dram,direct,381,316,0,0,210,180,0,0,-999,0
dram,direct,382,238,0,0,192,168,0,0,-999,0
dram,direct,383,212,0,0,185,167,0,0,-999,0
dram,direct,384,236,0,0,186,166,0,0,-999,0
dram,direct,385,374,0,0,191,165,0,0,-999,0
dram,direct,386,213,0,0,192,167,0,0,-999,0
dram,direct,387,213,0,0,191,167,0,0,-999,0
dram,direct,388,201,0,0,196,167,0,0,-999,0
dram,direct,389,212,0,0,211,166,0,0,-999,0
dram,direct,390,232,0,0,186,166,0,0,-999,0
dram,direct,391,215,0,0,192,166,0,0,-999,0
dram,direct,392,233,0,0,185,168,0,0,-999,0
dram,direct,393,201,0,0,191,166,0,0,-999,0
dram,direct,394,232,0,0,190,166,0,0,-999,0
dram,direct,395,216,0,0,214,165,0,0,-999,0
dram,direct,396,210,0,0,213,167,0,0,-999,0
dram,direct,397,198,0,0,212,167,0,0,-999,0
dram,direct,398,233,0,0,191,167,0,0,-999,0
dram,direct,399,204,0,0,193,167,0,0,-999,0
dram,direct,400,197,0,0,216,169,0,0,-999,0
dram,direct,401,205,0,0,193,166,0,0,-999,0
dram,direct,402,200,0,0,212,166,0,0,-999,0
dram,direct,403,231,0,0,192,168,0,0,-999,0
dram,direct,404,216,0,0,190,165,0,0,-999,0
dram,direct,405,214,0,0,191,167,0,0,-999,0
dram,direct,406,198,0,0,196,164,0,0,-999,0
dram,direct,407,281,0,0,192,166,0,0,-999,0
dram,direct,408,231,0,0,185,168,0,0,-999,0
dram,direct,409,215,0,0,188,166,0,0,-999,0
dram,direct,410,251,0,0,184,165,0,0,-999,0
dram,direct,411,353,0,0,226,186,0,0,-999,0
dram,direct,412,215,0,0,187,168,0,0,-999,0
dram,direct,413,210,0,0,191,166,0,0,-999,0
dram,direct,414,237,0,0,184,166,0,0,-999,0
dram,direct,415,209,0,0,196,167,0,0,-999,0
dram,direct,416,220,0,0,190,168,0,0,-999,0
dram,direct,417,198,0,0,191,167,0,0,-999,0
dram,direct,418,200,0,0,192,167,0,0,-999,0
dram,direct,419,199,0,0,192,167,0,0,-999,0
dram,direct,420,214,0,0,184,166,0,0,-999,0
dram,direct,421,214,0,0,191,167,0,0,-999,0
dram,direct,422,214,0,0,193,166,0,0,-999,0
dram,direct,423,211,0,0,190,167,0,0,-999,0
dram,direct,424,213,0,0,191,167,0,0,-999,0
dram,direct,425,225,0,0,196,168,0,0,-999,0
dram,direct,426,243,0,0,186,167,0,0,-999,0
dram,direct,427,294,0,0,185,167,0,0,-999,0
dram,direct,428,234,0,0,183,166,0,0,-999,0
dram,direct,429,200,0,0,192,165,0,0,-999,0
dram,direct,430,238,0,0,187,167,0,0,-999,0
dram,direct,431,200,0,0,195,166,0,0,-999,0
dram,direct,432,204,0,0,193,169,0,0,-999,0
dram,direct,433,211,0,0,210,166,0,0,-999,0
dram,direct,434,212,0,0,195,168,0,0,-999,0
dram,direct,435,206,0,0,190,167,0,0,-999,0
dram,direct,436,222,0,0,185,167,0,0,-999,0
dram,direct,437,285,0,0,194,167,0,0,-999,0
dram,direct,438,253,0,0,184,165,0,0,-999,0
dram,direct,439,215,0,0,191,167,0,0,-999,0
dram,direct,440,212,0,0,185,166,0,0,-999,0
dram,direct,441,204,0,0,195,166,0,0,-999,0
dram,direct,442,216,0,0,214,166,0,0,-999,0
dram,direct,443,211,0,0,192,167,0,0,-999,0
dram,direct,444,210,0,0,192,165,0,0,-999,0
dram,direct,445,210,0,0,190,168,0,0,-999,0
dram,direct,446,215,0,0,192,167,0,0,-999,0
dram,direct,447,210,0,0,189,166,0,0,-999,0
dram,direct,448,234,0,0,184,168,0,0,-999,0
dram,direct,449,198,0,0,186,166,0,0,-999,0
dram,direct,450,213,0,0,193,167,0,0,-999,0
dram,direct,451,518,0,0,215,176,0,0,-999,0
dram,direct,452,230,0,0,185,169,0,0,-999,0
dram,direct,453,232,0,0,207,168,0,0,-999,0
dram,direct,454,233,0,0,186,167,0,0,-999,0
dram,direct,455,234,0,0,186,165,0,0,-999,0
dram,direct,456,216,0,0,192,166,0,0,-999,0
dram,direct,457,241,0,0,281,229,0,0,-999,0
dram,direct,458,210,0,0,279,237,0,0,-999,0
dram,direct,459,214,0,0,190,166,0,0,-999,0
dram,direct,460,242,0,0,218,193,0,0,-999,0
dram,direct,461,279,0,0,260,240,0,0,-999,0
dram,direct,462,316,0,0,230,218,0,0,-999,0
dram,direct,463,262,0,0,264,216,0,0,-999,0
dram,direct,464,281,0,0,256,218,0,0,-999,0
dram,direct,465,243,0,0,209,226,0,0,-999,0
dram,direct,466,334,0,0,193,168,0,0,-999,0
dram,direct,467,239,0,0,190,167,0,0,-999,0
dram,direct,468,194,0,0,193,168,0,0,-999,0
dram,direct,469,200,0,0,194,166,0,0,-999,0
dram,direct,470,238,0,0,194,167,0,0,-999,0
dram,direct,471,214,0,0,190,167,0,0,-999,0
dram,direct,472,217,0,0,189,166,0,0,-999,0
dram,direct,473,216,0,0,212,169,0,0,-999,0
dram,direct,474,215,0,0,190,168,0,0,-999,0
dram,direct,475,203,0,0,213,169,0,0,-999,0
dram,direct,476,214,0,0,218,166,0,0,-999,0
dram,direct,477,246,0,0,191,168,0,0,-999,0
dram,direct,478,200,0,0,193,169,0,0,-999,0
dram,direct,479,196,0,0,196,169,0,0,-999,0
dram,direct,480,216,0,0,191,166,0,0,-999,0
dram,direct,481,198,0,0,196,167,0,0,-999,0
dram,direct,482,232,0,0,193,168,0,0,-999,0
dram,direct,483,197,0,0,191,167,0,0,-999,0
dram,direct,484,215,0,0,186,166,0,0,-999,0
dram,direct,485,196,0,0,196,166,0,0,-999,0
dram,direct,486,207,0,0,186,165,0,0,-999,0
dram,direct,487,213,0,0,189,167,0,0,-999,0
dram,direct,488,331,0,0,191,166,0,0,-999,0
dram,direct,489,296,0,0,233,209,0,0,-999,0
dram,direct,490,214,0,0,192,167,0,0,-999,0
dram,direct,491,214,0,0,184,167,0,0,-999,0
dram,direct,492,218,0,0,217,167,0,0,-999,0
dram,direct,493,216,0,0,191,166,0,0,-999,0
dram,direct,494,199,0,0,190,167,0,0,-999,0
dram,direct,495,202,0,0,192,166,0,0,-999,0
dram,direct,496,203,0,0,191,167,0,0,-999,0
dram,direct,497,197,0,0,195,167,0,0,-999,0
dram,direct,498,201,0,0,185,166,0,0,-999,0
dram,direct,499,236,0,0,189,169,0,0,-999,0
dram,direct,500,235,0,0,216,167,0,0,-999,0
dram,direct,501,213,0,0,187,167,0,0,-999,0
dram,direct,502,200,0,0,195,168,0,0,-999,0
dram,direct,503,207,0,0,213,166,0,0,-999,0
dram,direct,504,234,0,0,192,167,0,0,-999,0
dram,direct,505,212,0,0,212,167,0,0,-999,0
dram,direct,506,228,0,0,192,168,0,0,-999,0
dram,direct,507,213,0,0,195,168,0,0,-999,0
dram,direct,508,234,0,0,192,165,0,0,-999,0
dram,direct,509,211,0,0,195,166,0,0,-999,0
dram,direct,510,214,0,0,196,166,0,0,-999,0
dram,direct,511,235,0,0,190,168,0,0,-999,0
dram,direct,512,203,0,0,170,168,0,0,-999,0
dram,direct,513,214,0,0,188,168,0,0,-999,0
dram,direct,514,242,0,0,196,165,0,0,-999,0
dram,direct,515,215,0,0,192,167,0,0,-999,0
dram,direct,516,250,0,0,197,168,0,0,-999,0
dram,direct,517,216,0,0,198,166,0,0,-999,0
dram,direct,518,196,0,0,196,167,0,0,-999,0
dram,direct,519,317,0,0,240,213,0,0,-999,0
dram,direct,520,203,0,0,190,166,0,0,-999,0
dram,direct,521,215,0,0,213,170,0,0,-999,0
dram,direct,522,211,0,0,185,167,0,0,-999,0
dram,direct,523,212,0,0,193,169,0,0,-999,0
dram,direct,524,248,0,0,195,169,0,0,-999,0
dram,direct,525,196,0,0,216,168,0,0,-999,0
dram,direct,526,210,0,0,185,166,0,0,-999,0
dram,direct,527,233,0,0,199,165,0,0,-999,0
dram,direct,528,200,0,0,183,166,0,0,-999,0
dram,direct,529,213,0,0,214,167,0,0,-999,0
dram,direct,530,214,0,0,193,169,0,0,-999,0
dram,direct,531,215,0,0,196,168,0,0,-999,0
dram,direct,532,242,0,0,184,166,0,0,-999,0
dram,direct,533,216,0,0,189,166,0,0,-999,0
dram,direct,534,234,0,0,187,166,0,0,-999,0
dram,direct,535,290,0,0,190,168,0,0,-999,0
dram,direct,536,216,0,0,195,168,0,0,-999,0
dram,direct,537,244,0,0,196,166,0,0,-999,0
dram,direct,538,244,0,0,210,167,0,0,-999,0
dram,direct,539,244,0,0,207,166,0,0,-999,0
dram,direct,540,214,0,0,258,215,0,0,-999,0
dram,direct,541,244,0,0,190,167,0,0,-999,0
dram,direct,542,212,0,0,195,168,0,0,-999,0
dram,direct,543,216,0,0,191,168,0,0,-999,0
dram,direct,544,207,0,0,186,167,0,0,-999,0
dram,direct,545,233,0,0,192,165,0,0,-999,0
dram,direct,546,211,0,0,183,166,0,0,-999,0
dram,direct,547,211,0,0,186,170,0,0,-999,0
dram,direct,548,210,0,0,186,166,0,0,-999,0
dram,direct,549,227,0,0,186,166,0,0,-999,0
dram,direct,550,356,0,0,204,173,0,0,-999,0
dram,direct,551,231,0,0,258,211,0,0,-999,0
dram,direct,552,244,0,0,215,166,0,0,-999,0
dram,direct,553,243,0,0,192,168,0,0,-999,0
dram,direct,554,215,0,0,189,166,0,0,-999,0
dram,direct,555,215,0,0,189,166,0,0,-999,0
dram,direct,556,214,0,0,196,166,0,0,-999,0
dram,direct,557,212,0,0,183,166,0,0,-999,0
dram,direct,558,209,0,0,191,167,0,0,-999,0
dram,direct,559,218,0,0,193,167,0,0,-999,0
dram,direct,560,220,0,0,193,165,0,0,-999,0
dram,direct,561,525,0,0,214,175,0,0,-999,0
dram,direct,562,219,0,0,191,166,0,0,-999,0
dram,direct,563,209,0,0,189,169,0,0,-999,0
dram,direct,564,210,0,0,181,168,0,0,-999,0
dram,direct,565,232,0,0,187,167,0,0,-999,0
dram,direct,566,207,0,0,187,168,0,0,-999,0
dram,direct,567,229,0,0,186,166,0,0,-999,0
dram,direct,568,213,0,0,188,168,0,0,-999,0
dram,direct,569,209,0,0,187,168,0,0,-999,0
dram,direct,570,226,0,0,186,169,0,0,-999,0
dram,direct,571,223,0,0,191,168,0,0,-999,0
dram,direct,572,238,0,0,184,165,0,0,-999,0
dram,direct,573,198,0,0,208,168,0,0,-999,0
dram,direct,574,268,0,0,185,166,0,0,-999,0
dram,direct,575,289,0,0,196,166,0,0,-999,0
dram,direct,576,214,0,0,181,166,0,0,-999,0
dram,direct,577,213,0,0,184,167,0,0,-999,0
dram,direct,578,208,0,0,187,166,0,0,-999,0
dram,direct,579,193,0,0,186,168,0,0,-999,0
dram,direct,580,188,0,0,186,167,0,0,-999,0
dram,direct,581,232,0,0,189,167,0,0,-999,0
dram,direct,582,209,0,0,186,166,0,0,-999,0
dram,direct,583,228,0,0,182,167,0,0,-999,0
dram,direct,584,209,0,0,185,167,0,0,-999,0
dram,direct,585,236,0,0,183,167,0,0,-999,0
dram,direct,586,213,0,0,187,167,0,0,-999,0
dram,direct,587,207,0,0,186,167,0,0,-999,0
dram,direct,588,238,0,0,187,166,0,0,-999,0
dram,direct,589,191,0,0,188,168,0,0,-999,0
dram,direct,590,192,0,0,186,168,0,0,-999,0
dram,direct,591,231,0,0,189,167,0,0,-999,0
dram,direct,592,211,0,0,187,168,0,0,-999,0
dram,direct,593,363,0,0,184,167,0,0,-999,0
dram,direct,594,214,0,0,184,166,0,0,-999,0
dram,direct,595,233,0,0,179,167,0,0,-999,0
dram,direct,596,210,0,0,186,166,0,0,-999,0
dram,direct,597,216,0,0,192,169,0,0,-999,0
dram,direct,598,207,0,0,187,167,0,0,-999,0
dram,direct,599,228,0,0,185,167,0,0,-999,0
dram,direct,600,214,0,0,181,166,0,0,-999,0
dram,direct,601,233,0,0,180,167,0,0,-999,0
dram,direct,602,205,0,0,201,167,0,0,-999,0
dram,direct,603,205,0,0,189,168,0,0,-999,0
dram,direct,604,210,0,0,188,167,0,0,-999,0
dram,direct,605,257,0,0,184,168,0,0,-999,0
dram,direct,606,208,0,0,186,169,0,0,-999,0
dram,direct,607,211,0,0,189,168,0,0,-999,0
dram,direct,608,213,0,0,183,167,0,0,-999,0
dram,direct,609,208,0,0,184,166,0,0,-999,0
dram,direct,610,210,0,0,180,166,0,0,-999,0
dram,direct,611,210,0,0,187,166,0,0,-999,0
dram,direct,612,342,0,0,181,167,0,0,-999,0
dram,direct,613,210,0,0,186,167,0,0,-999,0
dram,direct,614,212,0,0,188,166,0,0,-999,0
dram,direct,615,188,0,0,186,167,0,0,-999,0
dram,direct,616,208,0,0,189,165,0,0,-999,0
dram,direct,617,238,0,0,181,166,0,0,-999,0
dram,direct,618,226,0,0,186,167,0,0,-999,0
dram,direct,619,302,0,0,250,187,0,0,-999,0
dram,direct,620,213,0,0,183,167,0,0,-999,0
dram,direct,621,241,0,0,184,166,0,0,-999,0
dram,direct,622,204,0,0,187,166,0,0,-999,0
dram,direct,623,231,0,0,182,165,0,0,-999,0
dram,direct,624,201,0,0,180,166,0,0,-999,0
dram,direct,625,208,0,0,182,166,0,0,-999,0
dram,direct,626,225,0,0,183,166,0,0,-999,0
dram,direct,627,210,0,0,184,166,0,0,-999,0
dram,direct,628,208,0,0,180,165,0,0,-999,0
dram,direct,629,211,0,0,184,167,0,0,-999,0
dram,direct,630,193,0,0,203,167,0,0,-999,0
dram,direct,631,209,0,0,181,168,0,0,-999,0
dram,direct,632,209,0,0,181,165,0,0,-999,0
dram,direct,633,216,0,0,180,166,0,0,-999,0
dram,direct,634,213,0,0,179,167,0,0,-999,0
dram,direct,635,212,0,0,180,167,0,0,-999,0
dram,direct,636,193,0,0,182,165,0,0,-999,0
dram,direct,637,212,0,0,179,166,0,0,-999,0
dram,direct,638,213,0,0,185,167,0,0,-999,0
dram,direct,639,211,0,0,185,167,0,0,-999,0
dram,direct,640,194,0,0,185,166,0,0,-999,0
dram,direct,641,210,0,0,184,166,0,0,-999,0
dram,direct,642,215,0,0,180,166,0,0,-999,0
dram,direct,643,212,0,0,180,167,0,0,-999,0
dram,direct,644,189,0,0,203,166,0,0,-999,0
dram,direct,645,211,0,0,179,166,0,0,-999,0
dram,direct,646,195,0,0,182,167,0,0,-999,0
dram,direct,647,211,0,0,180,166,0,0,-999,0
dram,direct,648,220,0,0,179,166,0,0,-999,0
dram,direct,649,206,0,0,180,165,0,0,-999,0
dram,direct,650,194,0,0,181,166,0,0,-999,0
dram,direct,651,210,0,0,181,166,0,0,-999,0
dram,direct,652,217,0,0,182,165,0,0,-999,0
dram,direct,653,193,0,0,181,167,0,0,-999,0
dram,direct,654,215,0,0,184,167,0,0,-999,0
dram,direct,655,213,0,0,181,166,0,0,-999,0
dram,direct,656,207,0,0,180,166,0,0,-999,0
dram,direct,657,211,0,0,180,167,0,0,-999,0
dram,direct,658,192,0,0,181,166,0,0,-999,0
dram,direct,659,212,0,0,181,166,0,0,-999,0
dram,direct,660,243,0,0,183,166,0,0,-999,0
dram,direct,661,211,0,0,187,167,0,0,-999,0
dram,direct,662,218,0,0,180,166,0,0,-999,0
dram,direct,663,211,0,0,179,166,0,0,-999,0
dram,direct,664,208,0,0,179,166,0,0,-999,0
dram,direct,665,256,0,0,186,166,0,0,-999,0
dram,direct,666,211,0,0,179,167,0,0,-999,0
dram,direct,667,211,0,0,181,167,0,0,-999,0
dram,direct,668,580,0,0,254,188,0,0,-999,0
dram,direct,669,251,0,0,187,166,0,0,-999,0
dram,direct,670,244,0,0,194,168,0,0,-999,0
dram,direct,671,239,0,0,186,165,0,0,-999,0
dram,direct,672,210,0,0,186,166,0,0,-999,0
dram,direct,673,234,0,0,186,166,0,0,-999,0
dram,direct,674,205,0,0,207,167,0,0,-999,0
dram,direct,675,195,0,0,189,166,0,0,-999,0
dram,direct,676,230,0,0,187,166,0,0,-999,0
dram,direct,677,207,0,0,186,166,0,0,-999,0
dram,direct,678,214,0,0,181,167,0,0,-999,0
dram,direct,679,232,0,0,187,166,0,0,-999,0
dram,direct,680,194,0,0,186,169,0,0,-999,0
dram,direct,681,241,0,0,188,167,0,0,-999,0
dram,direct,682,212,0,0,187,167,0,0,-999,0
dram,direct,683,213,0,0,188,167,0,0,-999,0
dram,direct,684,198,0,0,186,166,0,0,-999,0
dram,direct,685,214,0,0,182,166,0,0,-999,0
dram,direct,686,237,0,0,185,165,0,0,-999,0
dram,direct,687,235,0,0,185,167,0,0,-999,0
dram,direct,688,192,0,0,187,168,0,0,-999,0
dram,direct,689,195,0,0,181,168,0,0,-999,0
dram,direct,690,210,0,0,181,170,0,0,-999,0
dram,direct,691,213,0,0,185,167,0,0,-999,0
dram,direct,692,210,0,0,187,169,0,0,-999,0
dram,direct,693,205,0,0,186,167,0,0,-999,0
dram,direct,694,217,0,0,186,167,0,0,-999,0
dram,direct,695,197,0,0,207,166,0,0,-999,0
dram,direct,696,211,0,0,185,166,0,0,-999,0
dram,direct,697,208,0,0,188,167,0,0,-999,0
dram,direct,698,251,0,0,183,167,0,0,-999,0
dram,direct,699,229,0,0,180,168,0,0,-999,0
dram,direct,700,198,0,0,186,166,0,0,-999,0
dram,direct,701,208,0,0,186,166,0,0,-999,0
dram,direct,702,215,0,0,185,167,0,0,-999,0
dram,direct,703,210,0,0,185,166,0,0,-999,0
dram,direct,704,214,0,0,186,167,0,0,-999,0
dram,direct,705,211,0,0,187,167,0,0,-999,0
dram,direct,706,214,0,0,187,166,0,0,-999,0
dram,direct,707,213,0,0,186,167,0,0,-999,0
dram,direct,708,209,0,0,206,168,0,0,-999,0
dram,direct,709,201,0,0,186,167,0,0,-999,0
dram,direct,710,229,0,0,182,167,0,0,-999,0
dram,direct,711,208,0,0,180,167,0,0,-999,0
dram,direct,712,206,0,0,186,169,0,0,-999,0
dram,direct,713,215,0,0,179,168,0,0,-999,0
dram,direct,714,208,0,0,185,166,0,0,-999,0
dram,direct,715,211,0,0,206,167,0,0,-999,0
dram,direct,716,199,0,0,182,167,0,0,-999,0
dram,direct,717,209,0,0,186,166,0,0,-999,0
dram,direct,718,235,0,0,184,167,0,0,-999,0
dram,direct,719,207,0,0,186,166,0,0,-999,0
dram,direct,720,211,0,0,179,167,0,0,-999,0
dram,direct,721,209,0,0,187,166,0,0,-999,0
dram,direct,722,210,0,0,190,167,0,0,-999,0
dram,direct,723,210,0,0,207,166,0,0,-999,0
dram,direct,724,207,0,0,194,166,0,0,-999,0
dram,direct,725,211,0,0,185,166,0,0,-999,0
dram,direct,726,212,0,0,206,166,0,0,-999,0
dram,direct,727,211,0,0,184,168,0,0,-999,0
dram,direct,728,211,0,0,186,167,0,0,-999,0
dram,direct,729,205,0,0,195,166,0,0,-999,0
dram,direct,730,209,0,0,186,169,0,0,-999,0
dram,direct,731,207,0,0,184,169,0,0,-999,0
dram,direct,732,238,0,0,186,167,0,0,-999,0
dram,direct,733,208,0,0,185,166,0,0,-999,0
dram,direct,734,207,0,0,207,167,0,0,-999,0
dram,direct,735,206,0,0,197,168,0,0,-999,0
dram,direct,736,205,0,0,186,166,0,0,-999,0
dram,direct,737,212,0,0,185,166,0,0,-999,0
dram,direct,738,207,0,0,247,168,0,0,-999,0
dram,direct,739,193,0,0,185,166,0,0,-999,0
dram,direct,740,262,0,0,186,166,0,0,-999,0
dram,direct,741,237,0,0,197,167,0,0,-999,0
dram,direct,742,209,0,0,196,167,0,0,-999,0
dram,direct,743,208,0,0,196,170,0,0,-999,0
dram,direct,744,214,0,0,184,166,0,0,-999,0
dram,direct,745,213,0,0,186,167,0,0,-999,0
dram,direct,746,210,0,0,186,166,0,0,-999,0
dram,direct,747,212,0,0,187,167,0,0,-999,0
dram,direct,748,229,0,0,179,166,0,0,-999,0
dram,direct,749,204,0,0,185,166,0,0,-999,0
dram,direct,750,211,0,0,186,166,0,0,-999,0
dram,direct,751,244,0,0,188,166,0,0,-999,0
dram,direct,752,600,0,0,218,190,0,0,-999,0
dram,direct,753,364,0,0,215,201,0,0,-999,0
dram,direct,754,384,0,0,231,199,0,0,-999,0
dram,direct,755,420,0,0,234,196,0,0,-999,0
dram,direct,756,260,0,0,186,167,0,0,-999,0
dram,direct,757,39874,0,0,209,203,0,0,-999,0
dram,direct,758,272,0,0,216,227,0,0,-999,0
dram,direct,759,554,0,0,495,229,0,0,-999,0
dram,direct,760,350,0,0,266,226,0,0,-999,0
dram,direct,761,320,0,0,237,176,0,0,-999,0
dram,direct,762,412,0,0,223,218,0,0,-999,0
dram,direct,763,405,0,0,246,193,0,0,-999,0
dram,direct,764,256,0,0,232,228,0,0,-999,0
dram,direct,765,309,0,0,250,197,0,0,-999,0
dram,direct,766,322,0,0,202,174,0,0,-999,0
dram,direct,767,204,0,0,182,167,0,0,-999,0
dram,direct,768,235,0,0,184,167,0,0,-999,0
dram,direct,769,201,0,0,188,166,0,0,-999,0
dram,direct,770,212,0,0,187,167,0,0,-999,0
dram,direct,771,211,0,0,185,167,0,0,-999,0
dram,direct,772,224,0,0,201,167,0,0,-999,0
dram,direct,773,228,0,0,181,168,0,0,-999,0
dram,direct,774,235,0,0,206,169,0,0,-999,0
dram,direct,775,208,0,0,185,166,0,0,-999,0
dram,direct,776,210,0,0,185,165,0,0,-999,0
dram,direct,777,241,0,0,188,168,0,0,-999,0
dram,direct,778,588,0,0,215,175,0,0,-999,0
dram,direct,779,244,0,0,182,166,0,0,-999,0
dram,direct,780,212,0,0,185,168,0,0,-999,0
dram,direct,781,215,0,0,187,167,0,0,-999,0
dram,direct,782,272,0,0,251,220,0,0,-999,0
dram,direct,783,301,0,0,189,167,0,0,-999,0
dram,direct,784,237,0,0,183,168,0,0,-999,0
dram,direct,785,189,0,0,188,167,0,0,-999,0
dram,direct,786,204,0,0,180,166,0,0,-999,0
dram,direct,787,212,0,0,188,167,0,0,-999,0
dram,direct,788,210,0,0,180,168,0,0,-999,0
dram,direct,789,214,0,0,189,168,0,0,-999,0
dram,direct,790,191,0,0,187,166,0,0,-999,0
dram,direct,791,211,0,0,184,168,0,0,-999,0
dram,direct,792,244,0,0,182,166,0,0,-999,0
dram,direct,793,213,0,0,193,167,0,0,-999,0
dram,direct,794,232,0,0,192,168,0,0,-999,0
dram,direct,795,235,0,0,185,167,0,0,-999,0
dram,direct,796,200,0,0,186,165,0,0,-999,0
dram,direct,797,207,0,0,187,166,0,0,-999,0
dram,direct,798,263,0,0,286,232,0,0,-999,0
dram,direct,799,235,0,0,182,168,0,0,-999,0
dram,direct,800,212,0,0,186,166,0,0,-999,0
dram,direct,801,209,0,0,188,168,0,0,-999,0
dram,direct,802,231,0,0,182,166,0,0,-999,0
dram,direct,803,197,0,0,188,166,0,0,-999,0
dram,direct,804,243,0,0,192,168,0,0,-999,0
dram,direct,805,209,0,0,182,165,0,0,-999,0
dram,direct,806,232,0,0,183,167,0,0,-999,0
dram,direct,807,207,0,0,180,16559,0,0,-999,0
dram,direct,808,212,0,0,187,168,0,0,-999,0
dram,direct,809,241,0,0,181,166,0,0,-999,0
dram,direct,810,214,0,0,187,166,0,0,-999,0
dram,direct,811,209,0,0,179,167,0,0,-999,0
dram,direct,812,212,0,0,187,166,0,0,-999,0
dram,direct,813,320,0,0,189,168,0,0,-999,0
dram,direct,814,384,0,0,247,245,0,0,-999,0
dram,direct,815,233,0,0,181,171,0,0,-999,0
dram,direct,816,241,0,0,184,167,0,0,-999,0
dram,direct,817,229,0,0,183,167,0,0,-999,0
dram,direct,818,190,0,0,184,168,0,0,-999,0
dram,direct,819,239,0,0,246,224,0,0,-999,0
dram,direct,820,373,0,0,228,225,0,0,-999,0
dram,direct,821,339,0,0,271,212,0,0,-999,0
dram,direct,822,360,0,0,264,232,0,0,-999,0
dram,direct,823,385,0,0,247,185,0,0,-999,0
dram,direct,824,251,0,0,200,168,0,0,-999,0
dram,direct,825,289,0,0,199,168,0,0,-999,0
dram,direct,826,310,0,0,213,184,0,0,-999,0
dram,direct,827,270,0,0,198,167,0,0,-999,0
dram,direct,828,214,0,0,185,166,0,0,-999,0
dram,direct,829,251,0,0,255,217,0,0,-999,0
dram,direct,830,250,0,0,207,168,0,0,-999,0
dram,direct,831,298,0,0,207,168,0,0,-999,0
dram,direct,832,280,0,0,199,168,0,0,-999,0
dram,direct,833,249,0,0,209,169,0,0,-999,0
dram,direct,834,231,0,0,181,165,0,0,-999,0
dram,direct,835,249,0,0,186,168,0,0,-999,0
dram,direct,836,210,0,0,179,167,0,0,-999,0
dram,direct,837,209,0,0,187,167,0,0,-999,0
dram,direct,838,188,0,0,188,167,0,0,-999,0
dram,direct,839,210,0,0,178,166,0,0,-999,0
dram,direct,840,277,0,0,187,168,0,0,-999,0
dram,direct,841,381,0,0,252,231,0,0,-999,0
dram,direct,842,277,0,0,187,167,0,0,-999,0
dram,direct,843,191,0,0,186,167,0,0,-999,0
dram,direct,844,187,0,0,185,167,0,0,-999,0
dram,direct,845,207,0,0,188,167,0,0,-999,0
dram,direct,846,211,0,0,186,168,0,0,-999,0
dram,direct,847,189,0,0,186,167,0,0,-999,0
dram,direct,848,383,0,0,233,195,0,0,-999,0
dram,direct,849,297,0,0,201,167,0,0,-999,0
dram,direct,850,381,0,0,252,238,0,0,-999,0
dram,direct,851,296,0,0,198,175,0,0,-999,0
dram,direct,852,330,0,0,270,252,0,0,-999,0
dram,direct,853,297,0,0,199,175,0,0,-999,0
dram,direct,854,409,0,0,246,217,0,0,-999,0
dram,direct,855,296,0,0,197,177,0,0,-999,0
dram,direct,856,339,0,0,240,218,0,0,-999,0
dram,direct,857,359,0,0,190,177,0,0,-999,0
dram,direct,858,207,0,0,185,168,0,0,-999,0
dram,direct,859,307,0,0,188,169,0,0,-999,0
dram,direct,860,233,0,0,184,168,0,0,-999,0
dram,direct,861,211,0,0,191,168,0,0,-999,0
dram,direct,862,281,0,0,199,167,0,0,-999,0
dram,direct,863,264,0,0,198,167,0,0,-999,0
dram,direct,864,222,0,0,186,168,0,0,-999,0
dram,direct,865,187,0,0,184,166,0,0,-999,0
dram,direct,866,209,0,0,189,168,0,0,-999,0
dram,direct,867,216,0,0,189,167,0,0,-999,0
dram,direct,868,210,0,0,181,167,0,0,-999,0
dram,direct,869,261,0,0,204,168,0,0,-999,0
dram,direct,870,210,0,0,182,166,0,0,-999,0
dram,direct,871,208,0,0,185,166,0,0,-999,0
dram,direct,872,229,0,0,184,167,0,0,-999,0
dram,direct,873,196,0,0,185,167,0,0,-999,0
dram,direct,874,212,0,0,181,165,0,0,-999,0
dram,direct,875,229,0,0,183,164,0,0,-999,0
dram,direct,876,191,0,0,182,165,0,0,-999,0
dram,direct,877,193,0,0,186,167,0,0,-999,0
dram,direct,878,232,0,0,193,168,0,0,-999,0
dram,direct,879,212,0,0,184,166,0,0,-999,0
dram,direct,880,192,0,0,180,165,0,0,-999,0
dram,direct,881,230,0,0,181,166,0,0,-999,0
dram,direct,882,262,0,0,205,167,0,0,-999,0
dram,direct,883,229,0,0,179,167,0,0,-999,0
dram,direct,884,206,0,0,183,165,0,0,-999,0
dram,direct,885,229,0,0,180,165,0,0,-999,0
dram,direct,886,193,0,0,185,166,0,0,-999,0
dram,direct,887,208,0,0,187,166,0,0,-999,0
dram,direct,888,843,0,0,252,233,0,0,-999,0
dram,direct,889,327,0,0,253,214,0,0,-999,0
dram,direct,890,302,0,0,247,247,0,0,-999,0
dram,direct,891,285,0,0,250,210,0,0,-999,0
dram,direct,892,270,0,0,349,225,0,0,-999,0
dram,direct,893,286,0,0,244,232,0,0,-999,0
dram,direct,894,275,0,0,248,221,0,0,-999,0
dram,direct,895,271,0,0,202,231,0,0,-999,0
dram,direct,896,289,0,0,233,230,0,0,-999,0
dram,direct,897,373,0,0,240,225,0,0,-999,0
dram,direct,898,272,0,0,271,215,0,0,-999,0
dram,direct,899,272,0,0,259,223,0,0,-999,0
dram,direct,900,255,0,0,237,221,0,0,-999,0
dram,direct,901,292,0,0,253,233,0,0,-999,0
dram,direct,902,306,0,0,251,230,0,0,-999,0
dram,direct,903,276,0,0,253,222,0,0,-999,0
dram,direct,904,298,0,0,280,217,0,0,-999,0
dram,direct,905,291,0,0,242,223,0,0,-999,0
dram,direct,906,289,0,0,237,215,0,0,-999,0
dram,direct,907,272,0,0,236,211,0,0,-999,0
dram,direct,908,271,0,0,256,217,0,0,-999,0
dram,direct,909,255,0,0,237,204,0,0,-999,0
dram,direct,910,297,0,0,245,233,0,0,-999,0
dram,direct,911,267,0,0,244,217,0,0,-999,0
dram,direct,912,278,0,0,249,230,0,0,-999,0
dram,direct,913,257,0,0,216,228,0,0,-999,0
dram,direct,914,293,0,0,255,229,0,0,-999,0
dram,direct,915,271,0,0,240,227,0,0,-999,0
dram,direct,916,300,0,0,265,225,0,0,-999,0
dram,direct,917,307,0,0,256,236,0,0,-999,0
dram,direct,918,293,0,0,255,229,0,0,-999,0
dram,direct,919,253,0,0,354,223,0,0,-999,0
dram,direct,920,23900,0,0,231,235,0,0,-999,0
dram,direct,921,282,0,0,253,225,0,0,-999,0
dram,direct,922,279,0,0,240,219,0,0,-999,0
dram,direct,923,269,0,0,268,223,0,0,-999,0
dram,direct,924,294,0,0,236,224,0,0,-999,0
dram,direct,925,264,0,0,247,223,0,0,-999,0
dram,direct,926,303,0,0,241,208,0,0,-999,0
dram,direct,927,298,0,0,243,222,0,0,-999,0
dram,direct,928,283,0,0,242,193,0,0,-999,0
dram,direct,929,277,0,0,250,226,0,0,-999,0
dram,direct,930,282,0,0,226,220,0,0,-999,0
dram,direct,931,276,0,0,241,213,0,0,-999,0
dram,direct,932,261,0,0,257,212,0,0,-999,0
dram,direct,933,307,0,0,219,229,0,0,-999,0
dram,direct,934,300,0,0,231,213,0,0,-999,0
dram,direct,935,279,0,0,241,228,0,0,-999,0
dram,direct,936,273,0,0,238,217,0,0,-999,0
dram,direct,937,285,0,0,243,200,0,0,-999,0
dram,direct,938,258,0,0,254,228,0,0,-999,0
dram,direct,939,286,0,0,248,227,0,0,-999,0
dram,direct,940,282,0,0,248,217,0,0,-999,0
dram,direct,941,280,0,0,253,205,0,0,-999,0
dram,direct,942,268,0,0,249,230,0,0,-999,0
dram,direct,943,274,0,0,246,226,0,0,-999,0
dram,direct,944,276,0,0,229,229,0,0,-999,0
dram,direct,945,336,0,0,211,236,0,0,-999,0
dram,direct,946,280,0,0,213,239,0,0,-999,0
dram,direct,947,283,0,0,247,225,0,0,-999,0
dram,direct,948,274,0,0,240,223,0,0,-999,0
dram,direct,949,278,0,0,239,230,0,0,-999,0
dram,direct,950,284,0,0,238,227,0,0,-999,0
dram,direct,951,276,0,0,270,221,0,0,-999,0
dram,direct,952,269,0,0,247,226,0,0,-999,0
dram,direct,953,292,0,0,239,231,0,0,-999,0
dram,direct,954,279,0,0,248,232,0,0,-999,0
dram,direct,955,259,0,0,222,234,0,0,-999,0
dram,direct,956,287,0,0,240,232,0,0,-999,0
dram,direct,957,284,0,0,250,236,0,0,-999,0
dram,direct,958,282,0,0,241,220,0,0,-999,0
dram,direct,959,274,0,0,242,218,0,0,-999,0
dram,direct,960,268,0,0,242,217,0,0,-999,0
dram,direct,961,292,0,0,256,218,0,0,-999,0
dram,direct,962,282,0,0,255,228,0,0,-999,0
dram,direct,963,275,0,0,204,210,0,0,-999,0
dram,direct,964,245,0,0,237,223,0,0,-999,0
dram,direct,965,288,0,0,251,227,0,0,-999,0
dram,direct,966,266,0,0,249,231,0,0,-999,0
dram,direct,967,278,0,0,243,218,0,0,-999,0
dram,direct,968,267,0,0,239,210,0,0,-999,0
dram,direct,969,261,0,0,241,207,0,0,-999,0
dram,direct,970,273,0,0,271,226,0,0,-999,0
dram,direct,971,276,0,0,249,229,0,0,-999,0
dram,direct,972,261,0,0,220,228,0,0,-999,0
dram,direct,973,282,0,0,232,222,0,0,-999,0
dram,direct,974,303,0,0,254,217,0,0,-999,0
dram,direct,975,278,0,0,268,237,0,0,-999,0
dram,direct,976,291,0,0,243,230,0,0,-999,0
dram,direct,977,260,0,0,245,222,0,0,-999,0
dram,direct,978,277,0,0,242,224,0,0,-999,0
dram,direct,979,282,0,0,247,224,0,0,-999,0
dram,direct,980,277,0,0,219,221,0,0,-999,0
dram,direct,981,285,0,0,249,232,0,0,-999,0
dram,direct,982,272,0,0,239,216,0,0,-999,0
dram,direct,983,289,0,0,235,230,0,0,-999,0
dram,direct,984,303,0,0,254,225,0,0,-999,0
dram,direct,985,283,0,0,245,216,0,0,-999,0
dram,direct,986,274,0,0,244,228,0,0,-999,0
dram,direct,987,282,0,0,244,222,0,0,-999,0
dram,direct,988,279,0,0,240,220,0,0,-999,0
dram,direct,989,288,0,0,267,228,0,0,-999,0
dram,direct,990,283,0,0,246,214,0,0,-999,0
dram,direct,991,282,0,0,249,213,0,0,-999,0
dram,direct,992,291,0,0,222,212,0,0,-999,0
dram,direct,993,244,0,0,247,225,0,0,-999,0
dram,direct,994,275,0,0,245,229,0,0,-999,0
dram,direct,995,274,0,0,251,249,0,0,-999,0
dram,direct,996,261,0,0,240,228,0,0,-999,0
dram,direct,997,262,0,0,252,221,0,0,-999,0
dram,direct,998,257,0,0,239,225,0,0,-999,0
dram,direct,999,287,0,0,243,218,0,0,-999,0
dram,readwrite,0,349,261,0,267,222,0,0,0,0
dram,readwrite,1,285,226,0,228,232,0,0,0,0
dram,readwrite,2,325,260,0,256,215,0,0,0,0
dram,readwrite,3,255,213,0,232,207,0,0,0,0
dram,readwrite,4,298,228,0,255,208,0,0,0,0
dram,readwrite,5,324,239,0,239,223,0,0,0,0
dram,readwrite,6,284,257,0,224,190,0,0,0,0
dram,readwrite,7,251,244,0,239,220,0,0,0,0
dram,readwrite,8,213,179,0,226,224,0,0,0,0
dram,readwrite,9,281,243,0,1808,162,0,0,0,0
dram,readwrite,10,340,250,0,261,211,0,0,0,0
dram,readwrite,11,295,242,0,244,216,0,0,0,0
dram,readwrite,12,287,274,0,232,200,0,0,0,0
dram,readwrite,13,314,252,0,252,208,0,0,0,0
dram,readwrite,14,295,240,0,244,223,0,0,0,0
dram,readwrite,15,316,224,0,240,203,0,0,0,0
dram,readwrite,16,316,259,0,216,213,0,0,0,0
dram,readwrite,17,320,287,0,210,204,0,0,0,0
dram,readwrite,18,285,252,0,252,234,0,0,0,0
dram,readwrite,19,300,210,0,225,209,0,0,0,0
dram,readwrite,20,294,275,0,238,198,0,0,0,0
dram,readwrite,21,382,262,0,219,202,0,0,0,0
dram,readwrite,22,255,179,0,205,159,0,0,0,0
dram,readwrite,23,270,238,0,244,218,0,0,0,0
dram,readwrite,24,303,248,0,240,381,0,0,0,0
dram,readwrite,25,280,229,0,259,217,0,0,0,0
dram,readwrite,26,301,227,0,232,210,0,0,0,0
dram,readwrite,27,270,266,0,237,227,0,0,0,0
dram,readwrite,28,302,241,0,246,215,0,0,0,0
dram,readwrite,29,269,236,0,242,219,0,0,0,0
dram,readwrite,30,291,232,0,261,172,0,0,0,0
dram,readwrite,31,293,243,0,226,213,0,0,0,0
dram,readwrite,32,308,236,0,261,221,0,0,0,0
dram,readwrite,33,305,242,0,247,233,0,0,0,0
dram,readwrite,34,434,245,0,202,226,0,0,0,0
dram,readwrite,35,308,248,0,248,203,0,0,0,0
dram,readwrite,36,325,246,0,253,206,0,0,0,0
dram,readwrite,37,303,228,0,242,215,0,0,0,0
dram,readwrite,38,315,260,0,243,201,0,0,0,0
dram,readwrite,39,306,247,0,226,200,0,0,0,0
dram,readwrite,40,448,223,0,264,215,0,0,0,0
dram,readwrite,41,276,255,0,233,215,0,0,0,0
dram,readwrite,42,282,252,0,226,219,0,0,0,0
dram,readwrite,43,288,264,0,219,199,0,0,0,0
dram,readwrite,44,285,224,0,227,212,0,0,0,0
dram,readwrite,45,286,262,0,217,194,0,0,0,0
dram,readwrite,46,305,261,0,242,232,0,0,0,0
dram,readwrite,47,335,249,0,253,222,0,0,0,0
dram,readwrite,48,283,245,0,256,218,0,0,0,0
dram,readwrite,49,294,240,0,236,211,0,0,0,0
dram,readwrite,50,285,248,0,224,186,0,0,0,0
dram,readwrite,51,329,247,0,228,216,0,0,0,0
dram,readwrite,52,298,235,0,218,181,0,0,0,0
dram,readwrite,53,242,261,0,252,197,0,0,0,0
dram,readwrite,54,290,231,0,220,202,0,0,0,0
dram,readwrite,55,296,220,0,251,215,0,0,0,0
dram,readwrite,56,248,179,0,183,157,0,0,0,0
dram,readwrite,57,190,182,0,181,159,0,0,0,0
dram,readwrite,58,188,182,0,175,158,0,0,0,0
dram,readwrite,59,206,183,0,182,159,0,0,0,0
dram,readwrite,60,194,204,0,202,159,0,0,0,0
dram,readwrite,61,303,189,0,221,168,0,0,0,0
dram,readwrite,62,207,183,0,177,161,0,0,0,0
dram,readwrite,63,225,183,0,184,159,0,0,0,0
dram,readwrite,64,187,204,0,206,159,0,0,0,0
dram,readwrite,65,233,185,0,184,158,0,0,0,0
dram,readwrite,66,233,178,0,181,160,0,0,0,0
dram,readwrite,67,207,182,0,209,157,0,0,0,0
dram,readwrite,68,209,177,0,198,158,0,0,0,0
dram,readwrite,69,205,184,0,180,157,0,0,0,0
dram,readwrite,70,198,173,0,176,159,0,0,0,0
dram,readwrite,71,205,184,0,182,158,0,0,0,0
dram,readwrite,72,301,203,0,254,213,0,0,0,0
dram,readwrite,73,297,235,0,219,215,0,0,0,0
dram,readwrite,74,268,218,0,212,175,0,0,0,0
dram,readwrite,75,304,220,0,254,229,0,0,0,0
dram,readwrite,76,297,237,0,258,177,0,0,0,0
dram,readwrite,77,311,259,0,220,208,0,0,0,0
dram,readwrite,78,290,225,0,246,230,0,0,0,0
dram,readwrite,79,295,261,0,210,216,0,0,0,0
dram,readwrite,80,305,232,0,236,196,0,0,0,0
dram,readwrite,81,303,244,0,236,220,0,0,0,0
dram,readwrite,82,284,231,0,251,209,0,0,0,0
dram,readwrite,83,214,179,0,208,159,0,0,0,0
dram,readwrite,84,311,270,0,232,209,0,0,0,0
dram,readwrite,85,252,246,0,243,214,0,0,0,0
dram,readwrite,86,353,255,0,230,220,0,0,0,0
dram,readwrite,87,276,271,0,259,204,0,0,0,0
dram,readwrite,88,281,235,0,251,205,0,0,0,0
dram,readwrite,89,248,240,0,226,199,0,0,0,0
dram,readwrite,90,255,260,0,225,208,0,0,0,0
dram,readwrite,91,298,226,0,216,217,0,0,0,0
dram,readwrite,92,282,255,0,244,222,0,0,0,0
dram,readwrite,93,301,243,0,246,207,0,0,0,0
dram,readwrite,94,290,204,0,240,225,0,0,0,0
dram,readwrite,95,279,289,0,224,234,0,0,0,0
dram,readwrite,96,246,167,0,201,159,0,0,0,0
dram,readwrite,97,336,242,0,239,230,0,0,0,0
dram,readwrite,98,352,254,0,262,240,0,0,0,0
dram,readwrite,99,282,255,0,233,209,0,0,0,0
dram,readwrite,100,264,265,0,239,207,0,0,0,0
dram,readwrite,101,310,199,0,217,208,0,0,0,0
dram,readwrite,102,279,219,0,231,225,0,0,0,0
dram,readwrite,103,308,256,0,252,212,0,0,0,0
dram,readwrite,104,408,259,0,245,213,0,0,0,0
dram,readwrite,105,297,239,0,216,214,0,0,0,0
dram,readwrite,106,286,270,0,253,210,0,0,0,0
dram,readwrite,107,279,238,0,222,231,0,0,0,0
dram,readwrite,108,267,241,0,272,213,0,0,0,0
dram,readwrite,109,209,182,0,204,158,0,0,0,0
dram,readwrite,110,347,232,0,276,218,0,0,0,0
dram,readwrite,111,271,229,0,242,223,0,0,0,0
dram,readwrite,112,303,237,0,258,209,0,0,0,0
dram,readwrite,113,316,276,0,256,203,0,0,0,0
dram,readwrite,114,237,180,0,231,244,0,0,0,0
dram,readwrite,115,789,165,0,193,167,0,0,0,0
dram,readwrite,116,220,207,0,185,158,0,0,0,0
dram,readwrite,117,216,171,0,163,158,0,0,0,0
dram,readwrite,118,223,170,0,164,158,0,0,0,0
dram,readwrite,119,185,174,0,158,160,0,0,0,0
dram,readwrite,120,196,171,0,161,159,0,0,0,0
dram,readwrite,121,208,173,0,161,159,0,0,0,0
dram,readwrite,122,203,174,0,162,161,0,0,0,0
dram,readwrite,123,299,180,0,164,169,0,0,0,0
dram,readwrite,124,287,212,0,238,219,0,0,0,0
dram,readwrite,125,202,172,0,163,160,0,0,0,0
dram,readwrite,126,237,158,0,175,158,0,0,0,0
dram,readwrite,127,304,216,0,246,235,0,0,0,0
dram,readwrite,128,211,158,0,169,159,0,0,0,0
dram,readwrite,129,241,175,0,177,158,0,0,0,0
dram,readwrite,130,207,174,0,156,157,0,0,0,0
dram,readwrite,131,203,196,0,183,158,0,0,0,0
dram,readwrite,132,234,172,0,165,160,0,0,0,0
dram,readwrite,133,206,158,0,182,160,0,0,0,0
dram,readwrite,134,202,174,0,160,158,0,0,0,0
dram,readwrite,135,206,173,0,162,157,0,0,0,0
dram,readwrite,136,207,170,0,164,160,0,0,0,0
dram,readwrite,137,209,192,0,184,161,0,0,0,0
dram,readwrite,138,202,178,0,160,159,0,0,0,0
dram,readwrite,139,205,174,0,162,160,0,0,0,0
dram,readwrite,140,198,159,0,183,161,0,0,0,0
dram,readwrite,141,194,157,0,158,159,0,0,0,0
dram,readwrite,142,207,174,0,161,160,0,0,0,0
dram,readwrite,143,205,168,0,157,159,0,0,0,0
dram,readwrite,144,206,196,0,186,161,0,0,0,0
dram,readwrite,145,192,172,0,180,158,0,0,0,0
dram,readwrite,146,210,173,0,198,161,0,0,0,0
dram,readwrite,147,208,175,0,176,160,0,0,0,0
dram,readwrite,148,206,174,0,171,158,0,0,0,0
dram,readwrite,149,207,195,0,201,161,0,0,0,0
dram,readwrite,150,210,170,0,176,160,0,0,0,0
dram,readwrite,151,203,195,0,192,158,0,0,0,0
dram,readwrite,152,196,173,0,160,158,0,0,0,0
dram,readwrite,153,206,174,0,158,159,0,0,0,0
dram,readwrite,154,212,174,0,164,160,0,0,0,0
dram,readwrite,155,185,175,0,178,160,0,0,0,0
dram,readwrite,156,205,172,0,162,161,0,0,0,0
dram,readwrite,157,202,174,0,178,158,0,0,0,0
dram,readwrite,158,203,170,0,161,160,0,0,0,0
dram,readwrite,159,208,169,0,161,161,0,0,0,0
dram,readwrite,160,204,176,0,162,158,0,0,0,0
dram,readwrite,161,190,159,0,164,160,0,0,0,0
dram,readwrite,162,205,160,0,193,160,0,0,0,0
dram,readwrite,163,206,195,0,184,157,0,0,0,0
dram,readwrite,164,188,175,0,162,158,0,0,0,0
dram,readwrite,165,199,172,0,164,159,0,0,0,0
dram,readwrite,166,206,175,0,165,161,0,0,0,0
dram,readwrite,167,203,171,0,158,159,0,0,0,0
dram,readwrite,168,564,237,0,378,196,0,0,0,0
dram,readwrite,169,199,171,0,158,159,0,0,0,0
dram,readwrite,170,209,180,0,181,159,0,0,0,0
dram,readwrite,171,261,208,0,249,203,0,0,0,0
dram,readwrite,172,272,157,0,161,159,0,0,0,0
dram,readwrite,173,203,174,0,156,158,0,0,0,0
dram,readwrite,174,203,174,0,163,158,0,0,0,0
dram,readwrite,175,200,168,0,165,159,0,0,0,0
dram,readwrite,176,204,175,0,181,159,0,0,0,0
dram,readwrite,177,308,230,0,205,197,0,0,0,0
dram,readwrite,178,258,173,0,187,165,0,0,0,0
dram,readwrite,179,203,192,0,199,160,0,0,0,0
dram,readwrite,180,201,172,0,172,159,0,0,0,0
dram,readwrite,181,209,169,0,172,160,0,0,0,0
dram,readwrite,182,206,169,0,172,157,0,0,0,0
dram,readwrite,183,201,173,0,178,158,0,0,0,0
dram,readwrite,184,188,170,0,179,160,0,0,0,0
dram,readwrite,185,206,173,0,174,161,0,0,0,0
dram,readwrite,186,195,174,0,198,161,0,0,0,0
dram,readwrite,187,208,170,0,172,160,0,0,0,0
dram,readwrite,188,224,174,0,178,160,0,0,0,0
dram,readwrite,189,207,176,0,199,160,0,0,0,0
dram,readwrite,190,195,194,0,197,158,0,0,0,0
dram,readwrite,191,185,171,0,179,158,0,0,0,0
dram,readwrite,192,214,174,0,198,161,0,0,0,0
dram,readwrite,193,233,172,0,175,157,0,0,0,0
dram,readwrite,194,223,175,0,171,159,0,0,0,0
dram,readwrite,195,205,169,0,172,159,0,0,0,0
dram,readwrite,196,204,174,0,197,158,0,0,0,0
dram,readwrite,197,205,191,0,193,157,0,0,0,0
dram,readwrite,198,205,171,0,172,158,0,0,0,0
dram,readwrite,199,210,174,0,192,158,0,0,0,0
dram,readwrite,200,210,174,0,173,157,0,0,0,0
dram,readwrite,201,202,173,0,173,160,0,0,0,0
dram,readwrite,202,218,168,0,171,158,0,0,0,0
dram,readwrite,203,201,171,0,172,157,0,0,0,0
dram,readwrite,204,207,173,0,172,158,0,0,0,0
dram,readwrite,205,184,174,0,173,159,0,0,0,0
dram,readwrite,206,207,177,0,173,160,0,0,0,0
dram,readwrite,207,202,159,0,172,158,0,0,0,0
dram,readwrite,208,203,174,0,172,157,0,0,0,0
dram,readwrite,209,220,169,0,176,158,0,0,0,0
dram,readwrite,210,212,172,0,178,157,0,0,0,0
dram,readwrite,211,305,173,0,197,158,0,0,0,0
dram,readwrite,212,203,174,0,177,158,0,0,0,0
dram,readwrite,213,207,176,0,172,157,0,0,0,0
dram,readwrite,214,281,204,0,201,197,0,0,0,0
dram,readwrite,215,253,173,0,178,159,0,0,0,0
dram,readwrite,216,222,169,0,179,159,0,0,0,0
dram,readwrite,217,204,173,0,178,159,0,0,0,0
dram,readwrite,218,203,175,0,178,158,0,0,0,0
dram,readwrite,219,203,173,0,185,160,0,0,0,0
dram,readwrite,220,207,195,0,196,158,0,0,0,0
dram,readwrite,221,929,303,0,255,242,0,0,0,0
dram,readwrite,222,300,280,0,239,232,0,0,0,0
dram,readwrite,223,279,244,0,228,218,0,0,0,0
dram,readwrite,224,303,267,0,236,224,0,0,0,0
dram,readwrite,225,318,252,0,196,182,0,0,0,0
dram,readwrite,226,289,274,0,228,204,0,0,0,0
dram,readwrite,227,7511,242,0,223,218,0,0,0,0
dram,readwrite,228,259,228,0,206,210,0,0,0,0
dram,readwrite,229,285,245,0,237,227,0,0,0,0
dram,readwrite,230,310,215,0,232,215,0,0,0,0
dram,readwrite,231,307,243,0,212,203,0,0,0,0
dram,readwrite,232,266,251,0,229,205,0,0,0,0
dram,readwrite,233,246,179,0,193,160,0,0,0,0
dram,readwrite,234,288,243,0,245,234,0,0,0,0
dram,readwrite,235,283,260,0,198,209,0,0,0,0
dram,readwrite,236,291,244,0,247,208,0,0,0,0
dram,readwrite,237,297,220,0,228,228,0,0,0,0
dram,readwrite,238,286,231,0,244,240,0,0,0,0
dram,readwrite,239,435,224,0,244,237,0,0,0,0
dram,readwrite,240,248,245,0,216,204,0,0,0,0
dram,readwrite,241,390,268,0,263,232,0,0,0,0
dram,readwrite,242,306,250,0,230,206,0,0,0,0
dram,readwrite,243,329,228,0,241,221,0,0,0,0
dram,readwrite,244,307,217,0,238,234,0,0,0,0
dram,readwrite,245,274,206,0,195,168,0,0,0,0
dram,readwrite,246,243,180,0,175,159,0,0,0,0
dram,readwrite,247,280,234,0,219,216,0,0,0,0
dram,readwrite,248,340,230,0,249,244,0,0,0,0
dram,readwrite,249,214,195,0,189,168,0,0,0,0
dram,readwrite,250,203,161,0,180,161,0,0,0,0
dram,readwrite,251,187,193,0,180,159,0,0,0,0
dram,readwrite,252,203,177,0,176,160,0,0,0,0
dram,readwrite,253,204,171,0,199,158,0,0,0,0
dram,readwrite,254,199,158,0,172,161,0,0,0,0
dram,readwrite,255,224,173,0,177,158,0,0,0,0
dram,readwrite,256,198,173,0,176,161,0,0,0,0
dram,readwrite,257,217,174,0,179,157,0,0,0,0
dram,readwrite,258,194,188,0,199,159,0,0,0,0
dram,readwrite,259,212,178,0,176,158,0,0,0,0
dram,readwrite,260,210,174,0,172,160,0,0,0,0
dram,readwrite,261,203,158,0,198,160,0,0,0,0
dram,readwrite,262,185,179,0,177,158,0,0,0,0
dram,readwrite,263,206,178,0,192,161,0,0,0,0
dram,readwrite,264,207,171,0,198,157,0,0,0,0
dram,readwrite,265,201,175,0,172,162,0,0,0,0
dram,readwrite,266,210,158,0,195,158,0,0,0,0
dram,readwrite,267,185,181,0,197,161,0,0,0,0
dram,readwrite,268,204,160,0,178,163,0,0,0,0
dram,readwrite,269,200,178,0,192,158,0,0,0,0
dram,readwrite,270,206,174,0,176,160,0,0,0,0
dram,readwrite,271,207,178,0,173,159,0,0,0,0
dram,readwrite,272,204,174,0,174,160,0,0,0,0
dram,readwrite,273,204,173,0,178,161,0,0,0,0
dram,readwrite,274,201,177,0,173,160,0,0,0,0
dram,readwrite,275,204,199,0,197,160,0,0,0,0
dram,readwrite,276,203,173,0,172,161,0,0,0,0
dram,readwrite,277,205,170,0,199,160,0,0,0,0
dram,readwrite,278,204,181,0,171,161,0,0,0,0
dram,readwrite,279,182,173,0,178,160,0,0,0,0
dram,readwrite,280,208,173,0,177,160,0,0,0,0
dram,readwrite,281,192,178,0,177,161,0,0,0,0
dram,readwrite,282,202,173,0,177,161,0,0,0,0
dram,readwrite,283,204,194,0,198,160,0,0,0,0
dram,readwrite,284,204,175,0,179,161,0,0,0,0
dram,readwrite,285,186,175,0,179,162,0,0,0,0
dram,readwrite,286,203,178,0,195,160,0,0,0,0
dram,readwrite,287,204,173,0,178,161,0,0,0,0
dram,readwrite,288,188,178,0,181,161,0,0,0,0
dram,readwrite,289,213,178,0,176,158,0,0,0,0
dram,readwrite,290,208,178,0,199,158,0,0,0,0
dram,readwrite,291,227,178,0,176,160,0,0,0,0
dram,readwrite,292,203,178,0,178,160,0,0,0,0
dram,readwrite,293,221,176,0,199,160,0,0,0,0
dram,readwrite,294,190,170,0,177,158,0,0,0,0
dram,readwrite,295,228,174,0,193,158,0,0,0,0
dram,readwrite,296,188,178,0,176,158,0,0,0,0
dram,readwrite,297,206,178,0,180,160,0,0,0,0
dram,readwrite,298,202,179,0,198,160,0,0,0,0
dram,readwrite,299,206,178,0,176,160,0,0,0,0
dram,readwrite,300,191,175,0,176,160,0,0,0,0
dram,readwrite,301,205,180,0,176,159,0,0,0,0
dram,readwrite,302,195,177,0,172,161,0,0,0,0
dram,readwrite,303,204,175,0,198,158,0,0,0,0
dram,readwrite,304,230,172,0,193,159,0,0,0,0
dram,readwrite,305,195,170,0,177,157,0,0,0,0
dram,readwrite,306,205,175,0,175,160,0,0,0,0
dram,readwrite,307,209,175,0,198,159,0,0,0,0
dram,readwrite,308,202,175,0,176,160,0,0,0,0
dram,readwrite,309,207,175,0,172,159,0,0,0,0
dram,readwrite,310,205,180,0,162,162,0,0,0,0
dram,readwrite,311,208,172,0,177,158,0,0,0,0
dram,readwrite,312,192,160,0,177,158,0,0,0,0
dram,readwrite,313,202,174,0,177,158,0,0,0,0
dram,readwrite,314,188,177,0,176,158,0,0,0,0
dram,readwrite,315,230,177,0,172,160,0,0,0,0
dram,readwrite,316,510,214,0,207,186,0,0,0,0
dram,readwrite,317,297,234,0,192,216,0,0,0,0
dram,readwrite,318,323,256,0,259,230,0,0,0,0
dram,readwrite,319,291,256,0,245,229,0,0,0,0
dram,readwrite,320,356,282,0,219,229,0,0,0,0
dram,readwrite,321,319,262,0,258,229,0,0,0,0
dram,readwrite,322,301,272,0,228,228,0,0,0,0
dram,readwrite,323,314,233,0,244,214,0,0,0,0
dram,readwrite,324,306,175,0,180,161,0,0,0,0
dram,readwrite,325,225,173,0,176,158,0,0,0,0
dram,readwrite,326,245,176,0,176,159,0,0,0,0
dram,readwrite,327,201,154,0,178,159,0,0,0,0
dram,readwrite,328,810,180,0,206,161,0,0,0,0
dram,readwrite,329,212,181,0,173,154,0,0,0,0
dram,readwrite,330,227,174,0,193,154,0,0,0,0
dram,readwrite,331,235,180,0,171,153,0,0,0,0
dram,readwrite,332,214,178,0,192,155,0,0,0,0
dram,readwrite,333,215,174,0,172,155,0,0,0,0
dram,readwrite,334,208,172,0,174,157,0,0,0,0
dram,readwrite,335,221,173,0,172,154,0,0,0,0
dram,readwrite,336,215,175,0,175,155,0,0,0,0
dram,readwrite,337,216,175,0,172,156,0,0,0,0
dram,readwrite,338,205,170,0,172,153,0,0,0,0
dram,readwrite,339,204,175,0,173,153,0,0,0,0
dram,readwrite,340,226,174,0,175,153,0,0,0,0
dram,readwrite,341,204,175,0,173,155,0,0,0,0
dram,readwrite,342,205,174,0,172,156,0,0,0,0
dram,readwrite,343,278,174,0,175,156,0,0,0,0
dram,readwrite,344,208,177,0,173,153,0,0,0,0
dram,readwrite,345,188,175,0,172,153,0,0,0,0
dram,readwrite,346,206,177,0,172,156,0,0,0,0
dram,readwrite,347,384,211,0,192,183,0,0,0,0
dram,readwrite,348,293,247,0,194,195,0,0,0,0
dram,readwrite,349,263,228,0,247,213,0,0,0,0
dram,readwrite,350,250,237,0,228,207,0,0,0,0
dram,readwrite,351,294,226,0,218,211,0,0,0,0
dram,readwrite,352,262,246,0,228,226,0,0,0,0
dram,readwrite,353,314,251,0,253,234,0,0,0,0
dram,readwrite,354,292,226,0,172,154,0,0,0,0
dram,readwrite,355,344,172,0,171,166,0,0,0,0
dram,readwrite,356,225,177,0,173,153,0,0,0,0
dram,readwrite,357,206,194,0,193,153,0,0,0,0
dram,readwrite,358,226,171,0,172,153,0,0,0,0
dram,readwrite,359,206,174,0,175,155,0,0,0,0
dram,readwrite,360,204,174,0,173,153,0,0,0,0
dram,readwrite,361,204,171,0,172,152,0,0,0,0
dram,readwrite,362,209,170,0,174,155,0,0,0,0
dram,readwrite,363,225,172,0,172,156,0,0,0,0
dram,readwrite,364,213,172,0,172,154,0,0,0,0
dram,readwrite,365,228,170,0,174,154,0,0,0,0
dram,readwrite,366,204,174,0,172,154,0,0,0,0
dram,readwrite,367,207,175,0,172,154,0,0,0,0
dram,readwrite,368,300,243,0,231,230,0,0,0,0
dram,readwrite,369,299,263,0,215,198,0,0,0,0
dram,readwrite,370,279,251,0,232,214,0,0,0,0
dram,readwrite,371,276,245,0,230,179,0,0,0,0
dram,readwrite,372,258,233,0,183,173,0,0,0,0
dram,readwrite,373,277,248,0,254,167,0,0,0,0
dram,readwrite,374,256,253,0,220,198,0,0,0,0
dram,readwrite,375,244,211,0,399,191,0,0,0,0
dram,readwrite,376,439,233,0,230,185,0,0,0,0
dram,readwrite,377,249,195,0,175,157,0,0,0,0
dram,readwrite,378,238,173,0,173,155,0,0,0,0
dram,readwrite,379,209,174,0,172,153,0,0,0,0
dram,readwrite,380,231,175,0,172,155,0,0,0,0
dram,readwrite,381,204,171,0,172,154,0,0,0,0
dram,readwrite,382,231,174,0,175,154,0,0,0,0
dram,readwrite,383,208,174,0,173,154,0,0,0,0
dram,readwrite,384,231,174,0,172,154,0,0,0,0
dram,readwrite,385,214,171,0,172,153,0,0,0,0
dram,readwrite,386,208,173,0,171,152,0,0,0,0
dram,readwrite,387,194,173,0,171,154,0,0,0,0
dram,readwrite,388,241,173,0,172,155,0,0,0,0
dram,readwrite,389,231,173,0,170,156,0,0,0,0
dram,readwrite,390,209,169,0,173,155,0,0,0,0
dram,readwrite,391,229,173,0,172,153,0,0,0,0
dram,readwrite,392,213,173,0,174,154,0,0,0,0
dram,readwrite,393,191,175,0,197,156,0,0,0,0
dram,readwrite,394,210,174,0,222,218,0,0,0,0
dram,readwrite,395,386,259,0,234,205,0,0,0,0
dram,readwrite,396,249,170,0,172,156,0,0,0,0
dram,readwrite,397,208,181,0,172,155,0,0,0,0
dram,readwrite,398,267,246,0,249,224,0,0,0,0
dram,readwrite,399,254,173,0,176,155,0,0,0,0
dram,readwrite,400,280,224,0,218,213,0,0,0,0
dram,readwrite,401,287,259,0,248,220,0,0,0,0
dram,readwrite,402,353,221,0,220,224,0,0,0,0
dram,readwrite,403,270,243,0,240,200,0,0,0,0
dram,readwrite,404,282,270,0,226,205,0,0,0,0
dram,readwrite,405,273,212,0,274,231,0,0,0,0
dram,readwrite,406,247,423,0,216,220,0,0,0,0
dram,readwrite,407,300,249,0,241,207,0,0,0,0
dram,readwrite,408,202,173,0,172,154,0,0,0,0
dram,readwrite,409,228,170,0,172,154,0,0,0,0
dram,readwrite,410,205,163,0,173,155,0,0,0,0
dram,readwrite,411,204,174,0,172,154,0,0,0,0
dram,readwrite,412,205,176,0,171,153,0,0,0,0
dram,readwrite,413,204,174,0,172,153,0,0,0,0
dram,readwrite,414,208,170,0,173,154,0,0,0,0
dram,readwrite,415,204,170,0,171,156,0,0,0,0
dram,readwrite,416,233,174,0,171,153,0,0,0,0
dram,readwrite,417,192,169,0,171,152,0,0,0,0
dram,readwrite,418,235,174,0,176,155,0,0,0,0
dram,readwrite,419,250,173,0,195,155,0,0,0,0
dram,readwrite,420,236,175,0,173,153,0,0,0,0
dram,readwrite,421,193,171,0,175,156,0,0,0,0
dram,readwrite,422,251,171,0,175,156,0,0,0,0
dram,readwrite,423,230,179,0,171,155,0,0,0,0
dram,readwrite,424,205,175,0,174,155,0,0,0,0
dram,readwrite,425,204,174,0,174,156,0,0,0,0
dram,readwrite,426,289,266,0,241,211,0,0,0,0
dram,readwrite,427,298,231,0,233,213,0,0,0,0
dram,readwrite,428,286,241,0,187,213,0,0,0,0
dram,readwrite,429,273,228,0,191,196,0,0,0,0
dram,readwrite,430,335,236,0,244,249,0,0,0,0
dram,readwrite,431,270,224,0,211,220,0,0,0,0
dram,readwrite,432,279,241,0,246,228,0,0,0,0
dram,readwrite,433,332,250,0,226,213,0,0,0,0
dram,readwrite,434,253,210,0,186,188,0,0,0,0
dram,readwrite,435,817,186,0,210,168,0,0,0,0
dram,readwrite,436,224,179,0,177,159,0,0,0,0
dram,readwrite,437,191,175,0,180,157,0,0,0,0
dram,readwrite,438,205,180,0,178,160,0,0,0,0
dram,readwrite,439,226,180,0,177,158,0,0,0,0
dram,readwrite,440,226,176,0,183,161,0,0,0,0
dram,readwrite,441,208,178,0,178,159,0,0,0,0
dram,readwrite,442,202,180,0,177,159,0,0,0,0
dram,readwrite,443,191,181,0,199,161,0,0,0,0
dram,readwrite,444,226,180,0,179,159,0,0,0,0
dram,readwrite,445,206,176,0,157,159,0,0,0,0
dram,readwrite,446,207,180,0,200,160,0,0,0,0
dram,readwrite,447,205,198,0,201,160,0,0,0,0
dram,readwrite,448,207,180,0,177,159,0,0,0,0
dram,readwrite,449,253,175,0,184,158,0,0,0,0
dram,readwrite,450,241,241,0,204,169,0,0,0,0
dram,readwrite,451,542,306,0,267,226,0,0,0,0
dram,readwrite,452,328,178,0,216,167,0,0,0,0
dram,readwrite,453,206,178,0,199,158,0,0,0,0
dram,readwrite,454,230,183,0,184,158,0,0,0,0
dram,readwrite,455,206,179,0,184,159,0,0,0,0
dram,readwrite,456,199,180,0,184,161,0,0,0,0
dram,readwrite,457,192,177,0,206,159,0,0,0,0
dram,readwrite,458,227,179,0,201,159,0,0,0,0
dram,readwrite,459,301,186,0,194,158,0,0,0,0
dram,readwrite,460,241,179,0,180,159,0,0,0,0
dram,readwrite,461,188,180,0,203,159,0,0,0,0
dram,readwrite,462,219,175,0,181,159,0,0,0,0
dram,readwrite,463,261,178,0,184,158,0,0,0,0
dram,readwrite,464,205,171,0,180,159,0,0,0,0
dram,readwrite,465,186,176,0,203,160,0,0,0,0
dram,readwrite,466,209,181,0,180,158,0,0,0,0
dram,readwrite,467,604,216,0,202,207,0,0,0,0
dram,readwrite,468,321,227,0,228,208,0,0,0,0
dram,readwrite,469,282,229,0,240,226,0,0,0,0
dram,readwrite,470,372,255,0,223,211,0,0,0,0
dram,readwrite,471,326,260,0,237,11473,0,0,0,0
dram,readwrite,472,262,280,0,239,226,0,0,0,0
dram,readwrite,473,287,223,0,222,244,0,0,0,0
dram,readwrite,474,255,274,0,254,195,0,0,0,0
dram,readwrite,475,266,184,0,213,159,0,0,0,0
dram,readwrite,476,228,178,0,176,159,0,0,0,0
dram,readwrite,477,239,179,0,179,159,0,0,0,0
dram,readwrite,478,251,181,0,181,159,0,0,0,0
dram,readwrite,479,192,181,0,198,157,0,0,0,0
dram,readwrite,480,287,183,0,177,159,0,0,0,0
dram,readwrite,481,197,197,0,201,159,0,0,0,0
dram,readwrite,482,210,183,0,180,157,0,0,0,0
dram,readwrite,483,216,177,0,177,157,0,0,0,0
dram,readwrite,484,206,190,0,198,159,0,0,0,0
dram,readwrite,485,206,183,0,203,159,0,0,0,0
dram,readwrite,486,15897,178,0,182,159,0,0,0,0
dram,readwrite,487,204,201,0,199,158,0,0,0,0
dram,readwrite,488,211,167,0,177,159,0,0,0,0
dram,readwrite,489,349,179,0,177,159,0,0,0,0
dram,readwrite,490,211,179,0,176,157,0,0,0,0
dram,readwrite,491,374,179,0,183,159,0,0,0,0
dram,readwrite,492,207,177,0,187,160,0,0,0,0
dram,readwrite,493,206,179,0,184,160,0,0,0,0
dram,readwrite,494,188,177,0,183,158,0,0,0,0
dram,readwrite,495,206,178,0,180,158,0,0,0,0
dram,readwrite,496,207,180,0,178,159,0,0,0,0
dram,readwrite,497,270,218,0,244,216,0,0,0,0
dram,readwrite,498,265,185,0,196,160,0,0,0,0
dram,readwrite,499,241,178,0,201,168,0,0,0,0
dram,readwrite,500,225,180,0,184,167,0,0,0,0
dram,readwrite,501,191,184,0,180,160,0,0,0,0
dram,readwrite,502,189,179,0,177,159,0,0,0,0
dram,readwrite,503,205,175,0,178,158,0,0,0,0
dram,readwrite,504,209,184,0,181,158,0,0,0,0
dram,readwrite,505,194,179,0,198,158,0,0,0,0
dram,readwrite,506,230,175,0,182,158,0,0,0,0
dram,readwrite,507,206,178,0,201,161,0,0,0,0
dram,readwrite,508,197,176,0,177,159,0,0,0,0
dram,readwrite,509,205,200,0,200,161,0,0,0,0
dram,readwrite,510,207,202,0,198,159,0,0,0,0
dram,readwrite,511,327,253,0,202,211,0,0,0,0
dram,readwrite,512,310,287,0,250,226,0,0,0,0
dram,readwrite,513,425,214,0,205,195,0,0,0,0
dram,readwrite,514,283,176,0,184,169,0,0,0,0
dram,readwrite,515,241,190,0,181,167,0,0,0,0
dram,readwrite,516,201,178,0,182,159,0,0,0,0
dram,readwrite,517,355,259,0,270,218,0,0,0,0
dram,readwrite,518,324,264,0,274,211,0,0,0,0
dram,readwrite,519,253,186,0,182,160,0,0,0,0
dram,readwrite,520,203,180,0,180,159,0,0,0,0
dram,readwrite,521,187,200,0,198,160,0,0,0,0
dram,readwrite,522,275,219,0,202,207,0,0,0,0
dram,readwrite,523,227,180,0,181,159,0,0,0,0
dram,readwrite,524,290,179,0,183,160,0,0,0,0
dram,readwrite,525,208,172,0,181,158,0,0,0,0
dram,readwrite,526,206,174,0,183,159,0,0,0,0
dram,readwrite,527,298,178,0,203,159,0,0,0,0
dram,readwrite,528,282,184,0,200,158,0,0,0,0
dram,readwrite,529,251,183,0,181,160,0,0,0,0
dram,readwrite,530,225,174,0,178,159,0,0,0,0
dram,readwrite,531,198,178,0,183,161,0,0,0,0
dram,readwrite,532,1022,336,0,248,222,0,0,0,0
dram,readwrite,533,273,239,0,246,221,0,0,0,0
dram,readwrite,534,280,199,0,226,218,0,0,0,0
dram,readwrite,535,339,250,0,219,239,0,0,0,0
dram,readwrite,536,317,194,0,230,173,0,0,0,0
dram,readwrite,537,254,217,0,245,172,0,0,0,0
dram,readwrite,538,242,170,0,179,158,0,0,0,0
dram,readwrite,539,210,177,0,180,158,0,0,0,0
dram,readwrite,540,230,178,0,176,160,0,0,0,0
dram,readwrite,541,210,163,0,176,159,0,0,0,0
dram,readwrite,542,223,180,0,179,160,0,0,0,0
dram,readwrite,543,240,202,0,195,160,0,0,0,0
dram,readwrite,544,202,180,0,179,160,0,0,0,0
dram,readwrite,545,189,178,0,177,159,0,0,0,0
dram,readwrite,546,206,176,0,181,157,0,0,0,0
dram,readwrite,547,203,180,0,177,159,0,0,0,0
dram,readwrite,548,204,178,0,175,159,0,0,0,0
dram,readwrite,549,203,178,0,177,159,0,0,0,0
dram,readwrite,550,202,179,0,175,160,0,0,0,0
dram,readwrite,551,195,180,0,179,158,0,0,0,0
dram,readwrite,552,207,178,0,172,158,0,0,0,0
dram,readwrite,553,208,178,0,179,159,0,0,0,0
dram,readwrite,554,205,179,0,178,160,0,0,0,0
dram,readwrite,555,205,178,0,179,161,0,0,0,0
dram,readwrite,556,205,179,0,176,159,0,0,0,0
dram,readwrite,557,225,176,0,178,161,0,0,0,0
dram,readwrite,558,194,177,0,179,158,0,0,0,0
dram,readwrite,559,197,179,0,173,160,0,0,0,0
dram,readwrite,560,203,175,0,179,158,0,0,0,0
dram,readwrite,561,211,177,0,173,158,0,0,0,0
dram,readwrite,562,232,171,0,178,160,0,0,0,0
dram,readwrite,563,206,177,0,179,158,0,0,0,0
dram,readwrite,564,207,174,0,180,160,0,0,0,0
dram,readwrite,565,201,179,0,179,160,0,0,0,0
dram,readwrite,566,207,177,0,180,157,0,0,0,0
dram,readwrite,567,205,177,0,177,160,0,0,0,0
dram,readwrite,568,206,177,0,178,161,0,0,0,0
dram,readwrite,569,208,179,0,179,160,0,0,0,0
dram,readwrite,570,210,179,0,177,159,0,0,0,0
dram,readwrite,571,207,179,0,180,161,0,0,0,0
dram,readwrite,572,185,177,0,177,160,0,0,0,0
dram,readwrite,573,203,178,0,178,161,0,0,0,0
dram,readwrite,574,218,200,0,200,158,0,0,0,0
dram,readwrite,575,200,180,0,171,158,0,0,0,0
dram,readwrite,576,225,181,0,177,159,0,0,0,0
dram,readwrite,577,212,177,0,201,158,0,0,0,0
dram,readwrite,578,203,178,0,178,159,0,0,0,0
dram,readwrite,579,204,177,0,178,160,0,0,0,0
dram,readwrite,580,210,163,0,177,158,0,0,0,0
dram,readwrite,581,207,178,0,178,160,0,0,0,0
dram,readwrite,582,200,177,0,172,157,0,0,0,0
dram,readwrite,583,211,181,0,178,159,0,0,0,0
dram,readwrite,584,231,454,0,178,158,0,0,0,0
dram,readwrite,585,247,175,0,196,160,0,0,0,0
dram,readwrite,586,202,174,0,198,157,0,0,0,0
dram,readwrite,587,209,173,0,176,158,0,0,0,0
dram,readwrite,588,201,178,0,172,157,0,0,0,0
dram,readwrite,589,207,173,0,178,158,0,0,0,0
dram,readwrite,590,193,179,0,181,158,0,0,0,0
dram,readwrite,591,208,179,0,173,159,0,0,0,0
dram,readwrite,592,210,182,0,178,158,0,0,0,0
dram,readwrite,593,214,174,0,176,158,0,0,0,0
dram,readwrite,594,207,175,0,179,158,0,0,0,0
dram,readwrite,595,204,174,0,177,157,0,0,0,0
dram,readwrite,596,207,173,0,179,158,0,0,0,0
dram,readwrite,597,204,175,0,173,158,0,0,0,0
dram,readwrite,598,202,178,0,177,160,0,0,0,0
dram,readwrite,599,202,174,0,165,159,0,0,0,0
dram,readwrite,600,208,174,0,176,159,0,0,0,0
dram,readwrite,601,227,157,0,184,159,0,0,0,0
dram,readwrite,602,224,178,0,178,159,0,0,0,0
dram,readwrite,603,211,178,0,176,158,0,0,0,0
dram,readwrite,604,214,170,0,172,159,0,0,0,0
dram,readwrite,605,230,173,0,171,159,0,0,0,0
dram,readwrite,606,191,179,0,178,159,0,0,0,0
dram,readwrite,607,208,171,0,199,160,0,0,0,0
dram,readwrite,608,188,174,0,175,157,0,0,0,0
dram,readwrite,609,212,178,0,178,158,0,0,0,0
dram,readwrite,610,209,174,0,178,158,0,0,0,0
dram,readwrite,611,205,156,0,176,157,0,0,0,0
dram,readwrite,612,202,176,0,177,158,0,0,0,0
dram,readwrite,613,188,182,0,173,159,0,0,0,0
dram,readwrite,614,208,171,0,172,159,0,0,0,0
dram,readwrite,615,202,174,0,172,159,0,0,0,0
dram,readwrite,616,207,174,0,178,159,0,0,0,0
dram,readwrite,617,204,177,0,172,159,0,0,0,0
dram,readwrite,618,207,174,0,178,158,0,0,0,0
dram,readwrite,619,227,176,0,195,160,0,0,0,0
dram,readwrite,620,206,173,0,178,160,0,0,0,0
dram,readwrite,621,205,178,0,177,160,0,0,0,0
dram,readwrite,622,185,177,0,178,158,0,0,0,0
dram,readwrite,623,204,175,0,176,157,0,0,0,0
dram,readwrite,624,207,175,0,177,159,0,0,0,0
dram,readwrite,625,214,175,0,177,158,0,0,0,0
dram,readwrite,626,205,171,0,176,158,0,0,0,0
dram,readwrite,627,206,174,0,171,159,0,0,0,0
dram,readwrite,628,263,175,0,172,156,0,0,0,0
dram,readwrite,629,290,186,0,210,168,0,0,0,0
dram,readwrite,630,241,172,0,176,160,0,0,0,0
dram,readwrite,631,316,188,0,174,160,0,0,0,0
dram,readwrite,632,421,174,0,180,161,0,0,0,0
dram,readwrite,633,185,180,0,179,161,0,0,0,0
dram,readwrite,634,315,263,0,242,194,0,0,0,0
dram,readwrite,635,228,173,0,175,160,0,0,0,0
dram,readwrite,636,278,171,0,175,160,0,0,0,0
dram,readwrite,637,678,193,0,225,165,0,0,0,0
dram,readwrite,638,250,174,0,178,159,0,0,0,0
dram,readwrite,639,228,179,0,176,158,0,0,0,0
dram,readwrite,640,226,197,0,180,160,0,0,0,0
dram,readwrite,641,242,176,0,200,158,0,0,0,0
dram,readwrite,642,226,177,0,175,158,0,0,0,0
dram,readwrite,643,202,172,0,172,159,0,0,0,0
dram,readwrite,644,225,177,0,175,158,0,0,0,0
dram,readwrite,645,216,177,0,180,158,0,0,0,0
dram,readwrite,646,201,171,0,179,160,0,0,0,0
dram,readwrite,647,202,220,0,235,193,0,0,0,0
dram,readwrite,648,227,181,0,179,160,0,0,0,0
dram,readwrite,649,230,177,0,179,160,0,0,0,0
dram,readwrite,650,232,178,0,178,158,0,0,0,0
dram,readwrite,651,208,179,0,180,159,0,0,0,0
dram,readwrite,652,317,178,0,179,160,0,0,0,0
dram,readwrite,653,226,178,0,179,159,0,0,0,0
dram,readwrite,654,223,163,0,181,160,0,0,0,0
dram,readwrite,655,231,178,0,177,158,0,0,0,0
dram,readwrite,656,207,177,0,180,159,0,0,0,0
dram,readwrite,657,343,218,0,214,173,0,0,0,0
dram,readwrite,658,238,205,0,209,170,0,0,0,0
dram,readwrite,659,412,202,0,209,170,0,0,0,0
dram,readwrite,660,243,181,0,176,158,0,0,0,0
dram,readwrite,661,235,179,0,178,159,0,0,0,0
dram,readwrite,662,226,193,0,178,158,0,0,0,0
dram,readwrite,663,210,177,0,177,161,0,0,0,0
dram,readwrite,664,204,178,0,177,160,0,0,0,0
dram,readwrite,665,268,178,0,178,161,0,0,0,0
dram,readwrite,666,229,178,0,179,159,0,0,0,0
dram,readwrite,667,218,182,0,178,157,0,0,0,0
dram,readwrite,668,210,182,0,173,161,0,0,0,0
dram,readwrite,669,202,181,0,175,159,0,0,0,0
dram,readwrite,670,206,177,0,174,160,0,0,0,0
dram,readwrite,671,206,177,0,176,162,0,0,0,0
dram,readwrite,672,337,240,0,231,224,0,0,0,0
dram,readwrite,673,381,261,0,230,217,0,0,0,0
dram,readwrite,674,296,174,0,179,158,0,0,0,0
dram,readwrite,675,273,174,0,200,158,0,0,0,0
dram,readwrite,676,245,174,0,183,159,0,0,0,0
dram,readwrite,677,370,234,0,270,221,0,0,0,0
dram,readwrite,678,332,244,0,263,215,0,0,0,0
dram,readwrite,679,225,174,0,178,158,0,0,0,0
dram,readwrite,680,205,177,0,177,158,0,0,0,0
dram,readwrite,681,206,177,0,179,158,0,0,0,0
dram,readwrite,682,204,178,0,171,161,0,0,0,0
dram,readwrite,683,203,177,0,172,159,0,0,0,0
dram,readwrite,684,206,176,0,177,158,0,0,0,0
dram,readwrite,685,206,173,0,173,157,0,0,0,0
dram,readwrite,686,208,178,0,178,159,0,0,0,0
dram,readwrite,687,205,174,0,172,159,0,0,0,0
dram,readwrite,688,213,178,0,181,159,0,0,0,0
dram,readwrite,689,210,178,0,173,159,0,0,0,0
dram,readwrite,690,208,160,0,176,158,0,0,0,0
dram,readwrite,691,203,163,0,177,158,0,0,0,0
dram,readwrite,692,215,177,0,175,158,0,0,0,0
dram,readwrite,693,208,179,0,172,160,0,0,0,0
dram,readwrite,694,330,175,0,172,158,0,0,0,0
dram,readwrite,695,186,178,0,177,159,0,0,0,0
dram,readwrite,696,204,174,0,177,158,0,0,0,0
dram,readwrite,697,208,171,0,176,158,0,0,0,0
dram,readwrite,698,231,180,0,178,158,0,0,0,0
dram,readwrite,699,205,173,0,179,159,0,0,0,0
dram,readwrite,700,204,178,0,171,162,0,0,0,0
dram,readwrite,701,229,183,0,173,158,0,0,0,0
dram,readwrite,702,204,177,0,183,158,0,0,0,0
dram,readwrite,703,259,174,0,199,159,0,0,0,0
dram,readwrite,704,206,173,0,178,158,0,0,0,0
dram,readwrite,705,230,171,0,178,159,0,0,0,0
dram,readwrite,706,206,174,0,178,159,0,0,0,0
dram,readwrite,707,205,182,0,178,159,0,0,0,0
dram,readwrite,708,208,175,0,177,157,0,0,0,0
dram,readwrite,709,223,181,0,178,159,0,0,0,0
dram,readwrite,710,211,181,0,176,157,0,0,0,0
dram,readwrite,711,205,180,0,180,157,0,0,0,0
dram,readwrite,712,214,181,0,268,157,0,0,0,0
dram,readwrite,713,209,174,0,177,158,0,0,0,0
dram,readwrite,714,212,182,0,178,159,0,0,0,0
dram,readwrite,715,206,182,0,178,159,0,0,0,0
dram,readwrite,716,228,181,0,171,161,0,0,0,0
dram,readwrite,717,208,178,0,177,158,0,0,0,0
dram,readwrite,718,205,178,0,176,158,0,0,0,0
dram,readwrite,719,224,177,0,178,159,0,0,0,0
dram,readwrite,720,209,177,0,178,158,0,0,0,0
dram,readwrite,721,223,177,0,181,159,0,0,0,0
dram,readwrite,722,198,179,0,178,158,0,0,0,0
dram,readwrite,723,222,164,0,177,158,0,0,0,0
dram,readwrite,724,208,179,0,176,159,0,0,0,0
dram,readwrite,725,203,176,0,173,161,0,0,0,0
dram,readwrite,726,213,178,0,178,158,0,0,0,0
dram,readwrite,727,195,178,0,177,158,0,0,0,0
dram,readwrite,728,224,178,0,172,160,0,0,0,0
dram,readwrite,729,217,167,0,173,158,0,0,0,0
dram,readwrite,730,200,175,0,177,159,0,0,0,0
dram,readwrite,731,207,174,0,172,160,0,0,0,0
dram,readwrite,732,185,178,0,176,157,0,0,0,0
dram,readwrite,733,206,173,0,172,158,0,0,0,0
dram,readwrite,734,207,162,0,174,161,0,0,0,0
dram,readwrite,735,203,175,0,179,160,0,0,0,0
dram,readwrite,736,209,180,0,177,158,0,0,0,0
dram,readwrite,737,231,176,0,177,158,0,0,0,0
dram,readwrite,738,209,177,0,177,158,0,0,0,0
dram,readwrite,739,203,177,0,171,160,0,0,0,0
dram,readwrite,740,208,179,0,172,158,0,0,0,0
dram,readwrite,741,498,185,0,214,166,0,0,0,0
dram,readwrite,742,237,184,0,178,159,0,0,0,0
dram,readwrite,743,208,174,0,197,161,0,0,0,0
dram,readwrite,744,204,174,0,192,157,0,0,0,0
dram,readwrite,745,229,169,0,175,157,0,0,0,0
dram,readwrite,746,205,230,0,171,160,0,0,0,0
dram,readwrite,747,229,175,0,178,160,0,0,0,0
dram,readwrite,748,205,177,0,181,160,0,0,0,0
dram,readwrite,749,330,171,0,172,157,0,0,0,0
dram,readwrite,750,200,175,0,171,161,0,0,0,0
dram,readwrite,751,229,173,0,171,159,0,0,0,0
dram,readwrite,752,206,170,0,173,158,0,0,0,0
dram,readwrite,753,215,223,0,207,180,0,0,0,0
dram,readwrite,754,211,172,0,173,158,0,0,0,0
dram,readwrite,755,206,173,0,173,158,0,0,0,0
dram,readwrite,756,239,175,0,172,157,0,0,0,0
dram,readwrite,757,204,177,0,235,219,0,0,0,0
dram,readwrite,758,232,177,0,179,158,0,0,0,0
dram,readwrite,759,347,170,0,172,158,0,0,0,0
dram,readwrite,760,234,171,0,176,160,0,0,0,0
dram,readwrite,761,202,174,0,172,157,0,0,0,0
dram,readwrite,762,232,174,0,177,158,0,0,0,0
dram,readwrite,763,203,175,0,173,158,0,0,0,0
dram,readwrite,764,193,175,0,172,158,0,0,0,0
dram,readwrite,765,198,175,0,176,158,0,0,0,0
dram,readwrite,766,205,174,0,172,159,0,0,0,0
dram,readwrite,767,196,177,0,176,161,0,0,0,0
dram,readwrite,768,340,171,0,171,158,0,0,0,0
dram,readwrite,769,211,170,0,176,158,0,0,0,0
dram,readwrite,770,199,174,0,172,157,0,0,0,0
dram,readwrite,771,219,176,0,176,158,0,0,0,0
dram,readwrite,772,213,174,0,172,158,0,0,0,0
dram,readwrite,773,206,173,0,171,160,0,0,0,0
dram,readwrite,774,229,174,0,229,158,0,0,0,0
dram,readwrite,775,207,174,0,172,157,0,0,0,0
dram,readwrite,776,204,176,0,177,157,0,0,0,0
dram,readwrite,777,205,173,0,176,157,0,0,0,0
dram,readwrite,778,196,172,0,175,158,0,0,0,0
dram,readwrite,779,231,170,0,172,158,0,0,0,0
dram,readwrite,780,200,170,0,173,158,0,0,0,0
dram,readwrite,781,226,174,0,192,159,0,0,0,0
dram,readwrite,782,203,171,0,177,157,0,0,0,0
dram,readwrite,783,230,176,0,192,157,0,0,0,0
dram,readwrite,784,214,171,0,200,158,0,0,0,0
dram,readwrite,785,211,172,0,214,187,0,0,0,0
dram,readwrite,786,202,171,0,178,159,0,0,0,0
dram,readwrite,787,205,185,0,236,232,0,0,0,0
dram,readwrite,788,211,175,0,182,159,0,0,0,0
dram,readwrite,789,232,172,0,177,158,0,0,0,0
dram,readwrite,790,209,174,0,175,160,0,0,0,0
dram,readwrite,791,188,171,0,180,161,0,0,0,0
dram,readwrite,792,208,171,0,178,160,0,0,0,0
dram,readwrite,793,208,174,0,180,160,0,0,0,0
dram,readwrite,794,192,174,0,179,161,0,0,0,0
dram,readwrite,795,194,174,0,179,161,0,0,0,0
dram,readwrite,796,207,176,0,180,160,0,0,0,0
dram,readwrite,797,205,174,0,176,160,0,0,0,0
dram,readwrite,798,204,174,0,178,161,0,0,0,0
dram,readwrite,799,204,173,0,180,161,0,0,0,0
dram,readwrite,800,191,173,0,180,161,0,0,0,0
dram,readwrite,801,192,174,0,198,160,0,0,0,0
dram,readwrite,802,213,174,0,177,161,0,0,0,0
dram,readwrite,803,210,172,0,177,156,0,0,0,0
dram,readwrite,804,202,171,0,175,160,0,0,0,0
dram,readwrite,805,212,171,0,242,200,0,0,0,0
dram,readwrite,806,208,175,0,172,158,0,0,0,0
dram,readwrite,807,206,173,0,173,158,0,0,0,0
dram,readwrite,808,194,175,0,172,159,0,0,0,0
dram,readwrite,809,239,177,0,179,159,0,0,0,0
dram,readwrite,810,200,174,0,173,160,0,0,0,0
dram,readwrite,811,296,177,0,182,164,0,0,0,0
dram,readwrite,812,606,200,0,217,209,0,0,0,0
dram,readwrite,813,229,170,0,176,159,0,0,0,0
dram,readwrite,814,199,171,0,172,158,0,0,0,0
dram,readwrite,815,196,174,0,177,160,0,0,0,0
dram,readwrite,816,262,177,0,174,158,0,0,0,0
dram,readwrite,817,230,171,0,173,158,0,0,0,0
dram,readwrite,818,210,174,0,173,156,0,0,0,0
dram,readwrite,819,186,174,0,176,160,0,0,0,0
dram,readwrite,820,198,170,0,173,158,0,0,0,0
dram,readwrite,821,206,175,0,173,157,0,0,0,0
dram,readwrite,822,210,173,0,175,158,0,0,0,0
dram,readwrite,823,202,172,0,172,157,0,0,0,0
dram,readwrite,824,363,171,0,175,158,0,0,0,0
dram,readwrite,825,211,173,0,176,160,0,0,0,0
dram,readwrite,826,205,174,0,180,158,0,0,0,0
dram,readwrite,827,191,171,0,179,161,0,0,0,0
dram,readwrite,828,206,171,0,173,161,0,0,0,0
dram,readwrite,829,316,207,0,226,172,0,0,0,0
dram,readwrite,830,289,191,0,178,158,0,0,0,0
dram,readwrite,831,206,206,0,216,186,0,0,0,0
dram,readwrite,832,238,177,0,172,158,0,0,0,0
dram,readwrite,833,244,170,0,180,161,0,0,0,0
dram,readwrite,834,224,175,0,172,158,0,0,0,0
dram,readwrite,835,212,171,0,178,161,0,0,0,0
dram,readwrite,836,218,170,0,172,160,0,0,0,0
dram,readwrite,837,209,173,0,177,161,0,0,0,0
dram,readwrite,838,220,174,0,172,161,0,0,0,0
dram,readwrite,839,248,175,0,176,159,0,0,0,0
dram,readwrite,840,225,174,0,171,156,0,0,0,0
dram,readwrite,841,229,176,0,172,158,0,0,0,0
dram,readwrite,842,229,175,0,172,161,0,0,0,0
dram,readwrite,843,212,172,0,177,159,0,0,0,0
dram,readwrite,844,201,173,0,172,161,0,0,0,0
dram,readwrite,845,948,287,0,256,244,0,0,0,0
dram,readwrite,846,298,230,0,238,205,0,0,0,0
dram,readwrite,847,313,257,0,240,213,0,0,0,0
dram,readwrite,848,261,238,0,228,214,0,0,0,0
dram,readwrite,849,300,238,0,243,225,0,0,0,0
dram,readwrite,850,284,237,0,235,214,0,0,0,0
dram,readwrite,851,285,234,0,223,199,0,0,0,0
dram,readwrite,852,280,237,0,235,220,0,0,0,0
dram,readwrite,853,300,234,0,249,213,0,0,0,0
dram,readwrite,854,288,244,0,234,218,0,0,0,0
dram,readwrite,855,288,232,0,241,198,0,0,0,0
dram,readwrite,856,280,235,0,237,218,0,0,0,0
dram,readwrite,857,287,239,0,228,216,0,0,0,0
dram,readwrite,858,266,236,0,233,217,0,0,0,0
dram,readwrite,859,281,249,0,232,233,0,0,0,0
dram,readwrite,860,278,306,0,211,215,0,0,0,0
dram,readwrite,861,280,235,0,226,223,0,0,0,0
dram,readwrite,862,293,250,0,227,173,0,0,0,0
dram,readwrite,863,287,240,0,238,216,0,0,0,0
dram,readwrite,864,262,235,0,217,200,0,0,0,0
dram,readwrite,865,262,240,0,241,212,0,0,0,0
dram,readwrite,866,285,227,0,230,212,0,0,0,0
dram,readwrite,867,300,219,0,241,208,0,0,0,0
dram,readwrite,868,278,243,0,224,190,0,0,0,0
dram,readwrite,869,279,237,0,238,206,0,0,0,0
dram,readwrite,870,306,196,0,233,207,0,0,0,0
dram,readwrite,871,288,234,0,238,217,0,0,0,0
dram,readwrite,872,292,232,0,235,217,0,0,0,0
dram,readwrite,873,259,234,0,237,214,0,0,0,0
dram,readwrite,874,278,231,0,225,219,0,0,0,0
dram,readwrite,875,293,249,0,239,222,0,0,0,0
dram,readwrite,876,281,244,0,250,180,0,0,0,0
dram,readwrite,877,271,201,0,210,200,0,0,0,0
dram,readwrite,878,282,224,0,239,229,0,0,0,0
dram,readwrite,879,304,242,0,237,223,0,0,0,0
dram,readwrite,880,278,244,0,231,215,0,0,0,0
dram,readwrite,881,310,241,0,235,220,0,0,0,0
dram,readwrite,882,277,234,0,243,215,0,0,0,0
dram,readwrite,883,276,229,0,253,187,0,0,0,0
dram,readwrite,884,282,239,0,241,223,0,0,0,0
dram,readwrite,885,281,203,0,249,204,0,0,0,0
dram,readwrite,886,291,241,0,238,205,0,0,0,0
dram,readwrite,887,472,242,0,237,217,0,0,0,0
dram,readwrite,888,304,231,0,233,218,0,0,0,0
dram,readwrite,889,282,231,0,234,214,0,0,0,0
dram,readwrite,890,260,241,0,248,210,0,0,0,0
dram,readwrite,891,266,237,0,225,218,0,0,0,0
dram,readwrite,892,285,242,0,236,203,0,0,0,0
dram,readwrite,893,258,234,0,244,212,0,0,0,0
dram,readwrite,894,263,242,0,236,212,0,0,0,0
dram,readwrite,895,276,226,0,229,216,0,0,0,0
dram,readwrite,896,268,217,0,254,204,0,0,0,0
dram,readwrite,897,286,221,0,198,205,0,0,0,0
dram,readwrite,898,250,196,0,252,195,0,0,0,0
dram,readwrite,899,279,243,0,232,215,0,0,0,0
dram,readwrite,900,314,231,0,233,214,0,0,0,0
dram,readwrite,901,271,228,0,230,221,0,0,0,0
dram,readwrite,902,262,262,0,239,213,0,0,0,0
dram,readwrite,903,268,244,0,234,221,0,0,0,0
dram,readwrite,904,242,224,0,253,225,0,0,0,0
dram,readwrite,905,272,241,0,214,201,0,0,0,0
dram,readwrite,906,258,231,0,231,220,0,0,0,0
dram,readwrite,907,297,261,0,234,217,0,0,0,0
dram,readwrite,908,285,237,0,236,202,0,0,0,0
dram,readwrite,909,266,226,0,225,229,0,0,0,0
dram,readwrite,910,288,234,0,227,215,0,0,0,0
dram,readwrite,911,287,241,0,243,213,0,0,0,0
dram,readwrite,912,295,229,0,228,214,0,0,0,0
dram,readwrite,913,283,230,0,239,210,0,0,0,0
dram,readwrite,914,281,228,0,248,207,0,0,0,0
dram,readwrite,915,301,203,0,232,206,0,0,0,0
dram,readwrite,916,276,239,0,238,212,0,0,0,0
dram,readwrite,917,304,236,0,244,224,0,0,0,0
dram,readwrite,918,299,225,0,224,206,0,0,0,0
dram,readwrite,919,420,201,0,241,213,0,0,0,0
dram,readwrite,920,278,244,0,227,210,0,0,0,0
dram,readwrite,921,276,229,0,237,216,0,0,0,0
dram,readwrite,922,279,256,0,221,212,0,0,0,0
dram,readwrite,923,285,200,0,249,227,0,0,0,0
dram,readwrite,924,534,209,0,233,166,0,0,0,0
dram,readwrite,925,235,173,0,157,158,0,0,0,0
dram,readwrite,926,220,170,0,178,160,0,0,0,0
dram,readwrite,927,232,160,0,156,159,0,0,0,0
dram,readwrite,928,288,174,0,163,160,0,0,0,0
dram,readwrite,929,219,163,0,161,160,0,0,0,0
dram,readwrite,930,405,170,0,158,158,0,0,0,0
dram,readwrite,931,427,204,0,185,178,0,0,0,0
dram,readwrite,932,325,242,0,162,158,0,0,0,0
dram,readwrite,933,287,176,0,163,157,0,0,0,0
dram,readwrite,934,626,177,0,195,156,0,0,0,0
dram,readwrite,935,229,170,0,159,160,0,0,0,0
dram,readwrite,936,228,174,0,164,159,0,0,0,0
dram,readwrite,937,194,169,0,162,171,0,0,0,0
dram,readwrite,938,245,171,0,167,169,0,0,0,0
dram,readwrite,939,228,170,0,161,159,0,0,0,0
dram,readwrite,940,205,181,0,164,160,0,0,0,0
dram,readwrite,941,239,173,0,157,159,0,0,0,0
dram,readwrite,942,232,173,0,164,160,0,0,0,0
dram,readwrite,943,228,160,0,163,160,0,0,0,0
dram,readwrite,944,190,174,0,263,158,0,0,0,0
dram,readwrite,945,186,159,0,164,161,0,0,0,0
dram,readwrite,946,227,159,0,157,158,0,0,0,0
dram,readwrite,947,209,155,0,182,159,0,0,0,0
dram,readwrite,948,231,171,0,156,159,0,0,0,0
dram,readwrite,949,230,173,0,162,159,0,0,0,0
dram,readwrite,950,389,204,0,190,171,0,0,0,0
dram,readwrite,951,236,172,0,162,161,0,0,0,0
dram,readwrite,952,771,190,0,213,166,0,0,0,0
dram,readwrite,953,241,179,0,173,158,0,0,0,0
dram,readwrite,954,208,160,0,178,158,0,0,0,0
dram,readwrite,955,183,174,0,178,159,0,0,0,0
dram,readwrite,956,232,176,0,175,159,0,0,0,0
dram,readwrite,957,236,174,0,172,157,0,0,0,0
dram,readwrite,958,228,180,0,178,157,0,0,0,0
dram,readwrite,959,209,171,0,172,159,0,0,0,0
dram,readwrite,960,231,173,0,176,161,0,0,0,0
dram,readwrite,961,250,176,0,206,160,0,0,0,0
dram,readwrite,962,229,173,0,192,158,0,0,0,0
dram,readwrite,963,284,281,0,206,168,0,0,0,0
dram,readwrite,964,219,170,0,173,158,0,0,0,0
dram,readwrite,965,196,175,0,178,160,0,0,0,0
dram,readwrite,966,201,178,0,177,160,0,0,0,0
dram,readwrite,967,201,198,0,197,159,0,0,0,0
dram,readwrite,968,205,176,0,178,162,0,0,0,0
dram,readwrite,969,203,180,0,182,161,0,0,0,0
dram,readwrite,970,373,218,0,251,240,0,0,0,0
dram,readwrite,971,250,175,0,179,159,0,0,0,0
dram,readwrite,972,208,248,0,214,199,0,0,0,0
dram,readwrite,973,237,174,0,172,159,0,0,0,0
dram,readwrite,974,207,178,0,176,158,0,0,0,0
dram,readwrite,975,209,166,0,200,161,0,0,0,0
dram,readwrite,976,261,172,0,196,159,0,0,0,0
dram,readwrite,977,285,186,0,175,157,0,0,0,0
dram,readwrite,978,237,173,0,175,158,0,0,0,0
dram,readwrite,979,231,174,0,179,159,0,0,0,0
dram,readwrite,980,228,170,0,171,160,0,0,0,0
dram,readwrite,981,223,173,0,175,157,0,0,0,0
dram,readwrite,982,228,185,0,174,159,0,0,0,0
dram,readwrite,983,192,193,0,198,161,0,0,0,0
dram,readwrite,984,236,173,0,180,158,0,0,0,0
dram,readwrite,985,205,178,0,176,159,0,0,0,0
dram,readwrite,986,206,175,0,177,160,0,0,0,0
dram,readwrite,987,204,174,0,180,160,0,0,0,0
dram,readwrite,988,227,179,0,196,158,0,0,0,0
dram,readwrite,989,208,175,0,200,160,0,0,0,0
dram,readwrite,990,203,171,0,176,158,0,0,0,0
dram,readwrite,991,203,178,0,178,160,0,0,0,0
dram,readwrite,992,224,173,0,179,159,0,0,0,0
dram,readwrite,993,188,175,0,198,160,0,0,0,0
dram,readwrite,994,245,181,0,181,158,0,0,0,0
dram,readwrite,995,215,172,0,172,158,0,0,0,0
dram,readwrite,996,205,174,0,176,160,0,0,0,0
dram,readwrite,997,234,176,0,176,159,0,0,0,0
dram,readwrite,998,209,174,0,177,158,0,0,0,0
dram,readwrite,999,391,174,0,180,160,0,0,0,0
dram,readrepeat,0,188,213,155,0,0,0,0,0,-999
dram,readrepeat,1,340,172,152,0,0,0,0,0,-999
dram,readrepeat,2,204,174,155,0,0,0,0,0,-999
dram,readrepeat,3,205,174,154,0,0,0,0,0,-999
dram,readrepeat,4,212,233,198,0,0,0,0,0,-999
dram,readrepeat,5,267,230,185,0,0,0,0,0,-999
dram,readrepeat,6,340,175,152,0,0,0,0,0,-999
dram,readrepeat,7,205,169,152,0,0,0,0,0,-999
dram,readrepeat,8,211,174,153,0,0,0,0,0,-999
dram,readrepeat,9,207,175,152,0,0,0,0,0,-999
dram,readrepeat,10,206,173,151,0,0,0,0,0,-999
dram,readrepeat,11,185,175,151,0,0,0,0,0,-999
dram,readrepeat,12,224,174,152,0,0,0,0,0,-999
dram,readrepeat,13,206,174,152,0,0,0,0,0,-999
dram,readrepeat,14,205,177,152,0,0,0,0,0,-999
dram,readrepeat,15,203,171,153,0,0,0,0,0,-999
dram,readrepeat,16,232,175,152,0,0,0,0,0,-999
dram,readrepeat,17,208,173,153,0,0,0,0,0,-999
dram,readrepeat,18,207,174,154,0,0,0,0,0,-999
dram,readrepeat,19,188,174,153,0,0,0,0,0,-999
dram,readrepeat,20,228,177,151,0,0,0,0,0,-999
dram,readrepeat,21,206,174,153,0,0,0,0,0,-999
dram,readrepeat,22,207,174,152,0,0,0,0,0,-999
dram,readrepeat,23,234,171,151,0,0,0,0,0,-999
dram,readrepeat,24,203,176,154,0,0,0,0,0,-999
dram,readrepeat,25,204,176,154,0,0,0,0,0,-999
dram,readrepeat,26,204,174,152,0,0,0,0,0,-999
dram,readrepeat,27,208,173,152,0,0,0,0,0,-999
dram,readrepeat,28,190,172,152,0,0,0,0,0,-999
dram,readrepeat,29,205,174,154,0,0,0,0,0,-999
dram,readrepeat,30,184,174,153,0,0,0,0,0,-999
dram,readrepeat,31,203,175,152,0,0,0,0,0,-999
dram,readrepeat,32,208,174,152,0,0,0,0,0,-999
dram,readrepeat,33,289,179,152,0,0,0,0,0,-999
dram,readrepeat,34,209,173,153,0,0,0,0,0,-999
dram,readrepeat,35,210,176,153,0,0,0,0,0,-999
dram,readrepeat,36,375,175,151,0,0,0,0,0,-999
dram,readrepeat,37,429,181,151,0,0,0,0,0,-999
dram,readrepeat,38,206,176,153,0,0,0,0,0,-999
dram,readrepeat,39,228,175,151,0,0,0,0,0,-999
dram,readrepeat,40,212,173,153,0,0,0,0,0,-999
dram,readrepeat,41,210,175,153,0,0,0,0,0,-999
dram,readrepeat,42,226,177,152,0,0,0,0,0,-999
dram,readrepeat,43,204,171,152,0,0,0,0,0,-999
dram,readrepeat,44,204,172,151,0,0,0,0,0,-999
dram,readrepeat,45,184,170,154,0,0,0,0,0,-999
dram,readrepeat,46,211,173,154,0,0,0,0,0,-999
dram,readrepeat,47,207,175,153,0,0,0,0,0,-999
dram,readrepeat,48,188,170,153,0,0,0,0,0,-999
dram,readrepeat,49,203,173,154,0,0,0,0,0,-999
dram,readrepeat,50,214,173,151,0,0,0,0,0,-999
dram,readrepeat,51,188,174,153,0,0,0,0,0,-999
dram,readrepeat,52,214,173,152,0,0,0,0,0,-999
dram,readrepeat,53,234,173,153,0,0,0,0,0,-999
dram,readrepeat,54,211,173,152,0,0,0,0,0,-999
dram,readrepeat,55,208,180,153,0,0,0,0,0,-999
dram,readrepeat,56,201,172,152,0,0,0,0,0,-999
dram,readrepeat,57,185,174,153,0,0,0,0,0,-999
dram,readrepeat,58,189,172,153,0,0,0,0,0,-999
dram,readrepeat,59,202,174,153,0,0,0,0,0,-999
dram,readrepeat,60,205,174,153,0,0,0,0,0,-999
dram,readrepeat,61,188,176,154,0,0,0,0,0,-999
dram,readrepeat,62,205,175,153,0,0,0,0,0,-999
dram,readrepeat,63,205,173,152,0,0,0,0,0,-999
dram,readrepeat,64,190,173,153,0,0,0,0,0,-999
dram,readrepeat,65,202,175,154,0,0,0,0,0,-999
dram,readrepeat,66,206,175,152,0,0,0,0,0,-999
dram,readrepeat,67,211,170,152,0,0,0,0,0,-999
dram,readrepeat,68,205,174,152,0,0,0,0,0,-999
dram,readrepeat,69,189,173,153,0,0,0,0,0,-999
dram,readrepeat,70,204,173,154,0,0,0,0,0,-999
dram,readrepeat,71,186,173,154,0,0,0,0,0,-999
dram,readrepeat,72,202,173,151,0,0,0,0,0,-999
dram,readrepeat,73,202,174,153,0,0,0,0,0,-999
dram,readrepeat,74,185,175,152,0,0,0,0,0,-999
dram,readrepeat,75,205,173,152,0,0,0,0,0,-999
dram,readrepeat,76,203,175,152,0,0,0,0,0,-999
dram,readrepeat,77,199,171,153,0,0,0,0,0,-999
dram,readrepeat,78,229,173,152,0,0,0,0,0,-999
dram,readrepeat,79,205,173,153,0,0,0,0,0,-999
dram,readrepeat,80,208,169,153,0,0,0,0,0,-999
dram,readrepeat,81,204,174,154,0,0,0,0,0,-999
dram,readrepeat,82,186,174,154,0,0,0,0,0,-999
dram,readrepeat,83,796,181,152,0,0,0,0,0,-999
dram,readrepeat,84,210,166,153,0,0,0,0,0,-999
dram,readrepeat,85,255,155,152,0,0,0,0,0,-999
dram,readrepeat,86,240,166,153,0,0,0,0,0,-999
dram,readrepeat,87,182,179,154,0,0,0,0,0,-999
dram,readrepeat,88,246,166,153,0,0,0,0,0,-999
dram,readrepeat,89,388,159,153,0,0,0,0,0,-999
dram,readrepeat,90,227,159,155,0,0,0,0,0,-999
dram,readrepeat,91,240,159,152,0,0,0,0,0,-999
dram,readrepeat,92,222,155,152,0,0,0,0,0,-999
dram,readrepeat,93,203,162,153,0,0,0,0,0,-999
dram,readrepeat,94,241,157,151,0,0,0,0,0,-999
dram,readrepeat,95,202,158,151,0,0,0,0,0,-999
dram,readrepeat,96,222,159,152,0,0,0,0,0,-999
dram,readrepeat,97,206,180,152,0,0,0,0,0,-999
dram,readrepeat,98,231,159,153,0,0,0,0,0,-999
dram,readrepeat,99,236,156,153,0,0,0,0,0,-999
dram,readrepeat,100,232,159,153,0,0,0,0,0,-999
dram,readrepeat,101,276,174,154,0,0,0,0,0,-999
dram,readrepeat,102,230,154,153,0,0,0,0,0,-999
dram,readrepeat,103,203,158,153,0,0,0,0,0,-999
dram,readrepeat,104,205,168,151,0,0,0,0,0,-999
dram,readrepeat,105,253,158,153,0,0,0,0,0,-999
dram,readrepeat,106,205,167,152,0,0,0,0,0,-999
dram,readrepeat,107,205,159,152,0,0,0,0,0,-999
dram,readrepeat,108,219,159,152,0,0,0,0,0,-999
dram,readrepeat,109,203,166,152,0,0,0,0,0,-999
dram,readrepeat,110,225,179,152,0,0,0,0,0,-999
dram,readrepeat,111,203,179,152,0,0,0,0,0,-999
dram,readrepeat,112,202,159,153,0,0,0,0,0,-999
dram,readrepeat,113,199,168,153,0,0,0,0,0,-999
dram,readrepeat,114,203,158,153,0,0,0,0,0,-999
dram,readrepeat,115,207,165,153,0,0,0,0,0,-999
dram,readrepeat,116,244,156,152,0,0,0,0,0,-999
dram,readrepeat,117,233,155,151,0,0,0,0,0,-999
dram,readrepeat,118,425,206,172,0,0,0,0,0,-999
dram,readrepeat,119,517,201,185,0,0,0,0,0,-999
dram,readrepeat,120,546,219,180,0,0,0,0,0,-999
dram,readrepeat,121,316,216,188,0,0,0,0,0,-999
dram,readrepeat,122,499,202,187,0,0,0,0,0,-999
dram,readrepeat,123,263,179,152,0,0,0,0,0,-999
dram,readrepeat,124,269,180,152,0,0,0,0,0,-999
dram,readrepeat,125,202,169,152,0,0,0,0,0,-999
dram,readrepeat,126,232,159,152,0,0,0,0,0,-999
dram,readrepeat,127,244,156,151,0,0,0,0,0,-999
dram,readrepeat,128,204,186,152,0,0,0,0,0,-999
dram,readrepeat,129,202,158,152,0,0,0,0,0,-999
dram,readrepeat,130,225,235,201,0,0,0,0,0,-999
dram,readrepeat,131,285,219,214,0,0,0,0,0,-999
dram,readrepeat,132,232,162,152,0,0,0,0,0,-999
dram,readrepeat,133,227,158,152,0,0,0,0,0,-999
dram,readrepeat,134,231,158,152,0,0,0,0,0,-999
dram,readrepeat,135,203,169,152,0,0,0,0,0,-999
dram,readrepeat,136,222,174,194,0,0,0,0,0,-999
dram,readrepeat,137,237,159,152,0,0,0,0,0,-999
dram,readrepeat,138,206,160,152,0,0,0,0,0,-999
dram,readrepeat,139,563,159,152,0,0,0,0,0,-999
dram,readrepeat,140,200,155,152,0,0,0,0,0,-999
dram,readrepeat,141,264,180,152,0,0,0,0,0,-999
dram,readrepeat,142,222,174,153,0,0,0,0,0,-999
dram,readrepeat,143,204,193,153,0,0,0,0,0,-999
dram,readrepeat,144,227,170,152,0,0,0,0,0,-999
dram,readrepeat,145,204,193,151,0,0,0,0,0,-999
dram,readrepeat,146,204,175,153,0,0,0,0,0,-999
dram,readrepeat,147,201,196,154,0,0,0,0,0,-999
dram,readrepeat,148,204,193,153,0,0,0,0,0,-999
dram,readrepeat,149,202,174,154,0,0,0,0,0,-999
dram,readrepeat,150,207,195,151,0,0,0,0,0,-999
dram,readrepeat,151,203,193,153,0,0,0,0,0,-999
dram,readrepeat,152,205,172,153,0,0,0,0,0,-999
dram,readrepeat,153,223,174,152,0,0,0,0,0,-999
dram,readrepeat,154,204,173,154,0,0,0,0,0,-999
dram,readrepeat,155,201,174,153,0,0,0,0,0,-999
dram,readrepeat,156,204,174,152,0,0,0,0,0,-999
dram,readrepeat,157,203,174,152,0,0,0,0,0,-999
dram,readrepeat,158,200,174,154,0,0,0,0,0,-999
dram,readrepeat,159,204,173,152,0,0,0,0,0,-999
dram,readrepeat,160,201,193,153,0,0,0,0,0,-999
dram,readrepeat,161,186,194,153,0,0,0,0,0,-999
dram,readrepeat,162,203,173,153,0,0,0,0,0,-999
dram,readrepeat,163,231,173,153,0,0,0,0,0,-999
dram,readrepeat,164,203,176,153,0,0,0,0,0,-999
dram,readrepeat,165,203,191,153,0,0,0,0,0,-999
dram,readrepeat,166,206,174,154,0,0,0,0,0,-999
dram,readrepeat,167,204,191,154,0,0,0,0,0,-999
dram,readrepeat,168,205,170,152,0,0,0,0,0,-999
dram,readrepeat,169,202,195,152,0,0,0,0,0,-999
dram,readrepeat,170,204,194,153,0,0,0,0,0,-999
dram,readrepeat,171,204,195,153,0,0,0,0,0,-999
dram,readrepeat,172,200,171,153,0,0,0,0,0,-999
dram,readrepeat,173,206,173,152,0,0,0,0,0,-999
dram,readrepeat,174,210,194,154,0,0,0,0,0,-999
dram,readrepeat,175,202,194,155,0,0,0,0,0,-999
dram,readrepeat,176,184,193,154,0,0,0,0,0,-999
dram,readrepeat,177,220,173,152,0,0,0,0,0,-999
dram,readrepeat,178,201,174,152,0,0,0,0,0,-999
dram,readrepeat,179,208,173,154,0,0,0,0,0,-999
dram,readrepeat,180,205,172,155,0,0,0,0,0,-999
dram,readrepeat,181,940,226,153,0,0,0,0,0,-999
dram,readrepeat,182,436,204,221,0,0,0,0,0,-999
dram,readrepeat,183,321,186,156,0,0,0,0,0,-999
dram,readrepeat,184,294,166,153,0,0,0,0,0,-999
dram,readrepeat,185,253,155,153,0,0,0,0,0,-999
dram,readrepeat,186,205,169,152,0,0,0,0,0,-999
dram,readrepeat,187,206,166,152,0,0,0,0,0,-999
dram,readrepeat,188,204,161,152,0,0,0,0,0,-999
dram,readrepeat,189,234,167,152,0,0,0,0,0,-999
dram,readrepeat,190,287,155,152,0,0,0,0,0,-999
dram,readrepeat,191,203,169,153,0,0,0,0,0,-999
dram,readrepeat,192,203,161,153,0,0,0,0,0,-999
dram,readrepeat,193,228,160,152,0,0,0,0,0,-999
dram,readrepeat,194,228,162,152,0,0,0,0,0,-999
dram,readrepeat,195,279,243,220,0,0,0,0,0,-999
dram,readrepeat,196,271,260,176,0,0,0,0,0,-999
dram,readrepeat,197,459,181,179,0,0,0,0,0,-999
dram,readrepeat,198,389,267,211,0,0,0,0,0,-999
dram,readrepeat,199,359,227,186,0,0,0,0,0,-999
dram,readrepeat,200,322,241,216,0,0,0,0,0,-999
dram,readrepeat,201,268,233,164,0,0,0,0,0,-999
dram,readrepeat,202,269,249,215,0,0,0,0,0,-999
dram,readrepeat,203,275,195,168,0,0,0,0,0,-999
dram,readrepeat,204,277,224,167,0,0,0,0,0,-999
dram,readrepeat,205,267,257,198,0,0,0,0,0,-999
dram,readrepeat,206,276,250,222,0,0,0,0,0,-999
dram,readrepeat,207,372,189,171,0,0,0,0,0,-999
dram,readrepeat,208,241,251,216,0,0,0,0,0,-999
dram,readrepeat,209,224,258,183,0,0,0,0,0,-999
dram,readrepeat,210,271,294,217,0,0,0,0,0,-999
dram,readrepeat,211,241,218,165,0,0,0,0,0,-999
dram,readrepeat,212,230,210,195,0,0,0,0,0,-999
dram,readrepeat,213,276,210,223,0,0,0,0,0,-999
dram,readrepeat,214,271,199,164,0,0,0,0,0,-999
dram,readrepeat,215,242,248,221,0,0,0,0,0,-999
dram,readrepeat,216,256,242,219,0,0,0,0,0,-999
dram,readrepeat,217,396,225,196,0,0,0,0,0,-999
dram,readrepeat,218,252,157,153,0,0,0,0,0,-999
dram,readrepeat,219,229,160,152,0,0,0,0,0,-999
dram,readrepeat,220,204,166,151,0,0,0,0,0,-999
dram,readrepeat,221,226,159,152,0,0,0,0,0,-999
dram,readrepeat,222,205,167,152,0,0,0,0,0,-999
dram,readrepeat,223,203,161,153,0,0,0,0,0,-999
dram,readrepeat,224,201,169,153,0,0,0,0,0,-999
dram,readrepeat,225,238,159,154,0,0,0,0,0,-999
dram,readrepeat,226,204,168,152,0,0,0,0,0,-999
dram,readrepeat,227,231,160,151,0,0,0,0,0,-999
dram,readrepeat,228,212,157,152,0,0,0,0,0,-999
dram,readrepeat,229,210,166,153,0,0,0,0,0,-999
dram,readrepeat,230,215,168,151,0,0,0,0,0,-999
dram,readrepeat,231,204,161,152,0,0,0,0,0,-999
dram,readrepeat,232,226,159,152,0,0,0,0,0,-999
dram,readrepeat,233,212,170,153,0,0,0,0,0,-999
dram,readrepeat,234,212,176,151,0,0,0,0,0,-999
dram,readrepeat,235,208,172,153,0,0,0,0,0,-999
dram,readrepeat,236,209,167,151,0,0,0,0,0,-999
dram,readrepeat,237,213,167,152,0,0,0,0,0,-999
dram,readrepeat,238,204,159,151,0,0,0,0,0,-999
dram,readrepeat,239,185,160,152,0,0,0,0,0,-999
dram,readrepeat,240,212,158,152,0,0,0,0,0,-999
dram,readrepeat,241,215,167,152,0,0,0,0,0,-999
dram,readrepeat,242,207,173,153,0,0,0,0,0,-999
dram,readrepeat,243,320,159,152,0,0,0,0,0,-999
dram,readrepeat,244,209,159,152,0,0,0,0,0,-999
dram,readrepeat,245,236,179,152,0,0,0,0,0,-999
dram,readrepeat,246,214,159,152,0,0,0,0,0,-999
dram,readrepeat,247,204,162,154,0,0,0,0,0,-999
dram,readrepeat,248,204,160,154,0,0,0,0,0,-999
dram,readrepeat,249,187,159,153,0,0,0,0,0,-999
dram,readrepeat,250,202,168,153,0,0,0,0,0,-999
dram,readrepeat,251,204,168,153,0,0,0,0,0,-999
dram,readrepeat,252,186,160,154,0,0,0,0,0,-999
dram,readrepeat,253,229,209,183,0,0,0,0,0,-999
dram,readrepeat,254,202,169,152,0,0,0,0,0,-999
dram,readrepeat,255,206,168,154,0,0,0,0,0,-999
dram,readrepeat,256,205,167,152,0,0,0,0,0,-999
dram,readrepeat,257,219,160,151,0,0,0,0,0,-999
dram,readrepeat,258,206,170,154,0,0,0,0,0,-999
dram,readrepeat,259,206,169,152,0,0,0,0,0,-999
dram,readrepeat,260,200,156,154,0,0,0,0,0,-999
dram,readrepeat,261,189,159,153,0,0,0,0,0,-999
dram,readrepeat,262,202,163,153,0,0,0,0,0,-999
dram,readrepeat,263,203,165,151,0,0,0,0,0,-999
dram,readrepeat,264,208,158,153,0,0,0,0,0,-999
dram,readrepeat,265,200,166,152,0,0,0,0,0,-999
dram,readrepeat,266,193,176,152,0,0,0,0,0,-999
dram,readrepeat,267,202,168,152,0,0,0,0,0,-999
dram,readrepeat,268,188,162,153,0,0,0,0,0,-999
dram,readrepeat,269,187,157,152,0,0,0,0,0,-999
dram,readrepeat,270,201,167,152,0,0,0,0,0,-999
dram,readrepeat,271,209,167,152,0,0,0,0,0,-999
dram,readrepeat,272,206,157,153,0,0,0,0,0,-999
dram,readrepeat,273,201,165,152,0,0,0,0,0,-999
dram,readrepeat,274,204,167,152,0,0,0,0,0,-999
dram,readrepeat,275,204,167,152,0,0,0,0,0,-999
dram,readrepeat,276,203,162,153,0,0,0,0,0,-999
dram,readrepeat,277,191,162,152,0,0,0,0,0,-999
dram,readrepeat,278,205,171,152,0,0,0,0,0,-999
dram,readrepeat,279,185,157,153,0,0,0,0,0,-999
dram,readrepeat,280,258,178,152,0,0,0,0,0,-999
dram,readrepeat,281,564,172,154,0,0,0,0,0,-999
dram,readrepeat,282,218,182,153,0,0,0,0,0,-999
dram,readrepeat,283,258,161,152,0,0,0,0,0,-999
dram,readrepeat,284,204,160,153,0,0,0,0,0,-999
dram,readrepeat,285,226,161,153,0,0,0,0,0,-999
dram,readrepeat,286,207,166,153,0,0,0,0,0,-999
dram,readrepeat,287,183,159,152,0,0,0,0,0,-999
dram,readrepeat,288,226,160,152,0,0,0,0,0,-999
dram,readrepeat,289,204,201,199,0,0,0,0,0,-999
dram,readrepeat,290,206,159,153,0,0,0,0,0,-999
dram,readrepeat,291,236,159,153,0,0,0,0,0,-999
dram,readrepeat,292,327,158,154,0,0,0,0,0,-999
dram,readrepeat,293,222,160,153,0,0,0,0,0,-999
dram,readrepeat,294,204,162,154,0,0,0,0,0,-999
dram,readrepeat,295,233,168,152,0,0,0,0,0,-999
dram,readrepeat,296,202,159,153,0,0,0,0,0,-999
dram,readrepeat,297,205,180,153,0,0,0,0,0,-999
dram,readrepeat,298,205,159,154,0,0,0,0,0,-999
dram,readrepeat,299,199,158,153,0,0,0,0,0,-999
dram,readrepeat,300,204,171,153,0,0,0,0,0,-999
dram,readrepeat,301,231,160,153,0,0,0,0,0,-999
dram,readrepeat,302,208,168,153,0,0,0,0,0,-999
dram,readrepeat,303,222,160,153,0,0,0,0,0,-999
dram,readrepeat,304,206,169,152,0,0,0,0,0,-999
dram,readrepeat,305,202,159,152,0,0,0,0,0,-999
dram,readrepeat,306,203,158,154,0,0,0,0,0,-999
dram,readrepeat,307,229,162,154,0,0,0,0,0,-999
dram,readrepeat,308,202,168,153,0,0,0,0,0,-999
dram,readrepeat,309,208,164,151,0,0,0,0,0,-999
dram,readrepeat,310,185,160,154,0,0,0,0,0,-999
dram,readrepeat,311,196,155,153,0,0,0,0,0,-999
dram,readrepeat,312,206,170,153,0,0,0,0,0,-999
dram,readrepeat,313,204,165,152,0,0,0,0,0,-999
dram,readrepeat,314,208,162,151,0,0,0,0,0,-999
dram,readrepeat,315,207,172,152,0,0,0,0,0,-999
dram,readrepeat,316,203,164,152,0,0,0,0,0,-999
dram,readrepeat,317,214,168,152,0,0,0,0,0,-999
dram,readrepeat,318,237,167,153,0,0,0,0,0,-999
dram,readrepeat,319,205,178,151,0,0,0,0,0,-999
dram,readrepeat,320,208,180,152,0,0,0,0,0,-999
dram,readrepeat,321,221,168,153,0,0,0,0,0,-999
dram,readrepeat,322,211,169,153,0,0,0,0,0,-999
dram,readrepeat,323,206,180,152,0,0,0,0,0,-999
dram,readrepeat,324,206,161,152,0,0,0,0,0,-999
dram,readrepeat,325,201,169,152,0,0,0,0,0,-999
dram,readrepeat,326,208,164,153,0,0,0,0,0,-999
dram,readrepeat,327,208,159,152,0,0,0,0,0,-999
dram,readrepeat,328,241,162,154,0,0,0,0,0,-999
dram,readrepeat,329,235,161,152,0,0,0,0,0,-999
dram,readrepeat,330,203,160,152,0,0,0,0,0,-999
dram,readrepeat,331,268,240,209,0,0,0,0,0,-999
dram,readrepeat,332,241,160,152,0,0,0,0,0,-999
dram,readrepeat,333,191,160,153,0,0,0,0,0,-999
dram,readrepeat,334,212,169,153,0,0,0,0,0,-999
dram,readrepeat,335,202,158,152,0,0,0,0,0,-999
dram,readrepeat,336,203,155,153,0,0,0,0,0,-999
dram,readrepeat,337,224,160,154,0,0,0,0,0,-999
dram,readrepeat,338,357,159,152,0,0,0,0,0,-999
dram,readrepeat,339,204,167,154,0,0,0,0,0,-999
dram,readrepeat,340,203,179,152,0,0,0,0,0,-999
dram,readrepeat,341,201,176,153,0,0,0,0,0,-999
dram,readrepeat,342,206,160,154,0,0,0,0,0,-999
dram,readrepeat,343,322,156,152,0,0,0,0,0,-999
dram,readrepeat,344,238,158,153,0,0,0,0,0,-999
dram,readrepeat,345,273,232,185,0,0,0,0,0,-999
dram,readrepeat,346,203,170,153,0,0,0,0,0,-999
dram,readrepeat,347,188,158,152,0,0,0,0,0,-999
dram,readrepeat,348,210,156,152,0,0,0,0,0,-999
dram,readrepeat,349,202,159,153,0,0,0,0,0,-999
dram,readrepeat,350,211,179,151,0,0,0,0,0,-999
dram,readrepeat,351,204,161,154,0,0,0,0,0,-999
dram,readrepeat,352,244,257,175,0,0,0,0,0,-999
dram,readrepeat,353,200,169,153,0,0,0,0,0,-999
dram,readrepeat,354,211,158,152,0,0,0,0,0,-999
dram,readrepeat,355,210,167,153,0,0,0,0,0,-999
dram,readrepeat,356,203,162,154,0,0,0,0,0,-999
dram,readrepeat,357,203,160,152,0,0,0,0,0,-999
dram,readrepeat,358,216,160,151,0,0,0,0,0,-999
dram,readrepeat,359,187,179,154,0,0,0,0,0,-999
dram,readrepeat,360,317,207,198,0,0,0,0,0,-999
dram,readrepeat,361,252,161,153,0,0,0,0,0,-999
dram,readrepeat,362,205,168,152,0,0,0,0,0,-999
dram,readrepeat,363,244,233,171,0,0,0,0,0,-999
dram,readrepeat,364,362,167,152,0,0,0,0,0,-999
dram,readrepeat,365,266,161,153,0,0,0,0,0,-999
dram,readrepeat,366,229,156,153,0,0,0,0,0,-999
dram,readrepeat,367,233,159,153,0,0,0,0,0,-999
dram,readrepeat,368,206,164,151,0,0,0,0,0,-999
dram,readrepeat,369,203,168,152,0,0,0,0,0,-999
dram,readrepeat,370,207,169,153,0,0,0,0,0,-999
dram,readrepeat,371,216,159,154,0,0,0,0,0,-999
dram,readrepeat,372,508,255,194,0,0,0,0,0,-999
dram,readrepeat,373,374,215,226,0,0,0,0,0,-999
dram,readrepeat,374,341,226,166,0,0,0,0,0,-999
dram,readrepeat,375,371,227,224,0,0,0,0,0,-999
dram,readrepeat,376,373,223,201,0,0,0,0,0,-999
dram,readrepeat,377,270,162,153,0,0,0,0,0,-999
dram,readrepeat,378,230,160,153,0,0,0,0,0,-999
dram,readrepeat,379,620,176,152,0,0,0,0,0,-999
dram,readrepeat,380,234,174,152,0,0,0,0,0,-999
dram,readrepeat,381,221,169,152,0,0,0,0,0,-999
dram,readrepeat,382,233,16318,156,0,0,0,0,0,-999
dram,readrepeat,383,359,264,206,0,0,0,0,0,-999
dram,readrepeat,384,229,168,153,0,0,0,0,0,-999
dram,readrepeat,385,244,190,152,0,0,0,0,0,-999
dram,readrepeat,386,245,164,153,0,0,0,0,0,-999
dram,readrepeat,387,213,176,151,0,0,0,0,0,-999
dram,readrepeat,388,209,172,153,0,0,0,0,0,-999
dram,readrepeat,389,229,179,152,0,0,0,0,0,-999
dram,readrepeat,390,281,169,155,0,0,0,0,0,-999
dram,readrepeat,391,202,169,152,0,0,0,0,0,-999
dram,readrepeat,392,223,169,153,0,0,0,0,0,-999
dram,readrepeat,393,225,190,154,0,0,0,0,0,-999
dram,readrepeat,394,228,168,153,0,0,0,0,0,-999
dram,readrepeat,395,256,174,154,0,0,0,0,0,-999
dram,readrepeat,396,210,169,153,0,0,0,0,0,-999
dram,readrepeat,397,213,169,153,0,0,0,0,0,-999
dram,readrepeat,398,214,211,209,0,0,0,0,0,-999
dram,readrepeat,399,226,170,152,0,0,0,0,0,-999
dram,readrepeat,400,239,192,153,0,0,0,0,0,-999
dram,readrepeat,401,202,173,152,0,0,0,0,0,-999
dram,readrepeat,402,217,167,152,0,0,0,0,0,-999
dram,readrepeat,403,197,169,154,0,0,0,0,0,-999
dram,readrepeat,404,207,172,152,0,0,0,0,0,-999
dram,readrepeat,405,220,169,152,0,0,0,0,0,-999
dram,readrepeat,406,208,169,155,0,0,0,0,0,-999
dram,readrepeat,407,227,186,153,0,0,0,0,0,-999
dram,readrepeat,408,208,168,151,0,0,0,0,0,-999
dram,readrepeat,409,210,173,152,0,0,0,0,0,-999
dram,readrepeat,410,224,164,154,0,0,0,0,0,-999
dram,readrepeat,411,215,172,153,0,0,0,0,0,-999
dram,readrepeat,412,262,171,152,0,0,0,0,0,-999
dram,readrepeat,413,298,168,153,0,0,0,0,0,-999
dram,readrepeat,414,212,168,154,0,0,0,0,0,-999
dram,readrepeat,415,247,221,193,0,0,0,0,0,-999
dram,readrepeat,416,213,167,152,0,0,0,0,0,-999
dram,readrepeat,417,201,169,153,0,0,0,0,0,-999
dram,readrepeat,418,236,168,151,0,0,0,0,0,-999
dram,readrepeat,419,213,172,152,0,0,0,0,0,-999
dram,readrepeat,420,227,170,152,0,0,0,0,0,-999
dram,readrepeat,421,210,171,152,0,0,0,0,0,-999
dram,readrepeat,422,232,165,153,0,0,0,0,0,-999
dram,readrepeat,423,203,171,151,0,0,0,0,0,-999
dram,readrepeat,424,188,170,152,0,0,0,0,0,-999
dram,readrepeat,425,209,227,204,0,0,0,0,0,-999
dram,readrepeat,426,204,169,152,0,0,0,0,0,-999
dram,readrepeat,427,208,167,152,0,0,0,0,0,-999
dram,readrepeat,428,211,169,153,0,0,0,0,0,-999
dram,readrepeat,429,203,168,151,0,0,0,0,0,-999
dram,readrepeat,430,233,171,151,0,0,0,0,0,-999
dram,readrepeat,431,205,172,153,0,0,0,0,0,-999
dram,readrepeat,432,209,168,153,0,0,0,0,0,-999
dram,readrepeat,433,234,256,175,0,0,0,0,0,-999
dram,readrepeat,434,228,172,152,0,0,0,0,0,-999
dram,readrepeat,435,215,171,153,0,0,0,0,0,-999
dram,readrepeat,436,208,170,152,0,0,0,0,0,-999
dram,readrepeat,437,204,262,196,0,0,0,0,0,-999
dram,readrepeat,438,196,170,151,0,0,0,0,0,-999
dram,readrepeat,439,208,177,153,0,0,0,0,0,-999
dram,readrepeat,440,244,165,151,0,0,0,0,0,-999
dram,readrepeat,441,211,169,153,0,0,0,0,0,-999
dram,readrepeat,442,215,169,153,0,0,0,0,0,-999
dram,readrepeat,443,198,173,153,0,0,0,0,0,-999
dram,readrepeat,444,206,165,153,0,0,0,0,0,-999
dram,readrepeat,445,214,165,154,0,0,0,0,0,-999
dram,readrepeat,446,211,172,153,0,0,0,0,0,-999
dram,readrepeat,447,291,226,231,0,0,0,0,0,-999
dram,readrepeat,448,235,169,152,0,0,0,0,0,-999
dram,readrepeat,449,229,168,153,0,0,0,0,0,-999
dram,readrepeat,450,232,169,151,0,0,0,0,0,-999
dram,readrepeat,451,230,175,154,0,0,0,0,0,-999
dram,readrepeat,452,228,167,153,0,0,0,0,0,-999
dram,readrepeat,453,242,176,153,0,0,0,0,0,-999
dram,readrepeat,454,232,169,152,0,0,0,0,0,-999
dram,readrepeat,455,206,169,152,0,0,0,0,0,-999
dram,readrepeat,456,238,168,153,0,0,0,0,0,-999
dram,readrepeat,457,230,229,205,0,0,0,0,0,-999
dram,readrepeat,458,210,177,152,0,0,0,0,0,-999
dram,readrepeat,459,207,177,154,0,0,0,0,0,-999
dram,readrepeat,460,212,179,153,0,0,0,0,0,-999
dram,readrepeat,461,210,182,151,0,0,0,0,0,-999
dram,readrepeat,462,209,195,195,0,0,0,0,0,-999
dram,readrepeat,463,233,236,187,0,0,0,0,0,-999
dram,readrepeat,464,206,181,153,0,0,0,0,0,-999
dram,readrepeat,465,206,182,152,0,0,0,0,0,-999
dram,readrepeat,466,201,165,157,0,0,0,0,0,-999
dram,readrepeat,467,224,169,154,0,0,0,0,0,-999
dram,readrepeat,468,235,168,152,0,0,0,0,0,-999
dram,readrepeat,469,342,176,155,0,0,0,0,0,-999
dram,readrepeat,470,193,168,153,0,0,0,0,0,-999
dram,readrepeat,471,189,172,152,0,0,0,0,0,-999
dram,readrepeat,472,209,171,153,0,0,0,0,0,-999
dram,readrepeat,473,219,168,152,0,0,0,0,0,-999
dram,readrepeat,474,207,172,153,0,0,0,0,0,-999
dram,readrepeat,475,187,168,154,0,0,0,0,0,-999
dram,readrepeat,476,210,168,153,0,0,0,0,0,-999
dram,readrepeat,477,203,169,154,0,0,0,0,0,-999
dram,readrepeat,478,204,169,153,0,0,0,0,0,-999
dram,readrepeat,479,1019,165,153,0,0,0,0,0,-999
dram,readrepeat,480,201,169,153,0,0,0,0,0,-999
dram,readrepeat,481,202,159,152,0,0,0,0,0,-999
dram,readrepeat,482,232,160,152,0,0,0,0,0,-999
dram,readrepeat,483,238,174,152,0,0,0,0,0,-999
dram,readrepeat,484,206,168,153,0,0,0,0,0,-999
dram,readrepeat,485,203,161,152,0,0,0,0,0,-999
dram,readrepeat,486,233,159,152,0,0,0,0,0,-999
dram,readrepeat,487,244,179,152,0,0,0,0,0,-999
dram,readrepeat,488,336,176,152,0,0,0,0,0,-999
dram,readrepeat,489,198,160,151,0,0,0,0,0,-999
dram,readrepeat,490,207,166,152,0,0,0,0,0,-999
dram,readrepeat,491,212,167,152,0,0,0,0,0,-999
dram,readrepeat,492,206,168,153,0,0,0,0,0,-999
dram,readrepeat,493,232,178,153,0,0,0,0,0,-999
dram,readrepeat,494,209,169,152,0,0,0,0,0,-999
dram,readrepeat,495,204,161,153,0,0,0,0,0,-999
dram,readrepeat,496,207,155,152,0,0,0,0,0,-999
dram,readrepeat,497,210,166,153,0,0,0,0,0,-999
dram,readrepeat,498,185,160,152,0,0,0,0,0,-999
dram,readrepeat,499,214,168,153,0,0,0,0,0,-999
dram,readrepeat,500,209,168,152,0,0,0,0,0,-999
dram,readrepeat,501,203,171,154,0,0,0,0,0,-999
dram,readrepeat,502,208,161,153,0,0,0,0,0,-999
dram,readrepeat,503,205,160,157,0,0,0,0,0,-999
dram,readrepeat,504,207,160,151,0,0,0,0,0,-999
dram,readrepeat,505,226,164,152,0,0,0,0,0,-999
dram,readrepeat,506,206,157,153,0,0,0,0,0,-999
dram,readrepeat,507,208,159,152,0,0,0,0,0,-999
dram,readrepeat,508,202,158,152,0,0,0,0,0,-999
dram,readrepeat,509,211,168,152,0,0,0,0,0,-999
dram,readrepeat,510,205,167,153,0,0,0,0,0,-999
dram,readrepeat,511,210,161,151,0,0,0,0,0,-999
dram,readrepeat,512,320,163,153,0,0,0,0,0,-999
dram,readrepeat,513,372,159,153,0,0,0,0,0,-999
dram,readrepeat,514,232,159,151,0,0,0,0,0,-999
dram,readrepeat,515,207,167,152,0,0,0,0,0,-999
dram,readrepeat,516,205,168,154,0,0,0,0,0,-999
dram,readrepeat,517,201,159,152,0,0,0,0,0,-999
dram,readrepeat,518,204,168,152,0,0,0,0,0,-999
dram,readrepeat,519,235,160,156,0,0,0,0,0,-999
dram,readrepeat,520,239,179,152,0,0,0,0,0,-999
dram,readrepeat,521,201,171,152,0,0,0,0,0,-999
dram,readrepeat,522,204,168,152,0,0,0,0,0,-999
dram,readrepeat,523,200,170,154,0,0,0,0,0,-999
dram,readrepeat,524,269,212,184,0,0,0,0,0,-999
dram,readrepeat,525,233,158,152,0,0,0,0,0,-999
dram,readrepeat,526,208,169,152,0,0,0,0,0,-999
dram,readrepeat,527,203,171,154,0,0,0,0,0,-999
dram,readrepeat,528,186,159,152,0,0,0,0,0,-999
dram,readrepeat,529,241,160,152,0,0,0,0,0,-999
dram,readrepeat,530,208,179,152,0,0,0,0,0,-999
dram,readrepeat,531,202,170,152,0,0,0,0,0,-999
dram,readrepeat,532,203,169,152,0,0,0,0,0,-999
dram,readrepeat,533,499,160,153,0,0,0,0,0,-999
dram,readrepeat,534,208,166,152,0,0,0,0,0,-999
dram,readrepeat,535,225,159,152,0,0,0,0,0,-999
dram,readrepeat,536,204,160,152,0,0,0,0,0,-999
dram,readrepeat,537,235,157,151,0,0,0,0,0,-999
dram,readrepeat,538,235,157,152,0,0,0,0,0,-999
dram,readrepeat,539,228,161,153,0,0,0,0,0,-999
dram,readrepeat,540,240,159,152,0,0,0,0,0,-999
dram,readrepeat,541,230,160,152,0,0,0,0,0,-999
dram,readrepeat,542,558,181,152,0,0,0,0,0,-999
dram,readrepeat,543,208,168,152,0,0,0,0,0,-999
dram,readrepeat,544,241,163,152,0,0,0,0,0,-999
dram,readrepeat,545,204,168,151,0,0,0,0,0,-999
dram,readrepeat,546,234,158,152,0,0,0,0,0,-999
dram,readrepeat,547,213,170,152,0,0,0,0,0,-999
dram,readrepeat,548,202,171,155,0,0,0,0,0,-999
dram,readrepeat,549,205,158,152,0,0,0,0,0,-999
dram,readrepeat,550,207,171,151,0,0,0,0,0,-999
dram,readrepeat,551,205,174,152,0,0,0,0,0,-999
dram,readrepeat,552,234,160,152,0,0,0,0,0,-999
dram,readrepeat,553,208,172,152,0,0,0,0,0,-999
dram,readrepeat,554,201,167,152,0,0,0,0,0,-999
dram,readrepeat,555,225,166,153,0,0,0,0,0,-999
dram,readrepeat,556,205,168,153,0,0,0,0,0,-999
dram,readrepeat,557,310,178,153,0,0,0,0,0,-999
dram,readrepeat,558,273,241,204,0,0,0,0,0,-999
dram,readrepeat,559,224,161,153,0,0,0,0,0,-999
dram,readrepeat,560,238,168,152,0,0,0,0,0,-999
dram,readrepeat,561,197,168,153,0,0,0,0,0,-999
dram,readrepeat,562,484,212,229,0,0,0,0,0,-999
dram,readrepeat,563,549,161,152,0,0,0,0,0,-999
dram,readrepeat,564,237,157,153,0,0,0,0,0,-999
dram,readrepeat,565,654,234,183,0,0,0,0,0,-999
dram,readrepeat,566,517,179,153,0,0,0,0,0,-999
dram,readrepeat,567,336,157,153,0,0,0,0,0,-999
dram,readrepeat,568,202,159,151,0,0,0,0,0,-999
dram,readrepeat,569,209,159,153,0,0,0,0,0,-999
dram,readrepeat,570,229,161,152,0,0,0,0,0,-999
dram,readrepeat,571,205,170,152,0,0,0,0,0,-999
dram,readrepeat,572,240,181,153,0,0,0,0,0,-999
dram,readrepeat,573,307,160,155,0,0,0,0,0,-999
dram,readrepeat,574,233,160,152,0,0,0,0,0,-999
dram,readrepeat,575,205,179,151,0,0,0,0,0,-999
dram,readrepeat,576,955,181,163,0,0,0,0,0,-999
dram,readrepeat,577,203,186,153,0,0,0,0,0,-999
dram,readrepeat,578,227,175,151,0,0,0,0,0,-999
dram,readrepeat,579,209,172,152,0,0,0,0,0,-999
dram,readrepeat,580,205,175,153,0,0,0,0,0,-999
dram,readrepeat,581,228,194,152,0,0,0,0,0,-999
dram,readrepeat,582,206,176,153,0,0,0,0,0,-999
dram,readrepeat,583,223,174,153,0,0,0,0,0,-999
dram,readrepeat,584,203,175,152,0,0,0,0,0,-999
dram,readrepeat,585,225,173,153,0,0,0,0,0,-999
dram,readrepeat,586,190,175,152,0,0,0,0,0,-999
dram,readrepeat,587,222,172,152,0,0,0,0,0,-999
dram,readrepeat,588,232,195,152,0,0,0,0,0,-999
dram,readrepeat,589,230,172,153,0,0,0,0,0,-999
dram,readrepeat,590,200,175,151,0,0,0,0,0,-999
dram,readrepeat,591,202,173,153,0,0,0,0,0,-999
dram,readrepeat,592,199,175,153,0,0,0,0,0,-999
dram,readrepeat,593,246,170,152,0,0,0,0,0,-999
dram,readrepeat,594,204,172,151,0,0,0,0,0,-999
dram,readrepeat,595,206,174,151,0,0,0,0,0,-999
dram,readrepeat,596,225,170,153,0,0,0,0,0,-999
dram,readrepeat,597,227,174,152,0,0,0,0,0,-999
dram,readrepeat,598,188,175,153,0,0,0,0,0,-999
dram,readrepeat,599,208,172,152,0,0,0,0,0,-999
dram,readrepeat,600,245,219,169,0,0,0,0,0,-999
dram,readrepeat,601,234,172,151,0,0,0,0,0,-999
dram,readrepeat,602,313,193,152,0,0,0,0,0,-999
dram,readrepeat,603,252,175,153,0,0,0,0,0,-999
dram,readrepeat,604,230,170,152,0,0,0,0,0,-999
dram,readrepeat,605,235,191,152,0,0,0,0,0,-999
dram,readrepeat,606,235,171,154,0,0,0,0,0,-999
dram,readrepeat,607,231,169,152,0,0,0,0,0,-999
dram,readrepeat,608,226,175,152,0,0,0,0,0,-999
dram,readrepeat,609,272,173,152,0,0,0,0,0,-999
dram,readrepeat,610,232,174,153,0,0,0,0,0,-999
dram,readrepeat,611,240,173,152,0,0,0,0,0,-999
dram,readrepeat,612,235,169,152,0,0,0,0,0,-999
dram,readrepeat,613,229,173,152,0,0,0,0,0,-999
dram,readrepeat,614,232,172,152,0,0,0,0,0,-999
dram,readrepeat,615,185,238,206,0,0,0,0,0,-999
dram,readrepeat,616,236,170,152,0,0,0,0,0,-999
dram,readrepeat,617,227,173,153,0,0,0,0,0,-999
dram,readrepeat,618,245,170,152,0,0,0,0,0,-999
dram,readrepeat,619,265,175,152,0,0,0,0,0,-999
dram,readrepeat,620,230,159,153,0,0,0,0,0,-999
dram,readrepeat,621,250,195,152,0,0,0,0,0,-999
dram,readrepeat,622,252,171,153,0,0,0,0,0,-999
dram,readrepeat,623,210,174,153,0,0,0,0,0,-999
dram,readrepeat,624,373,276,188,0,0,0,0,0,-999
dram,readrepeat,625,317,187,180,0,0,0,0,0,-999
dram,readrepeat,626,8959,224,168,0,0,0,0,0,-999
dram,readrepeat,627,300,238,174,0,0,0,0,0,-999
dram,readrepeat,628,293,228,183,0,0,0,0,0,-999
dram,readrepeat,629,255,213,184,0,0,0,0,0,-999
dram,readrepeat,630,307,191,216,0,0,0,0,0,-999
dram,readrepeat,631,297,194,204,0,0,0,0,0,-999
dram,readrepeat,632,332,242,222,0,0,0,0,0,-999
dram,readrepeat,633,277,201,166,0,0,0,0,0,-999
dram,readrepeat,634,243,176,153,0,0,0,0,0,-999
dram,readrepeat,635,201,174,154,0,0,0,0,0,-999
dram,readrepeat,636,253,185,167,0,0,0,0,0,-999
dram,readrepeat,637,268,202,182,0,0,0,0,0,-999
dram,readrepeat,638,237,175,152,0,0,0,0,0,-999
dram,readrepeat,639,207,170,152,0,0,0,0,0,-999
dram,readrepeat,640,210,195,151,0,0,0,0,0,-999
dram,readrepeat,641,204,172,153,0,0,0,0,0,-999
dram,readrepeat,642,203,174,152,0,0,0,0,0,-999
dram,readrepeat,643,219,173,152,0,0,0,0,0,-999
dram,readrepeat,644,212,173,151,0,0,0,0,0,-999
dram,readrepeat,645,202,173,153,0,0,0,0,0,-999
dram,readrepeat,646,203,195,152,0,0,0,0,0,-999
dram,readrepeat,647,185,199,153,0,0,0,0,0,-999
dram,readrepeat,648,195,172,153,0,0,0,0,0,-999
dram,readrepeat,649,203,174,152,0,0,0,0,0,-999
dram,readrepeat,650,186,177,153,0,0,0,0,0,-999
dram,readrepeat,651,204,172,153,0,0,0,0,0,-999
dram,readrepeat,652,211,173,153,0,0,0,0,0,-999
dram,readrepeat,653,204,169,153,0,0,0,0,0,-999
dram,readrepeat,654,228,174,152,0,0,0,0,0,-999
dram,readrepeat,655,206,175,153,0,0,0,0,0,-999
dram,readrepeat,656,185,173,153,0,0,0,0,0,-999
dram,readrepeat,657,203,175,154,0,0,0,0,0,-999
dram,readrepeat,658,209,175,152,0,0,0,0,0,-999
dram,readrepeat,659,192,176,153,0,0,0,0,0,-999
dram,readrepeat,660,206,172,152,0,0,0,0,0,-999
dram,readrepeat,661,207,168,151,0,0,0,0,0,-999
dram,readrepeat,662,208,172,153,0,0,0,0,0,-999
dram,readrepeat,663,203,194,152,0,0,0,0,0,-999
dram,readrepeat,664,201,173,152,0,0,0,0,0,-999
dram,readrepeat,665,201,178,151,0,0,0,0,0,-999
dram,readrepeat,666,204,175,151,0,0,0,0,0,-999
dram,readrepeat,667,204,175,152,0,0,0,0,0,-999
dram,readrepeat,668,223,169,152,0,0,0,0,0,-999
dram,readrepeat,669,188,174,152,0,0,0,0,0,-999
dram,readrepeat,670,230,173,151,0,0,0,0,0,-999
dram,readrepeat,671,218,174,151,0,0,0,0,0,-999
dram,readrepeat,672,296,190,213,0,0,0,0,0,-999
dram,readrepeat,673,255,219,217,0,0,0,0,0,-999
dram,readrepeat,674,210,175,152,0,0,0,0,0,-999
dram,readrepeat,675,583,179,153,0,0,0,0,0,-999
dram,readrepeat,676,187,175,153,0,0,0,0,0,-999
dram,readrepeat,677,201,170,152,0,0,0,0,0,-999
dram,readrepeat,678,188,170,154,0,0,0,0,0,-999
dram,readrepeat,679,286,234,223,0,0,0,0,0,-999
dram,readrepeat,680,233,170,152,0,0,0,0,0,-999
dram,readrepeat,681,184,176,154,0,0,0,0,0,-999
dram,readrepeat,682,250,174,151,0,0,0,0,0,-999
dram,readrepeat,683,237,194,151,0,0,0,0,0,-999
dram,readrepeat,684,202,173,153,0,0,0,0,0,-999
dram,readrepeat,685,201,193,154,0,0,0,0,0,-999
dram,readrepeat,686,203,170,151,0,0,0,0,0,-999
dram,readrepeat,687,203,195,152,0,0,0,0,0,-999
dram,readrepeat,688,203,194,154,0,0,0,0,0,-999
dram,readrepeat,689,204,174,153,0,0,0,0,0,-999
dram,readrepeat,690,200,170,154,0,0,0,0,0,-999
dram,readrepeat,691,225,174,154,0,0,0,0,0,-999
dram,readrepeat,692,203,173,153,0,0,0,0,0,-999
dram,readrepeat,693,185,174,152,0,0,0,0,0,-999
dram,readrepeat,694,383,173,153,0,0,0,0,0,-999
dram,readrepeat,695,248,174,152,0,0,0,0,0,-999
dram,readrepeat,696,237,173,152,0,0,0,0,0,-999
dram,readrepeat,697,204,193,153,0,0,0,0,0,-999
dram,readrepeat,698,229,172,153,0,0,0,0,0,-999
dram,readrepeat,699,220,190,151,0,0,0,0,0,-999
dram,readrepeat,700,199,173,152,0,0,0,0,0,-999
dram,readrepeat,701,199,173,153,0,0,0,0,0,-999
dram,readrepeat,702,209,178,153,0,0,0,0,0,-999
dram,readrepeat,703,201,172,152,0,0,0,0,0,-999
dram,readrepeat,704,206,195,152,0,0,0,0,0,-999
dram,readrepeat,705,206,172,153,0,0,0,0,0,-999
dram,readrepeat,706,201,174,152,0,0,0,0,0,-999
dram,readrepeat,707,208,174,158,0,0,0,0,0,-999
dram,readrepeat,708,348,172,152,0,0,0,0,0,-999
dram,readrepeat,709,207,175,153,0,0,0,0,0,-999
dram,readrepeat,710,187,175,153,0,0,0,0,0,-999
dram,readrepeat,711,230,173,153,0,0,0,0,0,-999
dram,readrepeat,712,204,174,153,0,0,0,0,0,-999
dram,readrepeat,713,187,173,152,0,0,0,0,0,-999
dram,readrepeat,714,207,173,152,0,0,0,0,0,-999
dram,readrepeat,715,203,173,153,0,0,0,0,0,-999
dram,readrepeat,716,202,174,153,0,0,0,0,0,-999
dram,readrepeat,717,235,173,153,0,0,0,0,0,-999
dram,readrepeat,718,208,175,153,0,0,0,0,0,-999
dram,readrepeat,719,185,174,153,0,0,0,0,0,-999
dram,readrepeat,720,227,193,152,0,0,0,0,0,-999
dram,readrepeat,721,204,174,153,0,0,0,0,0,-999
dram,readrepeat,722,183,174,152,0,0,0,0,0,-999
dram,readrepeat,723,234,173,152,0,0,0,0,0,-999
dram,readrepeat,724,202,174,151,0,0,0,0,0,-999
dram,readrepeat,725,227,168,152,0,0,0,0,0,-999
dram,readrepeat,726,210,174,152,0,0,0,0,0,-999
dram,readrepeat,727,206,175,153,0,0,0,0,0,-999
dram,readrepeat,728,204,174,154,0,0,0,0,0,-999
dram,readrepeat,729,204,174,153,0,0,0,0,0,-999
dram,readrepeat,730,304,188,175,0,0,0,0,0,-999
dram,readrepeat,731,258,176,152,0,0,0,0,0,-999
dram,readrepeat,732,203,172,153,0,0,0,0,0,-999
dram,readrepeat,733,202,173,153,0,0,0,0,0,-999
dram,readrepeat,734,190,174,153,0,0,0,0,0,-999
dram,readrepeat,735,206,173,153,0,0,0,0,0,-999
dram,readrepeat,736,225,173,153,0,0,0,0,0,-999
dram,readrepeat,737,204,173,152,0,0,0,0,0,-999
dram,readrepeat,738,208,197,154,0,0,0,0,0,-999
dram,readrepeat,739,213,175,152,0,0,0,0,0,-999
dram,readrepeat,740,265,182,152,0,0,0,0,0,-999
dram,readrepeat,741,226,174,152,0,0,0,0,0,-999
dram,readrepeat,742,224,172,153,0,0,0,0,0,-999
dram,readrepeat,743,228,173,152,0,0,0,0,0,-999
dram,readrepeat,744,202,194,152,0,0,0,0,0,-999
dram,readrepeat,745,205,176,152,0,0,0,0,0,-999
dram,readrepeat,746,202,174,154,0,0,0,0,0,-999
dram,readrepeat,747,228,174,152,0,0,0,0,0,-999
dram,readrepeat,748,189,176,153,0,0,0,0,0,-999
dram,readrepeat,749,184,175,153,0,0,0,0,0,-999
dram,readrepeat,750,223,172,152,0,0,0,0,0,-999
dram,readrepeat,751,190,173,151,0,0,0,0,0,-999
dram,readrepeat,752,266,180,153,0,0,0,0,0,-999
dram,readrepeat,753,186,169,152,0,0,0,0,0,-999
dram,readrepeat,754,185,177,154,0,0,0,0,0,-999
dram,readrepeat,755,236,173,152,0,0,0,0,0,-999
dram,readrepeat,756,202,174,153,0,0,0,0,0,-999
dram,readrepeat,757,203,169,153,0,0,0,0,0,-999
dram,readrepeat,758,219,174,151,0,0,0,0,0,-999
dram,readrepeat,759,203,194,154,0,0,0,0,0,-999
dram,readrepeat,760,207,174,153,0,0,0,0,0,-999
dram,readrepeat,761,204,169,153,0,0,0,0,0,-999
dram,readrepeat,762,204,174,152,0,0,0,0,0,-999
dram,readrepeat,763,185,173,154,0,0,0,0,0,-999
dram,readrepeat,764,232,174,151,0,0,0,0,0,-999
dram,readrepeat,765,204,195,153,0,0,0,0,0,-999
dram,readrepeat,766,272,196,152,0,0,0,0,0,-999
dram,readrepeat,767,207,172,153,0,0,0,0,0,-999
dram,readrepeat,768,555,188,154,0,0,0,0,0,-999
dram,readrepeat,769,195,170,152,0,0,0,0,0,-999
dram,readrepeat,770,246,169,152,0,0,0,0,0,-999
dram,readrepeat,771,204,172,153,0,0,0,0,0,-999
dram,readrepeat,772,192,169,154,0,0,0,0,0,-999
dram,readrepeat,773,190,190,151,0,0,0,0,0,-999
dram,readrepeat,774,224,169,152,0,0,0,0,0,-999
dram,readrepeat,775,276,169,152,0,0,0,0,0,-999
dram,readrepeat,776,205,175,153,0,0,0,0,0,-999
dram,readrepeat,777,211,169,151,0,0,0,0,0,-999
dram,readrepeat,778,363,174,153,0,0,0,0,0,-999
dram,readrepeat,779,206,169,152,0,0,0,0,0,-999
dram,readrepeat,780,209,169,153,0,0,0,0,0,-999
dram,readrepeat,781,434,212,227,0,0,0,0,0,-999
dram,readrepeat,782,359,218,222,0,0,0,0,0,-999
dram,readrepeat,783,286,212,192,0,0,0,0,0,-999
dram,readrepeat,784,277,268,213,0,0,0,0,0,-999
dram,readrepeat,785,254,196,188,0,0,0,0,0,-999
dram,readrepeat,786,247,225,182,0,0,0,0,0,-999
dram,readrepeat,787,221,169,154,0,0,0,0,0,-999
dram,readrepeat,788,207,172,154,0,0,0,0,0,-999
dram,readrepeat,789,204,174,153,0,0,0,0,0,-999
dram,readrepeat,790,251,169,152,0,0,0,0,0,-999
dram,readrepeat,791,188,169,153,0,0,0,0,0,-999
dram,readrepeat,792,189,169,152,0,0,0,0,0,-999
dram,readrepeat,793,228,166,153,0,0,0,0,0,-999
dram,readrepeat,794,222,165,153,0,0,0,0,0,-999
dram,readrepeat,795,203,169,153,0,0,0,0,0,-999
dram,readrepeat,796,205,168,153,0,0,0,0,0,-999
dram,readrepeat,797,231,172,152,0,0,0,0,0,-999
dram,readrepeat,798,207,179,153,0,0,0,0,0,-999
dram,readrepeat,799,233,170,153,0,0,0,0,0,-999
dram,readrepeat,800,189,165,154,0,0,0,0,0,-999
dram,readrepeat,801,232,169,152,0,0,0,0,0,-999
dram,readrepeat,802,206,171,155,0,0,0,0,0,-999
dram,readrepeat,803,238,173,152,0,0,0,0,0,-999
dram,readrepeat,804,186,169,153,0,0,0,0,0,-999
dram,readrepeat,805,210,171,152,0,0,0,0,0,-999
dram,readrepeat,806,209,190,152,0,0,0,0,0,-999
dram,readrepeat,807,206,169,151,0,0,0,0,0,-999
dram,readrepeat,808,207,190,151,0,0,0,0,0,-999
dram,readrepeat,809,307,251,220,0,0,0,0,0,-999
dram,readrepeat,810,281,230,167,0,0,0,0,0,-999
dram,readrepeat,811,289,256,196,0,0,0,0,0,-999
dram,readrepeat,812,295,234,209,0,0,0,0,0,-999
dram,readrepeat,813,281,198,189,0,0,0,0,0,-999
dram,readrepeat,814,256,227,199,0,0,0,0,0,-999
dram,readrepeat,815,274,210,203,0,0,0,0,0,-999
dram,readrepeat,816,297,257,231,0,0,0,0,0,-999
dram,readrepeat,817,211,172,152,0,0,0,0,0,-999
dram,readrepeat,818,228,169,152,0,0,0,0,0,-999
dram,readrepeat,819,193,169,151,0,0,0,0,0,-999
dram,readrepeat,820,225,169,154,0,0,0,0,0,-999
dram,readrepeat,821,227,171,152,0,0,0,0,0,-999
dram,readrepeat,822,192,169,153,0,0,0,0,0,-999
dram,readrepeat,823,188,178,152,0,0,0,0,0,-999
dram,readrepeat,824,227,169,153,0,0,0,0,0,-999
dram,readrepeat,825,227,175,153,0,0,0,0,0,-999
dram,readrepeat,826,221,174,155,0,0,0,0,0,-999
dram,readrepeat,827,211,168,152,0,0,0,0,0,-999
dram,readrepeat,828,222,175,153,0,0,0,0,0,-999
dram,readrepeat,829,190,174,153,0,0,0,0,0,-999
dram,readrepeat,830,205,170,152,0,0,0,0,0,-999
dram,readrepeat,831,186,169,153,0,0,0,0,0,-999
dram,readrepeat,832,206,172,153,0,0,0,0,0,-999
dram,readrepeat,833,208,170,153,0,0,0,0,0,-999
dram,readrepeat,834,187,169,153,0,0,0,0,0,-999
dram,readrepeat,835,230,171,151,0,0,0,0,0,-999
dram,readrepeat,836,207,173,152,0,0,0,0,0,-999
dram,readrepeat,837,210,168,152,0,0,0,0,0,-999
dram,readrepeat,838,355,305,213,0,0,0,0,0,-999
dram,readrepeat,839,260,229,191,0,0,0,0,0,-999
dram,readrepeat,840,267,238,205,0,0,0,0,0,-999
dram,readrepeat,841,331,246,232,0,0,0,0,0,-999
dram,readrepeat,842,363,246,187,0,0,0,0,0,-999
dram,readrepeat,843,231,181,151,0,0,0,0,0,-999
dram,readrepeat,844,254,176,153,0,0,0,0,0,-999
dram,readrepeat,845,200,178,152,0,0,0,0,0,-999
dram,readrepeat,846,224,177,153,0,0,0,0,0,-999
dram,readrepeat,847,213,187,153,0,0,0,0,0,-999
dram,readrepeat,848,202,181,153,0,0,0,0,0,-999
dram,readrepeat,849,185,179,153,0,0,0,0,0,-999
dram,readrepeat,850,205,169,152,0,0,0,0,0,-999
dram,readrepeat,851,257,174,153,0,0,0,0,0,-999
dram,readrepeat,852,234,169,152,0,0,0,0,0,-999
dram,readrepeat,853,229,264,225,0,0,0,0,0,-999
dram,readrepeat,854,211,167,152,0,0,0,0,0,-999
dram,readrepeat,855,226,168,153,0,0,0,0,0,-999
dram,readrepeat,856,225,169,152,0,0,0,0,0,-999
dram,readrepeat,857,275,198,163,0,0,0,0,0,-999
dram,readrepeat,858,233,169,153,0,0,0,0,0,-999
dram,readrepeat,859,288,290,214,0,0,0,0,0,-999
dram,readrepeat,860,238,169,152,0,0,0,0,0,-999
dram,readrepeat,861,314,179,153,0,0,0,0,0,-999
dram,readrepeat,862,317,261,223,0,0,0,0,0,-999
dram,readrepeat,863,247,173,152,0,0,0,0,0,-999
dram,readrepeat,864,248,165,152,0,0,0,0,0,-999
dram,readrepeat,865,205,169,153,0,0,0,0,0,-999
dram,readrepeat,866,598,176,153,0,0,0,0,0,-999
dram,readrepeat,867,249,159,152,0,0,0,0,0,-999
dram,readrepeat,868,211,189,152,0,0,0,0,0,-999
dram,readrepeat,869,208,169,152,0,0,0,0,0,-999
dram,readrepeat,870,225,162,152,0,0,0,0,0,-999
dram,readrepeat,871,190,169,152,0,0,0,0,0,-999
dram,readrepeat,872,207,169,153,0,0,0,0,0,-999
dram,readrepeat,873,209,171,153,0,0,0,0,0,-999
dram,readrepeat,874,381,169,153,0,0,0,0,0,-999
dram,readrepeat,875,213,169,152,0,0,0,0,0,-999
dram,readrepeat,876,209,172,151,0,0,0,0,0,-999
dram,readrepeat,877,195,159,152,0,0,0,0,0,-999
dram,readrepeat,878,212,165,153,0,0,0,0,0,-999
dram,readrepeat,879,222,170,152,0,0,0,0,0,-999
dram,readrepeat,880,205,169,152,0,0,0,0,0,-999
dram,readrepeat,881,202,160,152,0,0,0,0,0,-999
dram,readrepeat,882,249,169,152,0,0,0,0,0,-999
dram,readrepeat,883,211,166,152,0,0,0,0,0,-999
dram,readrepeat,884,233,157,153,0,0,0,0,0,-999
dram,readrepeat,885,269,158,154,0,0,0,0,0,-999
dram,readrepeat,886,229,160,152,0,0,0,0,0,-999
dram,readrepeat,887,198,159,152,0,0,0,0,0,-999
dram,readrepeat,888,240,161,155,0,0,0,0,0,-999
dram,readrepeat,889,218,221,213,0,0,0,0,0,-999
dram,readrepeat,890,232,159,153,0,0,0,0,0,-999
dram,readrepeat,891,229,160,151,0,0,0,0,0,-999
dram,readrepeat,892,204,169,153,0,0,0,0,0,-999
dram,readrepeat,893,210,167,152,0,0,0,0,0,-999
dram,readrepeat,894,205,169,152,0,0,0,0,0,-999
dram,readrepeat,895,228,170,152,0,0,0,0,0,-999
dram,readrepeat,896,226,169,152,0,0,0,0,0,-999
dram,readrepeat,897,227,155,153,0,0,0,0,0,-999
dram,readrepeat,898,217,160,151,0,0,0,0,0,-999
dram,readrepeat,899,211,225,198,0,0,0,0,0,-999
dram,readrepeat,900,222,168,152,0,0,0,0,0,-999
dram,readrepeat,901,204,160,152,0,0,0,0,0,-999
dram,readrepeat,902,223,159,151,0,0,0,0,0,-999
dram,readrepeat,903,229,231,178,0,0,0,0,0,-999
dram,readrepeat,904,230,170,152,0,0,0,0,0,-999
dram,readrepeat,905,208,163,152,0,0,0,0,0,-999
dram,readrepeat,906,228,169,152,0,0,0,0,0,-999
dram,readrepeat,907,213,159,153,0,0,0,0,0,-999
dram,readrepeat,908,208,174,153,0,0,0,0,0,-999
dram,readrepeat,909,206,167,152,0,0,0,0,0,-999
dram,readrepeat,910,210,166,152,0,0,0,0,0,-999
dram,readrepeat,911,259,167,154,0,0,0,0,0,-999
dram,readrepeat,912,196,171,152,0,0,0,0,0,-999
dram,readrepeat,913,216,164,153,0,0,0,0,0,-999
dram,readrepeat,914,231,168,155,0,0,0,0,0,-999
dram,readrepeat,915,234,161,153,0,0,0,0,0,-999
dram,readrepeat,916,229,169,152,0,0,0,0,0,-999
dram,readrepeat,917,226,155,153,0,0,0,0,0,-999
dram,readrepeat,918,217,171,151,0,0,0,0,0,-999
dram,readrepeat,919,206,162,152,0,0,0,0,0,-999
dram,readrepeat,920,203,575,153,0,0,0,0,0,-999
dram,readrepeat,921,226,169,153,0,0,0,0,0,-999
dram,readrepeat,922,239,164,153,0,0,0,0,0,-999
dram,readrepeat,923,232,168,152,0,0,0,0,0,-999
dram,readrepeat,924,205,160,151,0,0,0,0,0,-999
dram,readrepeat,925,207,160,152,0,0,0,0,0,-999
dram,readrepeat,926,206,168,151,0,0,0,0,0,-999
dram,readrepeat,927,190,168,152,0,0,0,0,0,-999
dram,readrepeat,928,314,222,185,0,0,0,0,0,-999
dram,readrepeat,929,234,177,152,0,0,0,0,0,-999
dram,readrepeat,930,237,159,153,0,0,0,0,0,-999
dram,readrepeat,931,595,170,155,0,0,0,0,0,-999
dram,readrepeat,932,216,156,154,0,0,0,0,0,-999
dram,readrepeat,933,317,167,154,0,0,0,0,0,-999
dram,readrepeat,934,233,366,168,0,0,0,0,0,-999
dram,readrepeat,935,204,159,152,0,0,0,0,0,-999
dram,readrepeat,936,204,160,152,0,0,0,0,0,-999
dram,readrepeat,937,220,166,153,0,0,0,0,0,-999
dram,readrepeat,938,237,160,153,0,0,0,0,0,-999
dram,readrepeat,939,234,207,208,0,0,0,0,0,-999
dram,readrepeat,940,230,160,153,0,0,0,0,0,-999
dram,readrepeat,941,229,171,152,0,0,0,0,0,-999
dram,readrepeat,942,258,217,153,0,0,0,0,0,-999
dram,readrepeat,943,205,160,153,0,0,0,0,0,-999
dram,readrepeat,944,188,169,151,0,0,0,0,0,-999
dram,readrepeat,945,226,160,152,0,0,0,0,0,-999
dram,readrepeat,946,240,159,153,0,0,0,0,0,-999
dram,readrepeat,947,323,247,219,0,0,0,0,0,-999
dram,readrepeat,948,258,180,152,0,0,0,0,0,-999
dram,readrepeat,949,278,277,221,0,0,0,0,0,-999
dram,readrepeat,950,241,219,214,0,0,0,0,0,-999
dram,readrepeat,951,264,755,217,0,0,0,0,0,-999
dram,readrepeat,952,386,238,212,0,0,0,0,0,-999
dram,readrepeat,953,390,215,256,0,0,0,0,0,-999
dram,readrepeat,954,273,246,198,0,0,0,0,0,-999
dram,readrepeat,955,295,241,216,0,0,0,0,0,-999
dram,readrepeat,956,294,156,152,0,0,0,0,0,-999
dram,readrepeat,957,200,169,151,0,0,0,0,0,-999
dram,readrepeat,958,215,194,153,0,0,0,0,0,-999
dram,readrepeat,959,207,169,151,0,0,0,0,0,-999
dram,readrepeat,960,209,168,152,0,0,0,0,0,-999
dram,readrepeat,961,195,161,155,0,0,0,0,0,-999
dram,readrepeat,962,224,172,152,0,0,0,0,0,-999
dram,readrepeat,963,206,165,152,0,0,0,0,0,-999
dram,readrepeat,964,227,171,152,0,0,0,0,0,-999
dram,readrepeat,965,206,169,152,0,0,0,0,0,-999
dram,readrepeat,966,587,181,153,0,0,0,0,0,-999
dram,readrepeat,967,224,155,151,0,0,0,0,0,-999
dram,readrepeat,968,202,168,153,0,0,0,0,0,-999
dram,readrepeat,969,233,160,151,0,0,0,0,0,-999
dram,readrepeat,970,208,171,151,0,0,0,0,0,-999
dram,readrepeat,971,203,161,152,0,0,0,0,0,-999
dram,readrepeat,972,227,159,152,0,0,0,0,0,-999
dram,readrepeat,973,236,159,153,0,0,0,0,0,-999
dram,readrepeat,974,224,171,152,0,0,0,0,0,-999
dram,readrepeat,975,250,158,152,0,0,0,0,0,-999
dram,readrepeat,976,228,159,152,0,0,0,0,0,-999
dram,readrepeat,977,237,158,153,0,0,0,0,0,-999
dram,readrepeat,978,216,159,153,0,0,0,0,0,-999
dram,readrepeat,979,235,158,153,0,0,0,0,0,-999
dram,readrepeat,980,202,171,153,0,0,0,0,0,-999
dram,readrepeat,981,207,161,154,0,0,0,0,0,-999
dram,readrepeat,982,203,166,151,0,0,0,0,0,-999
dram,readrepeat,983,209,171,152,0,0,0,0,0,-999
dram,readrepeat,984,203,159,152,0,0,0,0,0,-999
dram,readrepeat,985,204,161,153,0,0,0,0,0,-999
dram,readrepeat,986,203,163,152,0,0,0,0,0,-999
dram,readrepeat,987,205,162,154,0,0,0,0,0,-999
dram,readrepeat,988,185,159,153,0,0,0,0,0,-999
dram,readrepeat,989,206,159,153,0,0,0,0,0,-999
dram,readrepeat,990,206,158,153,0,0,0,0,0,-999
dram,readrepeat,991,204,171,152,0,0,0,0,0,-999
dram,readrepeat,992,186,161,152,0,0,0,0,0,-999
dram,readrepeat,993,204,158,154,0,0,0,0,0,-999
dram,readrepeat,994,204,172,153,0,0,0,0,0,-999
dram,readrepeat,995,184,159,152,0,0,0,0,0,-999
dram,readrepeat,996,208,165,152,0,0,0,0,0,-999
dram,readrepeat,997,205,171,152,0,0,0,0,0,-999
dram,readrepeat,998,208,172,152,0,0,0,0,0,-999
dram,readrepeat,999,208,169,152,0,0,0,0,0,-999
cram,direct,0,96788937,0,0,13909,220,0,2,-999,0
cram,direct,1,1269664,0,0,7319,172,0,2,-999,0
cram,direct,2,1645425,0,0,6432,170,0,2,-999,0
cram,direct,3,1608127,0,0,5723,159,0,2,-999,0
cram,direct,4,1779530,0,0,9122,172,0,2,-999,0
cram,direct,5,1664197,0,0,7339,169,0,2,-999,0
cram,direct,6,3828106,0,0,7307,168,0,2,-999,0
cram,direct,7,2233197,0,0,8590,236,0,2,-999,0
cram,direct,8,2349384,0,0,7243,170,0,2,-999,0
cram,direct,9,2149582,0,0,6771,170,0,2,-999,0
cram,direct,10,2010652,0,0,6408,170,0,2,-999,0
cram,direct,11,1281375,0,0,8078,178,0,2,-999,0
cram,direct,12,1680181,0,0,8393,200,0,2,-999,0
cram,direct,13,1941813,0,0,6712,170,0,2,-999,0
cram,direct,14,1866878,0,0,8616,171,0,2,-999,0
cram,direct,15,1646658,0,0,6767,171,0,2,-999,0
cram,direct,16,1663378,0,0,6524,169,0,2,-999,0
cram,direct,17,1668019,0,0,6121,172,0,2,-999,0
cram,direct,18,1696530,0,0,6570,172,0,2,-999,0
cram,direct,19,1723293,0,0,7591,227,0,2,-999,0
cram,direct,20,1690554,0,0,6924,171,0,2,-999,0
cram,direct,21,1740873,0,0,6800,170,0,2,-999,0
cram,direct,22,1194424,0,0,6531,168,0,2,-999,0
cram,direct,23,1795557,0,0,6155,171,0,2,-999,0
cram,direct,24,1609726,0,0,5634,169,0,2,-999,0
cram,direct,25,1652715,0,0,5875,172,0,2,-999,0
cram,direct,26,1220869,0,0,6159,170,0,2,-999,0
cram,direct,27,1658984,0,0,5866,170,0,2,-999,0
cram,direct,28,1790339,0,0,8189,171,0,2,-999,0
cram,direct,29,1754429,0,0,7037,169,0,2,-999,0
cram,direct,30,1813468,0,0,6520,170,0,2,-999,0
cram,direct,31,1678981,0,0,6498,170,0,2,-999,0
cram,direct,32,1734400,0,0,6249,158,0,2,-999,0
cram,direct,33,1890415,0,0,7349,172,0,2,-999,0
cram,direct,34,4677789,0,0,9313,164,0,2,-999,0
cram,direct,35,2449024,0,0,10916,178,0,2,-999,0
cram,direct,36,1610423,0,0,6696,163,0,2,-999,0
cram,direct,37,1704236,0,0,9121,184,0,2,-999,0
cram,direct,38,1756981,0,0,7430,170,0,2,-999,0
cram,direct,39,2402788,0,0,7432,169,0,2,-999,0
cram,direct,40,3112415,0,0,6639,170,0,2,-999,0
cram,direct,41,1607498,0,0,8945,225,0,2,-999,0
cram,direct,42,1550855,0,0,6394,171,0,2,-999,0
cram,direct,43,1519060,0,0,5829,171,0,2,-999,0
cram,direct,44,1509934,0,0,6070,158,0,2,-999,0
cram,direct,45,1665969,0,0,43131,160,0,2,-999,0
cram,direct,46,1574912,0,0,6155,161,0,2,-999,0
cram,direct,47,1830144,0,0,8614,185,0,2,-999,0
cram,direct,48,1540363,0,0,7223,170,0,2,-999,0
cram,direct,49,1474695,0,0,6338,169,0,2,-999,0
cram,direct,50,1505703,0,0,6107,171,0,2,-999,0
cram,direct,51,1421694,0,0,6484,172,0,2,-999,0
cram,direct,52,1465657,0,0,7959,236,0,2,-999,0
cram,direct,53,1996147,0,0,7287,170,0,2,-999,0
cram,direct,54,2104251,0,0,6621,170,0,2,-999,0
cram,direct,55,1414382,0,0,5740,173,0,2,-999,0
cram,direct,56,1467558,0,0,6499,161,0,2,-999,0
cram,direct,57,1521442,0,0,6808,169,0,2,-999,0
cram,direct,58,1486221,0,0,6287,162,0,2,-999,0
cram,direct,59,1118907,0,0,9159,227,0,2,-999,0
cram,direct,60,1932946,0,0,9008,231,0,2,-999,0
cram,direct,61,1696195,0,0,6994,172,0,2,-999,0
cram,direct,62,1496659,0,0,8798,186,0,2,-999,0
cram,direct,63,1083170,0,0,7213,227,0,2,-999,0
cram,direct,64,1519380,0,0,9262,218,0,2,-999,0
cram,direct,65,1133361,0,0,8029,242,0,2,-999,0
cram,direct,66,1453029,0,0,7424,236,0,2,-999,0
cram,direct,67,1402776,0,0,6403,172,0,2,-999,0
cram,direct,68,1560727,0,0,7826,171,0,2,-999,0
cram,direct,69,1448957,0,0,50658,168,0,2,-999,0
cram,direct,70,1467135,0,0,10355,210,0,2,-999,0
cram,direct,71,1498001,0,0,10944,193,0,2,-999,0
cram,direct,72,1481307,0,0,6944,171,0,2,-999,0
cram,direct,73,1496448,0,0,7578,171,0,2,-999,0
cram,direct,74,1473622,0,0,5940,170,0,2,-999,0
cram,direct,75,1071240,0,0,5529,183,0,2,-999,0
cram,direct,76,1510329,0,0,6129,170,0,2,-999,0
cram,direct,77,1541695,0,0,7291,172,0,2,-999,0
cram,direct,78,1585274,0,0,7490,171,0,2,-999,0
cram,direct,79,1540210,0,0,6816,170,0,2,-999,0
cram,direct,80,2369112,0,0,7264,170,0,2,-999,0
cram,direct,81,2053552,0,0,10622,170,0,2,-999,0
cram,direct,82,2714361,0,0,9035,170,0,2,-999,0
cram,direct,83,1500198,0,0,11020,182,0,2,-999,0
cram,direct,84,1626412,0,0,8870,173,0,2,-999,0
cram,direct,85,1477528,0,0,6799,168,0,2,-999,0
cram,direct,86,1441561,0,0,6840,168,0,2,-999,0
cram,direct,87,1545697,0,0,5989,170,0,2,-999,0
cram,direct,88,1957229,0,0,6732,171,0,2,-999,0
cram,direct,89,1435497,0,0,6226,171,0,2,-999,0
cram,direct,90,1762462,0,0,10781,190,0,2,-999,0
cram,direct,91,2028846,0,0,6576,171,0,2,-999,0
cram,direct,92,2374975,0,0,6679,168,0,2,-999,0
cram,direct,93,1717079,0,0,6484,170,0,2,-999,0
cram,direct,94,1872716,0,0,6685,170,0,2,-999,0
cram,direct,95,1757722,0,0,8315,170,0,2,-999,0
cram,direct,96,1740106,0,0,6650,165,0,2,-999,0
cram,direct,97,1779973,0,0,6132,169,0,2,-999,0
cram,direct,98,2251000,0,0,7747,170,0,2,-999,0
cram,direct,99,3078894,0,0,7088,170,0,2,-999,0
cram,direct,100,1462671,0,0,6438,171,0,2,-999,0
cram,direct,101,1479176,0,0,6674,169,0,2,-999,0
cram,direct,102,1448341,0,0,6246,170,0,2,-999,0
cram,direct,103,1474792,0,0,6365,168,0,2,-999,0
cram,direct,104,1100639,0,0,6316,169,0,2,-999,0
cram,direct,105,1773004,0,0,9689,210,0,2,-999,0
cram,direct,106,2232153,0,0,6660,169,0,2,-999,0
cram,direct,107,1553521,0,0,6776,171,0,2,-999,0
cram,direct,108,1446833,0,0,6083,170,0,2,-999,0
cram,direct,109,1523825,0,0,10414,172,0,2,-999,0
cram,direct,110,1528483,0,0,6662,170,0,2,-999,0
cram,direct,111,1559977,0,0,6382,170,0,2,-999,0
cram,direct,112,2265978,0,0,10767,233,0,2,-999,0
cram,direct,113,2429185,0,0,7994,226,0,2,-999,0
cram,direct,114,1586756,0,0,13205,169,0,2,-999,0
cram,direct,115,1592066,0,0,6262,171,0,2,-999,0
cram,direct,116,1434306,0,0,5854,170,0,2,-999,0
cram,direct,117,1091103,0,0,6135,161,0,2,-999,0
cram,direct,118,1504331,0,0,6119,159,0,2,-999,0
cram,direct,119,1839916,0,0,61196,172,0,2,-999,0
cram,direct,120,2169098,0,0,6833,170,0,2,-999,0
cram,direct,121,1804721,0,0,6170,171,0,2,-999,0
cram,direct,122,1495271,0,0,6097,169,0,2,-999,0
cram,direct,123,1428817,0,0,5536,160,0,2,-999,0
cram,direct,124,1478526,0,0,6064,160,0,2,-999,0
cram,direct,125,1455611,0,0,6132,159,0,2,-999,0
cram,direct,126,1454360,0,0,5727,159,0,2,-999,0
cram,direct,127,1654459,0,0,27410,159,0,2,-999,0
cram,direct,128,1503148,0,0,5838,161,0,2,-999,0
cram,direct,129,1564924,0,0,7276,218,0,2,-999,0
cram,direct,130,1533123,0,0,7988,231,0,2,-999,0
cram,direct,131,1502815,0,0,6250,169,0,2,-999,0
cram,direct,132,14097295,0,0,6721,168,0,2,-999,0
cram,direct,133,1724750,0,0,5968,169,0,2,-999,0
cram,direct,134,1916220,0,0,5671,170,0,2,-999,0
cram,direct,135,2088039,0,0,5285,158,0,2,-999,0
cram,direct,136,1810365,0,0,6990,217,0,2,-999,0
cram,direct,137,2158672,0,0,7381,235,0,2,-999,0
cram,direct,138,2119028,0,0,7243,226,0,2,-999,0
cram,direct,139,1849021,0,0,7348,236,0,2,-999,0
cram,direct,140,1827501,0,0,6560,223,0,2,-999,0
cram,direct,141,2136133,0,0,5975,170,0,2,-999,0
cram,direct,142,1844137,0,0,5445,167,0,2,-999,0
cram,direct,143,1987537,0,0,5376,171,0,2,-999,0
cram,direct,144,2102536,0,0,5713,169,0,2,-999,0
cram,direct,145,2076328,0,0,5969,170,0,2,-999,0
cram,direct,146,1903094,0,0,6076,171,0,2,-999,0
cram,direct,147,1844870,0,0,5665,169,0,2,-999,0
cram,direct,148,2024219,0,0,5763,170,0,2,-999,0
cram,direct,149,1739290,0,0,6230,170,0,2,-999,0
cram,direct,150,1721453,0,0,5944,170,0,2,-999,0
cram,direct,151,1643841,0,0,6040,169,0,2,-999,0
cram,direct,152,1515351,0,0,5558,170,0,2,-999,0
cram,direct,153,1581424,0,0,14171,206,0,2,-999,0
cram,direct,154,855218,0,0,7614,236,0,2,-999,0
cram,direct,155,1574383,0,0,8096,185,0,2,-999,0
cram,direct,156,1861602,0,0,7544,172,0,2,-999,0
cram,direct,157,1787816,0,0,6186,171,0,2,-999,0
cram,direct,158,1625569,0,0,13710,237,0,2,-999,0
cram,direct,159,1560913,0,0,7129,238,0,2,-999,0
cram,direct,160,1571523,0,0,5584,171,0,2,-999,0
cram,direct,161,1577804,0,0,6085,160,0,2,-999,0
cram,direct,162,1522601,0,0,5201,159,0,2,-999,0
cram,direct,163,1572947,0,0,5676,159,0,2,-999,0
cram,direct,164,2197868,0,0,6107,171,0,2,-999,0
cram,direct,165,1992369,0,0,7117,171,0,2,-999,0
cram,direct,166,1941810,0,0,8052,167,0,2,-999,0
cram,direct,167,2020451,0,0,8914,186,0,2,-999,0
cram,direct,168,1313958,0,0,8567,229,0,2,-999,0
cram,direct,169,1739903,0,0,5997,170,0,2,-999,0
cram,direct,170,2729297,0,0,6733,169,0,2,-999,0
cram,direct,171,1961008,0,0,6234,172,0,2,-999,0
cram,direct,172,2321975,0,0,8039,204,0,2,-999,0
cram,direct,173,1243553,0,0,5956,170,0,2,-999,0
cram,direct,174,1779583,0,0,5941,168,0,2,-999,0
cram,direct,175,1788491,0,0,5806,170,0,2,-999,0
cram,direct,176,1957018,0,0,5986,169,0,2,-999,0
cram,direct,177,1820877,0,0,5950,171,0,2,-999,0
cram,direct,178,1768971,0,0,5916,171,0,2,-999,0
cram,direct,179,1668162,0,0,5916,168,0,2,-999,0
cram,direct,180,1667527,0,0,7947,201,0,2,-999,0
cram,direct,181,1729787,0,0,5826,171,0,2,-999,0
cram,direct,182,1651997,0,0,5766,170,0,2,-999,0
cram,direct,183,2002938,0,0,7272,171,0,2,-999,0
cram,direct,184,1696405,0,0,6045,171,0,2,-999,0
cram,direct,185,1747028,0,0,6986,214,0,2,-999,0
cram,direct,186,1761464,0,0,5157,168,0,2,-999,0
cram,direct,187,1740728,0,0,5470,160,0,2,-999,0
cram,direct,188,1812888,0,0,5340,169,0,2,-999,0
cram,direct,189,1716921,0,0,5162,171,0,2,-999,0
cram,direct,190,2174160,0,0,5915,170,0,2,-999,0
cram,direct,191,2008286,0,0,6181,172,0,2,-999,0
cram,direct,192,1706884,0,0,6049,170,0,2,-999,0
cram,direct,193,1654384,0,0,6167,168,0,2,-999,0
cram,direct,194,2004239,0,0,7311,171,0,2,-999,0
cram,direct,195,1754063,0,0,7616,441,0,2,-999,0
cram,direct,196,1739166,0,0,5763,170,0,2,-999,0
cram,direct,197,1771868,0,0,7495,222,0,2,-999,0
cram,direct,198,1794202,0,0,7615,170,0,2,-999,0
cram,direct,199,1644512,0,0,8693,210,0,2,-999,0
cram,direct,200,1671358,0,0,30926,197,0,2,-999,0
cram,direct,201,1751414,0,0,7940,191,0,2,-999,0
cram,direct,202,2043261,0,0,9124,716,0,2,-999,0
cram,direct,203,2462032,0,0,6855,173,0,2,-999,0
cram,direct,204,1343784,0,0,27582,210,0,2,-999,0
cram,direct,205,1931140,0,0,6401,170,0,2,-999,0
cram,direct,206,1880354,0,0,7011,169,0,2,-999,0
cram,direct,207,1740094,0,0,7875,239,0,2,-999,0
cram,direct,208,1828930,0,0,6698,174,0,2,-999,0
cram,direct,209,1840351,0,0,6746,171,0,2,-999,0
cram,direct,210,1806393,0,0,6620,170,0,2,-999,0
cram,direct,211,3846484,0,0,6812,169,0,2,-999,0
cram,direct,212,1922656,0,0,7956,229,0,2,-999,0
cram,direct,213,1357728,0,0,9081,233,0,2,-999,0
cram,direct,214,1847710,0,0,7857,248,0,2,-999,0
cram,direct,215,1779785,0,0,7430,229,0,2,-999,0
cram,direct,216,1892426,0,0,7959,237,0,2,-999,0
cram,direct,217,3366522,0,0,32527,195,0,2,-999,0
cram,direct,218,1954259,0,0,6446,169,0,2,-999,0
cram,direct,219,1690576,0,0,5549,172,0,2,-999,0
cram,direct,220,1724853,0,0,7055,169,0,2,-999,0
cram,direct,221,1770958,0,0,5368,171,0,2,-999,0
cram,direct,222,1762840,0,0,5588,170,0,2,-999,0
cram,direct,223,3665787,0,0,8843,247,0,2,-999,0
cram,direct,224,1946840,0,0,6178,172,0,2,-999,0
cram,direct,225,1710956,0,0,5397,171,0,2,-999,0
cram,direct,226,1690847,0,0,5623,170,0,2,-999,0
cram,direct,227,1688498,0,0,6112,172,0,2,-999,0
cram,direct,228,1694160,0,0,5924,171,0,2,-999,0
cram,direct,229,4258426,0,0,6305,168,0,2,-999,0
cram,direct,230,2305857,0,0,6838,172,0,2,-999,0
cram,direct,231,2360531,0,0,5962,170,0,2,-999,0
cram,direct,232,1838738,0,0,6436,173,0,2,-999,0
cram,direct,233,1958975,0,0,6981,171,0,2,-999,0
cram,direct,234,1762200,0,0,6113,171,0,2,-999,0
cram,direct,235,1682291,0,0,6019,171,0,2,-999,0
cram,direct,236,1720674,0,0,6046,172,0,2,-999,0
cram,direct,237,1782046,0,0,5813,171,0,2,-999,0
cram,direct,238,2123970,0,0,5611,159,0,2,-999,0
cram,direct,239,2251153,0,0,5614,160,0,2,-999,0
cram,direct,240,1767998,0,0,7473,171,0,2,-999,0
cram,direct,241,1724805,0,0,6243,170,0,2,-999,0
cram,direct,242,1705982,0,0,5799,158,0,2,-999,0
cram,direct,243,1654309,0,0,6340,201,0,2,-999,0
cram,direct,244,1643894,0,0,5789,170,0,2,-999,0
cram,direct,245,1616165,0,0,5905,172,0,2,-999,0
cram,direct,246,1714358,0,0,7647,170,0,2,-999,0
cram,direct,247,1201635,0,0,5806,170,0,2,-999,0
cram,direct,248,1704227,0,0,7290,168,0,2,-999,0
cram,direct,249,1699533,0,0,6278,170,0,2,-999,0
cram,direct,250,1693431,0,0,7694,169,0,2,-999,0
cram,direct,251,1708392,0,0,6102,168,0,2,-999,0
cram,direct,252,1196200,0,0,5590,169,0,2,-999,0
cram,direct,253,1613361,0,0,5269,167,0,2,-999,0
cram,direct,254,1662024,0,0,7201,212,0,2,-999,0
cram,direct,255,1638105,0,0,35355,227,0,2,-999,0
cram,direct,256,1843410,0,0,8003,233,0,2,-999,0
cram,direct,257,1703601,0,0,6203,167,0,2,-999,0
cram,direct,258,2442663,0,0,7795,168,0,2,-999,0
cram,direct,259,16446218,0,0,8385,170,0,2,-999,0
cram,direct,260,1820377,0,0,6699,169,0,2,-999,0
cram,direct,261,1995055,0,0,7857,170,0,2,-999,0
cram,direct,262,1714472,0,0,7887,198,0,2,-999,0
cram,direct,263,1847810,0,0,8619,205,0,2,-999,0
cram,direct,264,3080368,0,0,6670,170,0,2,-999,0
cram,direct,265,1806316,0,0,6377,173,0,2,-999,0
cram,direct,266,1694046,0,0,7580,221,0,2,-999,0
cram,direct,267,1738088,0,0,8161,186,0,2,-999,0
cram,direct,268,1733206,0,0,8216,203,0,2,-999,0
cram,direct,269,1807333,0,0,8283,216,0,2,-999,0
cram,direct,270,3306149,0,0,8850,197,0,2,-999,0
cram,direct,271,4900851,0,0,7921,169,0,2,-999,0
cram,direct,272,1577484,0,0,6136,155,0,2,-999,0
cram,direct,273,1541310,0,0,5318,156,0,2,-999,0
cram,direct,274,1526837,0,0,7111,169,0,2,-999,0
cram,direct,275,3631302,0,0,6448,171,0,2,-999,0
cram,direct,276,1606323,0,0,6556,168,0,2,-999,0
cram,direct,277,1467549,0,0,5403,170,0,2,-999,0
cram,direct,278,1498859,0,0,5634,172,0,2,-999,0
cram,direct,279,1469666,0,0,5464,170,0,2,-999,0
cram,direct,280,1423039,0,0,5651,171,0,2,-999,0
cram,direct,281,1435790,0,0,5192,159,0,2,-999,0
cram,direct,282,4744901,0,0,9523,171,0,2,-999,0
cram,direct,283,1554540,0,0,6032,171,0,2,-999,0
cram,direct,284,1566466,0,0,5290,170,0,2,-999,0
cram,direct,285,1504221,0,0,6273,170,0,2,-999,0
cram,direct,286,1546757,0,0,5799,169,0,2,-999,0
cram,direct,287,1477061,0,0,5298,173,0,2,-999,0
cram,direct,288,1660867,0,0,5851,172,0,2,-999,0
cram,direct,289,1512180,0,0,5350,159,0,2,-999,0
cram,direct,290,1504334,0,0,6672,170,0,2,-999,0
cram,direct,291,1508339,0,0,9304,200,0,2,-999,0
cram,direct,292,1037691,0,0,7500,222,0,2,-999,0
cram,direct,293,1046326,0,0,45328,202,0,2,-999,0
cram,direct,294,1480936,0,0,7658,210,0,2,-999,0
cram,direct,295,1423965,0,0,8777,199,0,2,-999,0
cram,direct,296,1458939,0,0,7378,222,0,2,-999,0
cram,direct,297,1499235,0,0,7967,214,0,2,-999,0
cram,direct,298,1503742,0,0,8393,217,0,2,-999,0
cram,direct,299,1064485,0,0,6259,169,0,2,-999,0
cram,direct,300,1394044,0,0,5589,169,0,2,-999,0
cram,direct,301,1049719,0,0,5447,170,0,2,-999,0
cram,direct,302,1519230,0,0,7443,169,0,2,-999,0
cram,direct,303,1415651,0,0,6188,168,0,2,-999,0
cram,direct,304,1472766,0,0,5710,160,0,2,-999,0
cram,direct,305,1451668,0,0,7227,201,0,2,-999,0
cram,direct,306,1430160,0,0,5684,161,0,2,-999,0
cram,direct,307,1403966,0,0,5449,159,0,2,-999,0
cram,direct,308,1455609,0,0,5794,160,0,2,-999,0
cram,direct,309,1450039,0,0,6028,158,0,2,-999,0
cram,direct,310,1432798,0,0,5460,158,0,2,-999,0
cram,direct,311,1490948,0,0,5456,160,0,2,-999,0
cram,direct,312,1431499,0,0,5325,159,0,2,-999,0
cram,direct,313,1509083,0,0,6127,160,0,2,-999,0
cram,direct,314,1527161,0,0,6053,172,0,2,-999,0
cram,direct,315,1468148,0,0,5443,170,0,2,-999,0
cram,direct,316,1098146,0,0,5741,159,0,2,-999,0
cram,direct,317,1482103,0,0,5686,160,0,2,-999,0
cram,direct,318,1468069,0,0,6000,161,0,2,-999,0
cram,direct,319,1407479,0,0,5710,166,0,2,-999,0
cram,direct,320,1449141,0,0,5647,159,0,2,-999,0
cram,direct,321,1551294,0,0,6726,228,0,2,-999,0
cram,direct,322,1614722,0,0,6593,171,0,2,-999,0
cram,direct,323,1011031,0,0,5462,205,0,2,-999,0
cram,direct,324,1363469,0,0,5311,166,0,2,-999,0
cram,direct,325,1365582,0,0,6197,162,0,2,-999,0
cram,direct,326,1395257,0,0,5585,171,0,2,-999,0
cram,direct,327,1419987,0,0,5394,170,0,2,-999,0
cram,direct,328,1410992,0,0,5597,160,0,2,-999,0
cram,direct,329,1414694,0,0,5848,159,0,2,-999,0
cram,direct,330,1409297,0,0,5389,159,0,2,-999,0
cram,direct,331,1388580,0,0,5430,159,0,2,-999,0
cram,direct,332,3017741,0,0,6032,159,0,2,-999,0
cram,direct,333,1469894,0,0,5715,161,0,2,-999,0
cram,direct,334,1450638,0,0,5500,159,0,2,-999,0
cram,direct,335,1406520,0,0,5472,158,0,2,-999,0
cram,direct,336,1390611,0,0,5262,160,0,2,-999,0
cram,direct,337,1405156,0,0,5298,160,0,2,-999,0
cram,direct,338,1447661,0,0,5189,159,0,2,-999,0
cram,direct,339,1409750,0,0,7255,159,0,2,-999,0
cram,direct,340,1375256,0,0,5451,158,0,2,-999,0
cram,direct,341,1380153,0,0,5222,159,0,2,-999,0
cram,direct,342,1405440,0,0,5419,159,0,2,-999,0
cram,direct,343,1416182,0,0,5483,159,0,2,-999,0
cram,direct,344,1423515,0,0,5562,159,0,2,-999,0
cram,direct,345,1452839,0,0,5999,160,0,2,-999,0
cram,direct,346,1425048,0,0,5688,161,0,2,-999,0
cram,direct,347,1408416,0,0,5064,160,0,2,-999,0
cram,direct,348,1851507,0,0,7418,171,0,2,-999,0
cram,direct,349,12240,0,0,4973,160,0,2,-999,0
cram,direct,350,3186637,0,0,8889,231,0,2,-999,0
cram,direct,351,1494209,0,0,7493,226,0,2,-999,0
cram,direct,352,1475605,0,0,7186,232,0,2,-999,0
cram,direct,353,1122977,0,0,6990,232,0,2,-999,0
cram,direct,354,1453873,0,0,6728,233,0,2,-999,0
cram,direct,355,1650861,0,0,7457,171,0,2,-999,0
cram,direct,356,1565745,0,0,6290,168,0,2,-999,0
cram,direct,357,1409418,0,0,5501,159,0,2,-999,0
cram,direct,358,1402780,0,0,5982,172,0,2,-999,0
cram,direct,359,1384063,0,0,5415,171,0,2,-999,0
cram,direct,360,1414611,0,0,5375,169,0,2,-999,0
cram,direct,361,1430175,0,0,5427,166,0,2,-999,0
cram,direct,362,1441962,0,0,5249,160,0,2,-999,0
cram,direct,363,1422496,0,0,5852,165,0,2,-999,0
cram,direct,364,1465972,0,0,5612,159,0,2,-999,0
cram,direct,365,1671298,0,0,5513,159,0,2,-999,0
cram,direct,366,1462707,0,0,5881,160,0,2,-999,0
cram,direct,367,1412467,0,0,5691,160,0,2,-999,0
cram,direct,368,1537455,0,0,9440,185,0,2,-999,0
cram,direct,369,1087165,0,0,8624,196,0,2,-999,0
cram,direct,370,681273,0,0,7945,201,0,2,-999,0
cram,direct,371,1022049,0,0,6275,170,0,2,-999,0
cram,direct,372,1438178,0,0,7975,196,0,2,-999,0
cram,direct,373,1565472,0,0,6265,170,0,2,-999,0
cram,direct,374,1583891,0,0,7857,166,0,2,-999,0
cram,direct,375,1404774,0,0,5591,168,0,2,-999,0
cram,direct,376,1017573,0,0,5290,165,0,2,-999,0
cram,direct,377,1409833,0,0,5201,166,0,2,-999,0
cram,direct,378,1417211,0,0,5225,156,0,2,-999,0
cram,direct,379,1411143,0,0,5150,156,0,2,-999,0
cram,direct,380,1452472,0,0,5840,154,0,2,-999,0
cram,direct,381,1453761,0,0,6226,171,0,2,-999,0
cram,direct,382,1663208,0,0,6192,172,0,2,-999,0
cram,direct,383,1390289,0,0,25865,171,0,2,-999,0
cram,direct,384,1434545,0,0,5338,170,0,2,-999,0
cram,direct,385,1426562,0,0,5609,168,0,2,-999,0
cram,direct,386,1510455,0,0,5935,160,0,2,-999,0
cram,direct,387,1389785,0,0,5401,159,0,2,-999,0
cram,direct,388,12863331,0,0,6790,168,0,2,-999,0
cram,direct,389,1960604,0,0,5807,169,0,2,-999,0
cram,direct,390,1934772,0,0,6409,171,0,2,-999,0
cram,direct,391,1845266,0,0,5565,170,0,2,-999,0
cram,direct,392,1756728,0,0,5148,160,0,2,-999,0
cram,direct,393,2074618,0,0,6059,162,0,2,-999,0
cram,direct,394,1730457,0,0,5289,160,0,2,-999,0
cram,direct,395,1719937,0,0,5129,159,0,2,-999,0
cram,direct,396,1732545,0,0,5314,160,0,2,-999,0
cram,direct,397,1332195,0,0,7295,170,0,2,-999,0
cram,direct,398,1987203,0,0,9400,236,0,2,-999,0
cram,direct,399,1303378,0,0,8304,248,0,2,-999,0
cram,direct,400,1727837,0,0,6427,171,0,2,-999,0
cram,direct,401,1674707,0,0,5449,171,0,2,-999,0
cram,direct,402,1747268,0,0,6028,170,0,2,-999,0
cram,direct,403,1712733,0,0,6023,170,0,2,-999,0
cram,direct,404,1672066,0,0,5803,171,0,2,-999,0
cram,direct,405,1701821,0,0,7859,216,0,2,-999,0
cram,direct,406,1702662,0,0,8697,225,0,2,-999,0
cram,direct,407,1691871,0,0,8469,198,0,2,-999,0
cram,direct,408,1705877,0,0,6060,170,0,2,-999,0
cram,direct,409,1763500,0,0,5245,170,0,2,-999,0
cram,direct,410,1705875,0,0,7455,217,0,2,-999,0
cram,direct,411,1746807,0,0,5750,169,0,2,-999,0
cram,direct,412,1799492,0,0,7205,170,0,2,-999,0
cram,direct,413,2874502,0,0,7279,171,0,2,-999,0
cram,direct,414,1970193,0,0,6713,170,0,2,-999,0
cram,direct,415,1870219,0,0,6279,169,0,2,-999,0
cram,direct,416,1756903,0,0,6245,170,0,2,-999,0
cram,direct,417,1767968,0,0,5810,170,0,2,-999,0
cram,direct,418,1740642,0,0,5388,170,0,2,-999,0
cram,direct,419,1759447,0,0,6708,171,0,2,-999,0
cram,direct,420,2448382,0,0,7876,193,0,2,-999,0
cram,direct,421,1778066,0,0,7904,169,0,2,-999,0
cram,direct,422,1685013,0,0,6005,170,0,2,-999,0
cram,direct,423,1697930,0,0,5406,170,0,2,-999,0
cram,direct,424,1756596,0,0,6029,170,0,2,-999,0
cram,direct,425,1728711,0,0,6856,170,0,2,-999,0
cram,direct,426,1739395,0,0,7446,166,0,2,-999,0
cram,direct,427,1687177,0,0,6048,167,0,2,-999,0
cram,direct,428,1665047,0,0,5631,166,0,2,-999,0
cram,direct,429,1624723,0,0,5684,165,0,2,-999,0
cram,direct,430,1725788,0,0,5613,165,0,2,-999,0
cram,direct,431,1661225,0,0,6699,166,0,2,-999,0
cram,direct,432,1677441,0,0,5751,168,0,2,-999,0
cram,direct,433,1501807,0,0,6036,164,0,2,-999,0
cram,direct,434,1294603,0,0,5990,166,0,2,-999,0
cram,direct,435,1635729,0,0,5536,168,0,2,-999,0
cram,direct,436,1686859,0,0,6629,170,0,2,-999,0
cram,direct,437,1726203,0,0,6313,171,0,2,-999,0
cram,direct,438,1680754,0,0,6174,169,0,2,-999,0
cram,direct,439,1745345,0,0,5878,165,0,2,-999,0
cram,direct,440,1773671,0,0,6160,169,0,2,-999,0
cram,direct,441,2834206,0,0,9800,226,0,2,-999,0
cram,direct,442,5885190,0,0,7912,180,0,2,-999,0
cram,direct,443,1775954,0,0,6598,193,0,2,-999,0
cram,direct,444,1730473,0,0,5710,167,0,2,-999,0
cram,direct,445,1759864,0,0,5847,165,0,2,-999,0
cram,direct,446,1786080,0,0,5920,165,0,2,-999,0
cram,direct,447,1683616,0,0,5895,165,0,2,-999,0
cram,direct,448,1653078,0,0,5605,165,0,2,-999,0
cram,direct,449,1654996,0,0,5298,166,0,2,-999,0
cram,direct,450,1720398,0,0,5915,167,0,2,-999,0
cram,direct,451,1668747,0,0,5453,164,0,2,-999,0
cram,direct,452,1616509,0,0,6192,167,0,2,-999,0
cram,direct,453,1737446,0,0,7150,171,0,2,-999,0
cram,direct,454,1724661,0,0,6632,171,0,2,-999,0
cram,direct,455,1218941,0,0,6444,171,0,2,-999,0
cram,direct,456,1636843,0,0,5333,171,0,2,-999,0
cram,direct,457,1633633,0,0,5194,159,0,2,-999,0
cram,direct,458,1650165,0,0,6042,160,0,2,-999,0
cram,direct,459,1638496,0,0,5154,158,0,2,-999,0
cram,direct,460,1870815,0,0,6784,170,0,2,-999,0
cram,direct,461,4382131,0,0,6961,167,0,2,-999,0
cram,direct,462,1648951,0,0,5629,169,0,2,-999,0
cram,direct,463,1622412,0,0,5319,169,0,2,-999,0
cram,direct,464,1643908,0,0,5131,169,0,2,-999,0
cram,direct,465,1640660,0,0,5001,155,0,2,-999,0
cram,direct,466,1723029,0,0,9527,230,0,2,-999,0
cram,direct,467,789662,0,0,9114,224,0,2,-999,0
cram,direct,468,1763427,0,0,9599,197,0,2,-999,0
cram,direct,469,1671053,0,0,9123,209,0,2,-999,0
cram,direct,470,1648607,0,0,8390,214,0,2,-999,0
cram,direct,471,1226985,0,0,8756,224,0,2,-999,0
cram,direct,472,1648416,0,0,9575,231,0,2,-999,0
cram,direct,473,1680049,0,0,8994,213,0,2,-999,0
cram,direct,474,1300741,0,0,8160,199,0,2,-999,0
cram,direct,475,1677077,0,0,8743,243,0,2,-999,0
cram,direct,476,1247730,0,0,8538,232,0,2,-999,0
cram,direct,477,1682378,0,0,9189,188,0,2,-999,0
cram,direct,478,1661453,0,0,8443,215,0,2,-999,0
cram,direct,479,1654676,0,0,8616,196,0,2,-999,0
cram,direct,480,1682085,0,0,8760,233,0,2,-999,0
cram,direct,481,1686544,0,0,6958,170,0,2,-999,0
cram,direct,482,1638223,0,0,6016,170,0,2,-999,0
cram,direct,483,1628353,0,0,5606,170,0,2,-999,0
cram,direct,484,1686203,0,0,5716,159,0,2,-999,0
cram,direct,485,1627615,0,0,5598,161,0,2,-999,0
cram,direct,486,1636489,0,0,6011,169,0,2,-999,0
cram,direct,487,1228383,0,0,5753,170,0,2,-999,0
cram,direct,488,1713255,0,0,6126,170,0,2,-999,0
cram,direct,489,1767248,0,0,6140,170,0,2,-999,0
cram,direct,490,1724003,0,0,8187,170,0,2,-999,0
cram,direct,491,1724959,0,0,6016,171,0,2,-999,0
cram,direct,492,1676823,0,0,5894,160,0,2,-999,0
cram,direct,493,1676568,0,0,5338,158,0,2,-999,0
cram,direct,494,1756716,0,0,5879,156,0,2,-999,0
cram,direct,495,1684145,0,0,5996,170,0,2,-999,0
cram,direct,496,1729453,0,0,6019,160,0,2,-999,0
cram,direct,497,1673793,0,0,6402,159,0,2,-999,0
cram,direct,498,1840936,0,0,8590,171,0,2,-999,0
cram,direct,499,1699946,0,0,6181,172,0,2,-999,0
cram,direct,500,1769755,0,0,5648,184,0,2,-999,0
cram,direct,501,1699360,0,0,5828,185,0,2,-999,0
cram,direct,502,1642668,0,0,5850,184,0,2,-999,0
cram,direct,503,1826878,0,0,7328,222,0,2,-999,0
cram,direct,504,1667209,0,0,8002,243,0,2,-999,0
cram,direct,505,1735982,0,0,6094,168,0,2,-999,0
cram,direct,506,1785277,0,0,6118,170,0,2,-999,0
cram,direct,507,866291,0,0,5801,172,0,2,-999,0
cram,direct,508,1843907,0,0,6084,169,0,2,-999,0
cram,direct,509,1665500,0,0,5721,170,0,2,-999,0
cram,direct,510,1792503,0,0,5458,159,0,2,-999,0
cram,direct,511,1956700,0,0,32704,170,0,2,-999,0
cram,direct,512,1365233,0,0,6483,171,0,2,-999,0
cram,direct,513,1704520,0,0,6134,170,0,2,-999,0
cram,direct,514,12279697,0,0,7457,170,0,2,-999,0
cram,direct,515,1877254,0,0,5398,170,0,2,-999,0
cram,direct,516,1969079,0,0,5730,168,0,2,-999,0
cram,direct,517,1706150,0,0,5627,170,0,2,-999,0
cram,direct,518,1995640,0,0,5771,171,0,2,-999,0
cram,direct,519,1389017,0,0,6110,171,0,2,-999,0
cram,direct,520,1831852,0,0,6040,171,0,2,-999,0
cram,direct,521,2725470,0,0,6673,171,0,2,-999,0
cram,direct,522,1851475,0,0,6499,170,0,2,-999,0
cram,direct,523,1750551,0,0,5943,172,0,2,-999,0
cram,direct,524,1701122,0,0,6013,171,0,2,-999,0
cram,direct,525,1835568,0,0,9315,240,0,2,-999,0
cram,direct,526,1765843,0,0,8359,226,0,2,-999,0
cram,direct,527,1282522,0,0,7942,204,0,2,-999,0
cram,direct,528,1714148,0,0,8950,212,0,2,-999,0
cram,direct,529,1703846,0,0,8855,242,0,2,-999,0
cram,direct,530,1826648,0,0,9873,242,0,2,-999,0
cram,direct,531,1644186,0,0,8593,234,0,2,-999,0
cram,direct,532,1865207,0,0,8674,242,0,2,-999,0
cram,direct,533,1841821,0,0,9070,239,0,2,-999,0
cram,direct,534,1759383,0,0,46450,263,0,2,-999,0
cram,direct,535,1657020,0,0,9159,225,0,2,-999,0
cram,direct,536,1458662,0,0,8555,227,0,2,-999,0
cram,direct,537,1902202,0,0,8582,220,0,2,-999,0
cram,direct,538,1857906,0,0,9227,234,0,2,-999,0
cram,direct,539,2127847,0,0,7656,169,0,2,-999,0
cram,direct,540,1911407,0,0,6457,169,0,2,-999,0
cram,direct,541,1880624,0,0,5761,170,0,2,-999,0
cram,direct,542,1813328,0,0,5339,170,0,2,-999,0
cram,direct,543,1825105,0,0,7886,171,0,2,-999,0
cram,direct,544,1870576,0,0,6309,171,0,2,-999,0
cram,direct,545,2016091,0,0,6405,171,0,2,-999,0
cram,direct,546,1922871,0,0,6250,170,0,2,-999,0
cram,direct,547,1295862,0,0,5996,170,0,2,-999,0
cram,direct,548,1802922,0,0,7597,171,0,2,-999,0
cram,direct,549,1729858,0,0,6370,171,0,2,-999,0
cram,direct,550,1799056,0,0,6211,176,0,2,-999,0
cram,direct,551,1881168,0,0,6223,169,0,2,-999,0
cram,direct,552,1704006,0,0,6056,170,0,2,-999,0
cram,direct,553,1778417,0,0,6652,168,0,2,-999,0
cram,direct,554,1796177,0,0,6162,169,0,2,-999,0
cram,direct,555,2064849,0,0,6102,170,0,2,-999,0
cram,direct,556,2319295,0,0,8206,166,0,2,-999,0
cram,direct,557,2051512,0,0,10255,197,0,2,-999,0
cram,direct,558,2046123,0,0,8208,235,0,2,-999,0
cram,direct,559,1385396,0,0,8424,199,0,2,-999,0
cram,direct,560,4041776,0,0,8945,244,0,2,-999,0
cram,direct,561,1962425,0,0,9494,244,0,2,-999,0
cram,direct,562,1891711,0,0,7936,187,0,2,-999,0
cram,direct,563,1978414,0,0,20600,189,0,2,-999,0
cram,direct,564,1886545,0,0,7572,167,0,2,-999,0
cram,direct,565,2021780,0,0,7163,165,0,2,-999,0
cram,direct,566,2868301,0,0,6520,170,0,2,-999,0
cram,direct,567,1895600,0,0,7852,167,0,2,-999,0
cram,direct,568,2037768,0,0,6284,170,0,2,-999,0
cram,direct,569,1796090,0,0,6408,166,0,2,-999,0
cram,direct,570,1634137,0,0,5633,167,0,2,-999,0
cram,direct,571,1651026,0,0,5750,167,0,2,-999,0
cram,direct,572,2208911,0,0,7476,170,0,2,-999,0
cram,direct,573,2559829,0,0,5787,171,0,2,-999,0
cram,direct,574,1692419,0,0,5340,170,0,2,-999,0
cram,direct,575,1688752,0,0,5169,171,0,2,-999,0
cram,direct,576,1660233,0,0,5408,160,0,2,-999,0
cram,direct,577,1683080,0,0,5300,159,0,2,-999,0
cram,direct,578,1675678,0,0,5404,172,0,2,-999,0
cram,direct,579,1670475,0,0,5974,168,0,2,-999,0
cram,direct,580,1683152,0,0,8083,171,0,2,-999,0
cram,direct,581,1675352,0,0,5999,169,0,2,-999,0
cram,direct,582,1692120,0,0,5464,170,0,2,-999,0
cram,direct,583,1635550,0,0,5448,169,0,2,-999,0
cram,direct,584,1627216,0,0,5504,169,0,2,-999,0
cram,direct,585,1679347,0,0,7858,243,0,2,-999,0
cram,direct,586,1716029,0,0,7897,225,0,2,-999,0
cram,direct,587,1740333,0,0,7571,234,0,2,-999,0
cram,direct,588,1753196,0,0,7436,230,0,2,-999,0
cram,direct,589,1703803,0,0,7318,228,0,2,-999,0
cram,direct,590,1741417,0,0,7991,172,0,2,-999,0
cram,direct,591,1677616,0,0,6252,169,0,2,-999,0
cram,direct,592,1663227,0,0,5582,168,0,2,-999,0
cram,direct,593,1718934,0,0,6088,168,0,2,-999,0
cram,direct,594,1710240,0,0,7604,168,0,2,-999,0
cram,direct,595,1626605,0,0,5349,171,0,2,-999,0
cram,direct,596,1653883,0,0,5421,172,0,2,-999,0
cram,direct,597,1635619,0,0,5710,170,0,2,-999,0
cram,direct,598,1678958,0,0,8872,215,0,2,-999,0
cram,direct,599,1679106,0,0,6486,169,0,2,-999,0
cram,direct,600,1761620,0,0,7452,171,0,2,-999,0
cram,direct,601,1338339,0,0,6376,172,0,2,-999,0
cram,direct,602,1694627,0,0,6012,172,0,2,-999,0
cram,direct,603,1949506,0,0,6619,169,0,2,-999,0
cram,direct,604,1730162,0,0,6030,169,0,2,-999,0
cram,direct,605,1657822,0,0,5660,170,0,2,-999,0
cram,direct,606,1774501,0,0,6217,171,0,2,-999,0
cram,direct,607,1675519,0,0,10263,238,0,2,-999,0
cram,direct,608,1783702,0,0,5949,171,0,2,-999,0
cram,direct,609,1675506,0,0,5952,170,0,2,-999,0
cram,direct,610,1652811,0,0,5458,170,0,2,-999,0
cram,direct,611,1748031,0,0,5573,160,0,2,-999,0
cram,direct,612,1716102,0,0,7219,172,0,2,-999,0
cram,direct,613,1589908,0,0,5740,169,0,2,-999,0
cram,direct,614,1603646,0,0,5236,170,0,2,-999,0
cram,direct,615,1625733,0,0,5958,171,0,2,-999,0
cram,direct,616,1642272,0,0,5710,170,0,2,-999,0
cram,direct,617,1628209,0,0,5152,159,0,2,-999,0
cram,direct,618,1659150,0,0,5754,170,0,2,-999,0
cram,direct,619,1625089,0,0,5447,159,0,2,-999,0
cram,direct,620,1638698,0,0,5662,170,0,2,-999,0
cram,direct,621,1627975,0,0,6610,184,0,2,-999,0
cram,direct,622,1675977,0,0,5551,172,0,2,-999,0
cram,direct,623,1672870,0,0,6192,170,0,2,-999,0
cram,direct,624,1651263,0,0,5671,172,0,2,-999,0
cram,direct,625,1663390,0,0,5134,169,0,2,-999,0
cram,direct,626,1731300,0,0,6625,169,0,2,-999,0
cram,direct,627,1699620,0,0,6037,171,0,2,-999,0
cram,direct,628,1583425,0,0,6239,172,0,2,-999,0
cram,direct,629,1605318,0,0,5462,170,0,2,-999,0
cram,direct,630,1682422,0,0,5535,169,0,2,-999,0
cram,direct,631,1684745,0,0,5839,171,0,2,-999,0
cram,direct,632,1636092,0,0,5702,170,0,2,-999,0
cram,direct,633,1608923,0,0,5397,170,0,2,-999,0
cram,direct,634,1721018,0,0,5432,170,0,2,-999,0
cram,direct,635,1716675,0,0,6024,171,0,2,-999,0
cram,direct,636,1695225,0,0,5853,171,0,2,-999,0
cram,direct,637,1663677,0,0,5465,170,0,2,-999,0
cram,direct,638,1750968,0,0,5438,172,0,2,-999,0
cram,direct,639,1479495,0,0,8303,170,0,2,-999,0
cram,direct,640,1679627,0,0,5867,171,0,2,-999,0
cram,direct,641,1754049,0,0,5690,171,0,2,-999,0
cram,direct,642,1667082,0,0,6035,171,0,2,-999,0
cram,direct,643,1620726,0,0,5718,170,0,2,-999,0
cram,direct,644,1612386,0,0,6784,178,0,2,-999,0
cram,direct,645,1589079,0,0,5809,168,0,2,-999,0
cram,direct,646,1613930,0,0,17453,171,0,2,-999,0
cram,direct,647,1644252,0,0,6199,170,0,2,-999,0
cram,direct,648,1623728,0,0,7406,167,0,2,-999,0
cram,direct,649,1777857,0,0,6255,166,0,2,-999,0
cram,direct,650,1704152,0,0,5892,166,0,2,-999,0
cram,direct,651,1805048,0,0,7418,172,0,2,-999,0
cram,direct,652,14128558,0,0,8575,171,0,2,-999,0
cram,direct,653,1854920,0,0,9925,215,0,2,-999,0
cram,direct,654,2159742,0,0,6722,171,0,2,-999,0
cram,direct,655,1656700,0,0,5650,169,0,2,-999,0
cram,direct,656,1678955,0,0,5507,172,0,2,-999,0
cram,direct,657,1637419,0,0,5093,170,0,2,-999,0
cram,direct,658,1635145,0,0,5051,171,0,2,-999,0
cram,direct,659,1614871,0,0,5900,170,0,2,-999,0
cram,direct,660,1715959,0,0,7815,264,0,2,-999,0
cram,direct,661,1773238,0,0,6069,171,0,2,-999,0
cram,direct,662,1598060,0,0,5538,170,0,2,-999,0
cram,direct,663,2039443,0,0,6650,170,0,2,-999,0
cram,direct,664,1712302,0,0,8323,239,0,2,-999,0
cram,direct,665,1877374,0,0,8534,211,0,2,-999,0
cram,direct,666,1758025,0,0,6174,170,0,2,-999,0
cram,direct,667,1644175,0,0,7836,189,0,2,-999,0
cram,direct,668,1917850,0,0,7415,166,0,2,-999,0
cram,direct,669,2348388,0,0,6351,169,0,2,-999,0
cram,direct,670,2099648,0,0,6403,168,0,2,-999,0
cram,direct,671,1779916,0,0,5595,169,0,2,-999,0
cram,direct,672,1644840,0,0,5511,169,0,2,-999,0
cram,direct,673,1682963,0,0,5893,165,0,2,-999,0
cram,direct,674,1699361,0,0,6547,170,0,2,-999,0
cram,direct,675,1630967,0,0,6899,171,0,2,-999,0
cram,direct,676,2259384,0,0,6053,168,0,2,-999,0
cram,direct,677,1797308,0,0,8246,168,0,2,-999,0
cram,direct,678,1715951,0,0,8503,204,0,2,-999,0
cram,direct,679,1763989,0,0,5824,169,0,2,-999,0
cram,direct,680,1670745,0,0,7608,208,0,2,-999,0
cram,direct,681,1796509,0,0,5507,157,0,2,-999,0
cram,direct,682,2740989,0,0,7530,169,0,2,-999,0
cram,direct,683,1854199,0,0,6276,169,0,2,-999,0
cram,direct,684,1695217,0,0,7155,204,0,2,-999,0
cram,direct,685,1767761,0,0,7713,171,0,2,-999,0
cram,direct,686,1670290,0,0,6308,169,0,2,-999,0
cram,direct,687,1653772,0,0,6026,168,0,2,-999,0
cram,direct,688,1650570,0,0,6493,167,0,2,-999,0
cram,direct,689,2025669,0,0,6584,168,0,2,-999,0
cram,direct,690,1876547,0,0,5938,167,0,2,-999,0
cram,direct,691,1623637,0,0,5440,166,0,2,-999,0
cram,direct,692,1633326,0,0,5482,155,0,2,-999,0
cram,direct,693,1624616,0,0,7233,171,0,2,-999,0
cram,direct,694,1601228,0,0,5595,170,0,2,-999,0
cram,direct,695,1611093,0,0,5161,162,0,2,-999,0
cram,direct,696,1650899,0,0,5827,159,0,2,-999,0
cram,direct,697,2783030,0,0,6513,169,0,2,-999,0
cram,direct,698,4195325,0,0,6237,169,0,2,-999,0
cram,direct,699,1790256,0,0,5814,169,0,2,-999,0
cram,direct,700,1628026,0,0,5670,160,0,2,-999,0
cram,direct,701,1705149,0,0,5385,158,0,2,-999,0
cram,direct,702,3868190,0,0,6206,171,0,2,-999,0
cram,direct,703,2051459,0,0,6424,171,0,2,-999,0
cram,direct,704,2085361,0,0,5211,170,0,2,-999,0
cram,direct,705,1674601,0,0,5826,170,0,2,-999,0
cram,direct,706,1630317,0,0,5454,170,0,2,-999,0
cram,direct,707,1613094,0,0,5333,157,0,2,-999,0
cram,direct,708,3749876,0,0,7187,168,0,2,-999,0
cram,direct,709,1654555,0,0,6261,171,0,2,-999,0
cram,direct,710,1679149,0,0,7625,229,0,2,-999,0
cram,direct,711,1638522,0,0,6566,202,0,2,-999,0
cram,direct,712,1616973,0,0,6464,206,0,2,-999,0
cram,direct,713,1662379,0,0,6564,205,0,2,-999,0
cram,direct,714,1675304,0,0,6930,218,0,2,-999,0
cram,direct,715,1645124,0,0,7476,196,0,2,-999,0
cram,direct,716,1632968,0,0,5856,171,0,2,-999,0
cram,direct,717,1653220,0,0,5488,169,0,2,-999,0
cram,direct,718,1722191,0,0,5747,171,0,2,-999,0
cram,direct,719,1671421,0,0,5937,169,0,2,-999,0
cram,direct,720,1746902,0,0,6864,201,0,2,-999,0
cram,direct,721,1904569,0,0,6121,171,0,2,-999,0
cram,direct,722,1682183,0,0,5876,171,0,2,-999,0
cram,direct,723,1739994,0,0,6028,35032,0,2,-999,0
cram,direct,724,1897533,0,0,6626,171,0,2,-999,0
cram,direct,725,1762744,0,0,5867,170,0,2,-999,0
cram,direct,726,1641384,0,0,7778,168,0,2,-999,0
cram,direct,727,1626298,0,0,5474,168,0,2,-999,0
cram,direct,728,1733387,0,0,6074,170,0,2,-999,0
cram,direct,729,3397757,0,0,6160,172,0,2,-999,0
cram,direct,730,1619068,0,0,5767,171,0,2,-999,0
cram,direct,731,1495447,0,0,5145,170,0,2,-999,0
cram,direct,732,1522690,0,0,6237,169,0,2,-999,0
cram,direct,733,1476860,0,0,5616,170,0,2,-999,0
cram,direct,734,1466623,0,0,5627,171,0,2,-999,0
cram,direct,735,1422031,0,0,5427,159,0,2,-999,0
cram,direct,736,3996147,0,0,6890,169,0,2,-999,0
cram,direct,737,1501984,0,0,5557,8500,0,2,-999,0
cram,direct,738,1459603,0,0,5274,170,0,2,-999,0
cram,direct,739,1444337,0,0,5847,172,0,2,-999,0
cram,direct,740,1393591,0,0,5855,170,0,2,-999,0
cram,direct,741,1436246,0,0,5526,169,0,2,-999,0
cram,direct,742,1580077,0,0,5560,168,0,2,-999,0
cram,direct,743,1951792,0,0,7465,169,0,2,-999,0
cram,direct,744,2021282,0,0,6333,171,0,2,-999,0
cram,direct,745,2167368,0,0,6004,171,0,2,-999,0
cram,direct,746,2260322,0,0,7724,172,0,2,-999,0
cram,direct,747,2151366,0,0,5938,169,0,2,-999,0
cram,direct,748,1458457,0,0,49873,186,0,2,-999,0
cram,direct,749,1508998,0,0,6984,171,0,2,-999,0
cram,direct,750,1394342,0,0,6020,169,0,2,-999,0
cram,direct,751,1396409,0,0,5359,169,0,2,-999,0
cram,direct,752,1379534,0,0,5285,170,0,2,-999,0
cram,direct,753,1373546,0,0,5048,161,0,2,-999,0
cram,direct,754,1400283,0,0,5124,161,0,2,-999,0
cram,direct,755,1383454,0,0,5516,160,0,2,-999,0
cram,direct,756,1366684,0,0,5505,160,0,2,-999,0
cram,direct,757,1387750,0,0,5461,159,0,2,-999,0
cram,direct,758,1401789,0,0,5431,213,0,2,-999,0
cram,direct,759,1390284,0,0,6500,169,0,2,-999,0
cram,direct,760,1363781,0,0,5686,170,0,2,-999,0
cram,direct,761,1394532,0,0,5705,169,0,2,-999,0
cram,direct,762,1429435,0,0,6412,171,0,2,-999,0
cram,direct,763,1386335,0,0,5823,169,0,2,-999,0
cram,direct,764,1461616,0,0,7171,166,0,2,-999,0
cram,direct,765,1369412,0,0,5548,167,0,2,-999,0
cram,direct,766,1384880,0,0,5659,168,0,2,-999,0
cram,direct,767,1471336,0,0,7579,225,0,2,-999,0
cram,direct,768,1393479,0,0,6104,170,0,2,-999,0
cram,direct,769,1472666,0,0,5764,170,0,2,-999,0
cram,direct,770,1457439,0,0,5369,169,0,2,-999,0
cram,direct,771,1367578,0,0,5489,170,0,2,-999,0
cram,direct,772,1364191,0,0,6348,224,0,2,-999,0
cram,direct,773,1556640,0,0,5392,171,0,2,-999,0
cram,direct,774,1743675,0,0,16528,172,0,2,-999,0
cram,direct,775,1224966,0,0,8279,221,0,2,-999,0
cram,direct,776,1409055,0,0,6073,165,0,2,-999,0
cram,direct,777,1398507,0,0,5675,168,0,2,-999,0
cram,direct,778,1534225,0,0,5818,169,0,2,-999,0
cram,direct,779,1779519,0,0,5160,157,0,2,-999,0
cram,direct,780,1654708,0,0,5848,155,0,2,-999,0
cram,direct,781,12099719,0,0,6968,167,0,2,-999,0
cram,direct,782,1456327,0,0,5456,157,0,2,-999,0
cram,direct,783,1420351,0,0,5637,155,0,2,-999,0
cram,direct,784,1381880,0,0,5119,157,0,2,-999,0
cram,direct,785,1423965,0,0,5272,154,0,2,-999,0
cram,direct,786,1609714,0,0,5210,155,0,2,-999,0
cram,direct,787,2772883,0,0,7894,169,0,2,-999,0
cram,direct,788,2160298,0,0,6491,167,0,2,-999,0
cram,direct,789,2093885,0,0,29994,172,0,2,-999,0
cram,direct,790,2159398,0,0,7612,169,0,2,-999,0
cram,direct,791,1926728,0,0,5843,168,0,2,-999,0
cram,direct,792,1519985,0,0,5598,171,0,2,-999,0
cram,direct,793,1417899,0,0,26661,169,0,2,-999,0
cram,direct,794,1504494,0,0,5947,171,0,2,-999,0
cram,direct,795,1651748,0,0,6063,171,0,2,-999,0
cram,direct,796,1399434,0,0,5679,169,0,2,-999,0
cram,direct,797,1518362,0,0,5579,172,0,2,-999,0
cram,direct,798,1420016,0,0,5413,170,0,2,-999,0
cram,direct,799,1387690,0,0,5189,161,0,2,-999,0
cram,direct,800,1416049,0,0,5776,172,0,2,-999,0
cram,direct,801,1417981,0,0,5560,169,0,2,-999,0
cram,direct,802,1426591,0,0,5978,170,0,2,-999,0
cram,direct,803,1432985,0,0,6208,172,0,2,-999,0
cram,direct,804,1401831,0,0,5670,170,0,2,-999,0
cram,direct,805,1413072,0,0,5482,169,0,2,-999,0
cram,direct,806,1439666,0,0,5527,172,0,2,-999,0
cram,direct,807,1652905,0,0,5931,171,0,2,-999,0
cram,direct,808,1480028,0,0,6207,171,0,2,-999,0
cram,direct,809,1844349,0,0,5627,170,0,2,-999,0
cram,direct,810,2133567,0,0,8870,240,0,2,-999,0
cram,direct,811,2856777,0,0,7197,171,0,2,-999,0
cram,direct,812,1754759,0,0,5685,185,0,2,-999,0
cram,direct,813,1664183,0,0,5495,171,0,2,-999,0
cram,direct,814,1756445,0,0,5452,170,0,2,-999,0
cram,direct,815,1654676,0,0,5600,170,0,2,-999,0
cram,direct,816,1689602,0,0,5158,171,0,2,-999,0
cram,direct,817,3611958,0,0,6221,171,0,2,-999,0
cram,direct,818,1848739,0,0,5351,171,0,2,-999,0
cram,direct,819,1284948,0,0,7569,198,0,2,-999,0
cram,direct,820,1676315,0,0,6671,187,0,2,-999,0
cram,direct,821,1708686,0,0,5801,172,0,2,-999,0
cram,direct,822,1736005,0,0,6010,170,0,2,-999,0
cram,direct,823,1773808,0,0,5873,170,0,2,-999,0
cram,direct,824,1782223,0,0,5862,170,0,2,-999,0
cram,direct,825,1449295,0,0,5478,168,0,2,-999,0
cram,direct,826,1243843,0,0,5384,170,0,2,-999,0
cram,direct,827,1691875,0,0,6153,170,0,2,-999,0
cram,direct,828,1758436,0,0,8476,227,0,2,-999,0
cram,direct,829,1745385,0,0,7986,231,0,2,-999,0
cram,direct,830,1894097,0,0,5893,166,0,2,-999,0
cram,direct,831,1705507,0,0,5232,168,0,2,-999,0
cram,direct,832,1243479,0,0,5843,165,0,2,-999,0
cram,direct,833,1683290,0,0,5937,166,0,2,-999,0
cram,direct,834,1702942,0,0,5276,166,0,2,-999,0
cram,direct,835,1673226,0,0,5726,156,0,2,-999,0
cram,direct,836,1643787,0,0,12994,157,0,2,-999,0
cram,direct,837,1704861,0,0,8673,171,0,2,-999,0
cram,direct,838,1681015,0,0,9570,220,0,2,-999,0
cram,direct,839,1657154,0,0,7123,227,0,2,-999,0
cram,direct,840,1826594,0,0,7442,225,0,2,-999,0
cram,direct,841,1899142,0,0,6503,171,0,2,-999,0
cram,direct,842,1694281,0,0,5864,168,0,2,-999,0
cram,direct,843,1692446,0,0,7020,172,0,2,-999,0
cram,direct,844,1679166,0,0,6244,171,0,2,-999,0
cram,direct,845,3823952,0,0,6345,171,0,2,-999,0
cram,direct,846,2016076,0,0,6113,169,0,2,-999,0
cram,direct,847,1677118,0,0,5369,171,0,2,-999,0
cram,direct,848,1665694,0,0,6589,213,0,2,-999,0
cram,direct,849,1630318,0,0,5286,170,0,2,-999,0
cram,direct,850,1633871,0,0,5851,172,0,2,-999,0
cram,direct,851,3110713,0,0,7785,236,0,2,-999,0
cram,direct,852,2626713,0,0,7014,169,0,2,-999,0
cram,direct,853,1771581,0,0,6289,169,0,2,-999,0
cram,direct,854,1673913,0,0,7737,188,0,2,-999,0
cram,direct,855,1730392,0,0,7084,169,0,2,-999,0
cram,direct,856,1714585,0,0,6053,171,0,2,-999,0
cram,direct,857,1877109,0,0,7257,171,0,2,-999,0
cram,direct,858,1917692,0,0,6449,171,0,2,-999,0
cram,direct,859,1724149,0,0,5861,171,0,2,-999,0
cram,direct,860,1799536,0,0,5649,170,0,2,-999,0
cram,direct,861,2100217,0,0,6050,168,0,2,-999,0
cram,direct,862,1688633,0,0,5937,170,0,2,-999,0
cram,direct,863,1918268,0,0,6212,170,0,2,-999,0
cram,direct,864,1883371,0,0,6687,172,0,2,-999,0
cram,direct,865,2409666,0,0,6033,168,0,2,-999,0
cram,direct,866,2033768,0,0,6954,167,0,2,-999,0
cram,direct,867,1627882,0,0,6493,169,0,2,-999,0
cram,direct,868,1613156,0,0,5953,169,0,2,-999,0
cram,direct,869,1621447,0,0,5589,182,0,2,-999,0
cram,direct,870,1672387,0,0,6149,170,0,2,-999,0
cram,direct,871,1944947,0,0,5823,170,0,2,-999,0
cram,direct,872,1665620,0,0,8073,191,0,2,-999,0
cram,direct,873,1681374,0,0,5998,171,0,2,-999,0
cram,direct,874,1755536,0,0,7115,171,0,2,-999,0
cram,direct,875,1772141,0,0,5883,168,0,2,-999,0
cram,direct,876,1646305,0,0,5273,158,0,2,-999,0
cram,direct,877,1635487,0,0,5312,160,0,2,-999,0
cram,direct,878,1825727,0,0,5707,160,0,2,-999,0
cram,direct,879,1772585,0,0,5764,159,0,2,-999,0
cram,direct,880,1666957,0,0,5582,170,0,2,-999,0
cram,direct,881,1656272,0,0,5621,170,0,2,-999,0
cram,direct,882,1655030,0,0,5393,171,0,2,-999,0
cram,direct,883,1629780,0,0,5256,159,0,2,-999,0
cram,direct,884,1597658,0,0,5379,168,0,2,-999,0
cram,direct,885,1698180,0,0,7612,207,0,2,-999,0
cram,direct,886,2015643,0,0,7796,169,0,2,-999,0
cram,direct,887,1668564,0,0,5779,170,0,2,-999,0
cram,direct,888,1733167,0,0,5407,170,0,2,-999,0
cram,direct,889,1749934,0,0,5868,171,0,2,-999,0
cram,direct,890,1684856,0,0,5307,170,0,2,-999,0
cram,direct,891,1675661,0,0,5221,169,0,2,-999,0
cram,direct,892,1677280,0,0,5253,171,0,2,-999,0
cram,direct,893,2036563,0,0,7780,170,0,2,-999,0
cram,direct,894,1728829,0,0,6183,171,0,2,-999,0
cram,direct,895,1693428,0,0,5461,169,0,2,-999,0
cram,direct,896,1729757,0,0,6219,171,0,2,-999,0
cram,direct,897,1667263,0,0,5408,168,0,2,-999,0
cram,direct,898,1660577,0,0,5488,160,0,2,-999,0
cram,direct,899,1660839,0,0,5748,169,0,2,-999,0
cram,direct,900,1765245,0,0,19788,169,0,2,-999,0
cram,direct,901,1790224,0,0,6172,170,0,2,-999,0
cram,direct,902,1779155,0,0,16101,171,0,2,-999,0
cram,direct,903,1738757,0,0,6549,171,0,2,-999,0
cram,direct,904,1805518,0,0,5196,170,0,2,-999,0
cram,direct,905,1785165,0,0,5293,159,0,2,-999,0
cram,direct,906,1796908,0,0,5259,161,0,2,-999,0
cram,direct,907,1773418,0,0,5336,161,0,2,-999,0
cram,direct,908,1792561,0,0,6518,171,0,2,-999,0
cram,direct,909,16360514,0,0,7644,171,0,2,-999,0
cram,direct,910,1888906,0,0,6426,163,0,2,-999,0
cram,direct,911,1920717,0,0,7239,168,0,2,-999,0
cram,direct,912,467157,0,0,7605,232,0,2,-999,0
cram,direct,913,1687285,0,0,7390,229,0,2,-999,0
cram,direct,914,1756341,0,0,19715,165,0,2,-999,0
cram,direct,915,1689333,0,0,5920,170,0,2,-999,0
cram,direct,916,1681911,0,0,6096,167,0,2,-999,0
cram,direct,917,1741769,0,0,7314,172,0,2,-999,0
cram,direct,918,1653844,0,0,6002,170,0,2,-999,0
cram,direct,919,1679568,0,0,6318,170,0,2,-999,0
cram,direct,920,1668705,0,0,5537,171,0,2,-999,0
cram,direct,921,1690524,0,0,5980,170,0,2,-999,0
cram,direct,922,1753744,0,0,10526,223,0,2,-999,0
cram,direct,923,1706823,0,0,8112,200,0,2,-999,0
cram,direct,924,1803482,0,0,8799,208,0,2,-999,0
cram,direct,925,1771774,0,0,8858,239,0,2,-999,0
cram,direct,926,1730023,0,0,8679,266,0,2,-999,0
cram,direct,927,1768254,0,0,9193,221,0,2,-999,0
cram,direct,928,1763851,0,0,7629,209,0,2,-999,0
cram,direct,929,1854401,0,0,6065,172,0,2,-999,0
cram,direct,930,1757409,0,0,5833,170,0,2,-999,0
cram,direct,931,1773573,0,0,6228,173,0,2,-999,0
cram,direct,932,1250669,0,0,22530,169,0,2,-999,0
cram,direct,933,1738371,0,0,5640,171,0,2,-999,0
cram,direct,934,1682437,0,0,5602,169,0,2,-999,0
cram,direct,935,1828393,0,0,5589,171,0,2,-999,0
cram,direct,936,2504079,0,0,6385,170,0,2,-999,0
cram,direct,937,1731281,0,0,5525,171,0,2,-999,0
cram,direct,938,1736408,0,0,5813,169,0,2,-999,0
cram,direct,939,1938199,0,0,6139,172,0,2,-999,0
cram,direct,940,1704508,0,0,6091,159,0,2,-999,0
cram,direct,941,1729407,0,0,8008,244,0,2,-999,0
cram,direct,942,1708034,0,0,6143,167,0,2,-999,0
cram,direct,943,1818455,0,0,9932,194,0,2,-999,0
cram,direct,944,1695522,0,0,6568,169,0,2,-999,0
cram,direct,945,1750700,0,0,5955,171,0,2,-999,0
cram,direct,946,1641238,0,0,5266,168,0,2,-999,0
cram,direct,947,1663863,0,0,5465,170,0,2,-999,0
cram,direct,948,1660697,0,0,6038,169,0,2,-999,0
cram,direct,949,1673825,0,0,5961,172,0,2,-999,0
cram,direct,950,1687630,0,0,7774,169,0,2,-999,0
cram,direct,951,1727992,0,0,6700,170,0,2,-999,0
cram,direct,952,1695998,0,0,6294,165,0,2,-999,0
cram,direct,953,1713363,0,0,5965,167,0,2,-999,0
cram,direct,954,1776909,0,0,7229,170,0,2,-999,0
cram,direct,955,1715630,0,0,7450,183,0,2,-999,0
cram,direct,956,1775963,0,0,7378,220,0,2,-999,0
cram,direct,957,1740950,0,0,7164,223,0,2,-999,0
cram,direct,958,1769715,0,0,7251,167,0,2,-999,0
cram,direct,959,1702668,0,0,5875,166,0,2,-999,0
cram,direct,960,1700417,0,0,6173,170,0,2,-999,0
cram,direct,961,1667883,0,0,5596,169,0,2,-999,0
cram,direct,962,1724826,0,0,6034,169,0,2,-999,0
cram,direct,963,2313837,0,0,5851,170,0,2,-999,0
cram,direct,964,1734717,0,0,7317,172,0,2,-999,0
cram,direct,965,3032149,0,0,6143,172,0,2,-999,0
cram,direct,966,1721403,0,0,6194,170,0,2,-999,0
cram,direct,967,1738123,0,0,5393,171,0,2,-999,0
cram,direct,968,1669018,0,0,5609,171,0,2,-999,0
cram,direct,969,1696233,0,0,24762,159,0,2,-999,0
cram,direct,970,1691886,0,0,5865,161,0,2,-999,0
cram,direct,971,1867346,0,0,7388,171,0,2,-999,0
cram,direct,972,1712287,0,0,6135,169,0,2,-999,0
cram,direct,973,1774859,0,0,6325,171,0,2,-999,0
cram,direct,974,1743190,0,0,5919,171,0,2,-999,0
cram,direct,975,2142655,0,0,6407,170,0,2,-999,0
cram,direct,976,1692823,0,0,5725,170,0,2,-999,0
cram,direct,977,1747579,0,0,7639,232,0,2,-999,0
cram,direct,978,1651164,0,0,6295,171,0,2,-999,0
cram,direct,979,1626908,0,0,7265,167,0,2,-999,0
cram,direct,980,1977537,0,0,7177,169,0,2,-999,0
cram,direct,981,1764088,0,0,5643,168,0,2,-999,0
cram,direct,982,1692122,0,0,5184,169,0,2,-999,0
cram,direct,983,1670273,0,0,5344,170,0,2,-999,0
cram,direct,984,1801781,0,0,6177,168,0,2,-999,0
cram,direct,985,1700323,0,0,5229,157,0,2,-999,0
cram,direct,986,1770139,0,0,6331,170,0,2,-999,0
cram,direct,987,1734808,0,0,5952,171,0,2,-999,0
cram,direct,988,1689100,0,0,5237,169,0,2,-999,0
cram,direct,989,1690083,0,0,5208,170,0,2,-999,0
cram,direct,990,1692177,0,0,10287,182,0,2,-999,0
cram,direct,991,1773363,0,0,5722,168,0,2,-999,0
cram,direct,992,1715741,0,0,5874,169,0,2,-999,0
cram,direct,993,1698578,0,0,5514,161,0,2,-999,0
cram,direct,994,1812088,0,0,6889,167,0,2,-999,0
cram,direct,995,1688776,0,0,5644,169,0,2,-999,0
cram,direct,996,1767658,0,0,5771,168,0,2,-999,0
cram,direct,997,1745041,0,0,8063,194,0,2,-999,0
cram,direct,998,1719117,0,0,6255,172,0,2,-999,0
cram,direct,999,1851129,0,0,6082,169,0,2,-999,0
cram,readwrite,0,30410892,383,0,12151,234,0,2,2,0
cram,readwrite,1,14189188,319,0,17231,267,0,2,2,0
cram,readwrite,2,1842613,354,0,8869,238,0,2,2,0
cram,readwrite,3,2324931,299,0,8319,268,0,2,2,0
cram,readwrite,4,1682237,261,0,7888,264,0,2,2,0
cram,readwrite,5,1656976,272,0,7285,215,0,2,2,0
cram,readwrite,6,1635680,285,0,7285,259,0,2,2,0
cram,readwrite,7,1616095,283,0,7308,252,0,2,2,0
cram,readwrite,8,1652364,329,0,38418,232,0,2,2,0
cram,readwrite,9,1679927,262,0,6871,227,0,2,2,0
cram,readwrite,10,1712225,274,0,7475,252,0,2,2,0
cram,readwrite,11,1740729,267,0,7402,263,0,2,2,0
cram,readwrite,12,1710271,271,0,7048,249,0,2,2,0
cram,readwrite,13,1739155,264,0,7025,256,0,2,2,0
cram,readwrite,14,1736349,284,0,6986,245,0,2,2,0
cram,readwrite,15,1325477,288,0,7607,269,0,2,2,0
cram,readwrite,16,1696612,265,0,7195,262,0,2,2,0
cram,readwrite,17,1708335,274,0,7183,247,0,2,2,0
cram,readwrite,18,1707630,265,0,7274,243,0,2,2,0
cram,readwrite,19,1728924,281,0,7677,265,0,2,2,0
cram,readwrite,20,1738813,293,0,7507,264,0,2,2,0
cram,readwrite,21,1641249,298,0,7134,229,0,2,2,0
cram,readwrite,22,1660417,280,0,7060,249,0,2,2,0
cram,readwrite,23,1695686,274,0,7564,253,0,2,2,0
cram,readwrite,24,1725823,360,0,7748,239,0,2,2,0
cram,readwrite,25,1694688,248,0,8059,167,0,2,2,0
cram,readwrite,26,1286197,188,0,6180,169,0,2,2,0
cram,readwrite,27,2004067,186,0,7387,171,0,2,2,0
cram,readwrite,28,1668499,201,0,5435,168,0,2,2,0
cram,readwrite,29,1659689,187,0,5260,170,0,2,2,0
cram,readwrite,30,1672578,184,0,5108,171,0,2,2,0
cram,readwrite,31,1667955,184,0,5054,169,0,2,2,0
cram,readwrite,32,3623635,243,0,7931,176,0,2,2,0
cram,readwrite,33,2132657,184,0,7473,183,0,2,2,0
cram,readwrite,34,1672740,188,0,5752,182,0,2,2,0
cram,readwrite,35,1702575,169,0,5592,190,0,2,2,0
cram,readwrite,36,1729220,171,0,5620,185,0,2,2,0
cram,readwrite,37,1679252,173,0,6412,170,0,2,2,0
cram,readwrite,38,2467224,177,0,6750,171,0,2,2,0
cram,readwrite,39,1945914,172,0,6170,170,0,2,2,0
cram,readwrite,40,1820800,206,0,7453,216,0,2,2,0
cram,readwrite,41,1896290,169,0,6151,172,0,2,2,0
cram,readwrite,42,1818754,170,0,5896,170,0,2,2,0
cram,readwrite,43,1723618,168,0,5401,170,0,2,2,0
cram,readwrite,44,1755841,169,0,6113,170,0,2,2,0
cram,readwrite,45,1251478,171,0,6093,171,0,2,2,0
cram,readwrite,46,1763259,168,0,6088,172,0,2,2,0
cram,readwrite,47,1643479,169,0,5228,169,0,2,2,0
cram,readwrite,48,1647940,169,0,5113,169,0,2,2,0
cram,readwrite,49,1794393,183,0,5464,170,0,2,2,0
cram,readwrite,50,1842560,170,0,5466,183,0,2,2,0
cram,readwrite,51,1704568,172,0,5595,169,0,2,2,0
cram,readwrite,52,1798251,172,0,5339,159,0,2,2,0
cram,readwrite,53,1698726,171,0,5681,160,0,2,2,0
cram,readwrite,54,1776962,192,0,6729,170,0,2,2,0
cram,readwrite,55,1860097,187,0,6451,169,0,2,2,0
cram,readwrite,56,1950239,189,0,5821,172,0,2,2,0
cram,readwrite,57,1704231,184,0,5551,162,0,2,2,0
cram,readwrite,58,1686064,188,0,5984,159,0,2,2,0
cram,readwrite,59,1739250,184,0,6086,171,0,2,2,0
cram,readwrite,60,1733069,184,0,5473,172,0,2,2,0
cram,readwrite,61,1690472,184,0,5403,169,0,2,2,0
cram,readwrite,62,1703844,184,0,5269,170,0,2,2,0
cram,readwrite,63,2041444,183,0,40181,185,0,2,2,0
cram,readwrite,64,1791287,186,0,5384,169,0,2,2,0
cram,readwrite,65,1725258,184,0,5120,170,0,2,2,0
cram,readwrite,66,1810497,6799,0,6588,171,0,2,2,0
cram,readwrite,67,1808909,185,0,5925,171,0,2,2,0
cram,readwrite,68,1740480,185,0,5364,167,0,2,2,0
cram,readwrite,69,1741666,183,0,5395,170,0,2,2,0
cram,readwrite,70,1708370,185,0,5091,170,0,2,2,0
cram,readwrite,71,1722318,186,0,5137,169,0,2,2,0
cram,readwrite,72,1705722,183,0,5077,171,0,2,2,0
cram,readwrite,73,1730275,186,0,5377,169,0,2,2,0
cram,readwrite,74,1762011,184,0,8601,170,0,2,2,0
cram,readwrite,75,1821561,187,0,6104,170,0,2,2,0
cram,readwrite,76,1765113,181,0,5199,171,0,2,2,0
cram,readwrite,77,1870918,183,0,7095,169,0,2,2,0
cram,readwrite,78,1731636,182,0,5803,169,0,2,2,0
cram,readwrite,79,1723373,183,0,5490,171,0,2,2,0
cram,readwrite,80,1728348,182,0,5564,170,0,2,2,0
cram,readwrite,81,2100790,196,0,7853,169,0,2,2,0
cram,readwrite,82,2075147,207,0,6595,169,0,2,2,0
cram,readwrite,83,1789066,185,0,5487,170,0,2,2,0
cram,readwrite,84,1921658,317,0,8806,218,0,2,2,0
cram,readwrite,85,1863197,188,0,7799,168,0,2,2,0
cram,readwrite,86,1723762,183,0,6424,171,0,2,2,0
cram,readwrite,87,1775433,199,0,6264,170,0,2,2,0
cram,readwrite,88,3814680,236,0,7105,168,0,2,2,0
cram,readwrite,89,1874766,201,0,6067,168,0,2,2,0
cram,readwrite,90,1736644,186,0,5402,170,0,2,2,0
cram,readwrite,91,1399214,215,0,7586,170,0,2,2,0
cram,readwrite,92,1837831,187,0,6951,171,0,2,2,0
cram,readwrite,93,1785147,187,0,6301,169,0,2,2,0
cram,readwrite,94,1753887,268,0,9835,232,0,2,2,0
cram,readwrite,95,1394536,249,0,8587,230,0,2,2,0
cram,readwrite,96,1795572,272,0,8968,232,0,2,2,0
cram,readwrite,97,1779986,314,0,8659,237,0,2,2,0
cram,readwrite,98,1748114,290,0,8487,235,0,2,2,0
cram,readwrite,99,1339406,307,0,7883,199,0,2,2,0
cram,readwrite,100,2146018,181,0,7696,170,0,2,2,0
cram,readwrite,101,2911042,235,0,7205,171,0,2,2,0
cram,readwrite,102,1822669,181,0,6055,169,0,2,2,0
cram,readwrite,103,1752173,174,0,5550,170,0,2,2,0
cram,readwrite,104,1785021,173,0,5461,168,0,2,2,0
cram,readwrite,105,1772211,227,0,6511,171,0,2,2,0
cram,readwrite,106,1939429,302,0,10082,253,0,2,2,0
cram,readwrite,107,1916942,176,0,7551,172,0,2,2,0
cram,readwrite,108,2608971,269,0,8944,200,0,2,2,0
cram,readwrite,109,2563348,222,0,7770,168,0,2,2,0
cram,readwrite,110,2129914,211,0,6833,169,0,2,2,0
cram,readwrite,111,1816892,207,0,5593,154,0,2,2,0
cram,readwrite,112,1753707,172,0,7291,168,0,2,2,0
cram,readwrite,113,1746527,183,0,6563,168,0,2,2,0
cram,readwrite,114,1807631,171,0,5434,168,0,2,2,0
cram,readwrite,115,2443012,196,0,6212,167,0,2,2,0
cram,readwrite,116,2334423,211,0,6276,167,0,2,2,0
cram,readwrite,117,1683421,188,0,5890,168,0,2,2,0
cram,readwrite,118,1243115,218,0,6360,167,0,2,2,0
cram,readwrite,119,1762795,179,0,6273,170,0,2,2,0
cram,readwrite,120,1722067,275,0,10075,221,0,2,2,0
cram,readwrite,121,1685532,184,0,6221,168,0,2,2,0
cram,readwrite,122,1758558,184,0,6299,169,0,2,2,0
cram,readwrite,123,1729670,192,0,5706,171,0,2,2,0
cram,readwrite,124,1693543,187,0,5226,171,0,2,2,0
cram,readwrite,125,1706989,197,0,5139,170,0,2,2,0
cram,readwrite,126,1755394,188,0,6686,166,0,2,2,0
cram,readwrite,127,1782317,187,0,29713,169,0,2,2,0
cram,readwrite,128,1779907,191,0,6907,167,0,2,2,0
cram,readwrite,129,1700787,188,0,5534,167,0,2,2,0
cram,readwrite,130,1721764,186,0,5872,225,0,2,2,0
cram,readwrite,131,1768398,184,0,6155,168,0,2,2,0
cram,readwrite,132,16466519,411,0,11545,225,0,2,2,0
cram,readwrite,133,1924167,185,0,7804,171,0,2,2,0
cram,readwrite,134,1815984,191,0,6733,170,0,2,2,0
cram,readwrite,135,1747442,189,0,6280,170,0,2,2,0
cram,readwrite,136,1861873,254,0,8793,200,0,2,2,0
cram,readwrite,137,1304640,185,0,5897,169,0,2,2,0
cram,readwrite,138,1756741,186,0,5328,164,0,2,2,0
cram,readwrite,139,2107892,184,0,7151,166,0,2,2,0
cram,readwrite,140,1819161,190,0,6259,168,0,2,2,0
cram,readwrite,141,2026886,513,0,12123,219,0,2,2,0
cram,readwrite,142,1590813,184,0,6243,170,0,2,2,0
cram,readwrite,143,1822673,310,0,8656,212,0,2,2,0
cram,readwrite,144,1797525,187,0,6236,170,0,2,2,0
cram,readwrite,145,1802864,186,0,5764,169,0,2,2,0
cram,readwrite,146,1637709,258,0,10955,236,0,2,2,0
cram,readwrite,147,3068305,366,0,8763,198,0,2,2,0
cram,readwrite,148,2387358,188,0,6721,169,0,2,2,0
cram,readwrite,149,2242505,187,0,6290,170,0,2,2,0
cram,readwrite,150,2152182,290,0,7713,179,0,2,2,0
cram,readwrite,151,2157728,187,0,5370,169,0,2,2,0
cram,readwrite,152,2167523,209,0,6930,171,0,2,2,0
cram,readwrite,153,1925279,174,0,7550,170,0,2,2,0
cram,readwrite,154,1821313,173,0,5824,170,0,2,2,0
cram,readwrite,155,1892994,167,0,6265,185,0,2,2,0
cram,readwrite,156,1843060,179,0,5804,171,0,2,2,0
cram,readwrite,157,1943124,173,0,5270,169,0,2,2,0
cram,readwrite,158,1740896,232,0,7420,197,0,2,2,0
cram,readwrite,159,1775312,224,0,6627,171,0,2,2,0
cram,readwrite,160,1728028,219,0,6056,161,0,2,2,0
cram,readwrite,161,1721664,169,0,5866,161,0,2,2,0
cram,readwrite,162,1716195,172,0,5792,161,0,2,2,0
cram,readwrite,163,1712567,176,0,7162,382,0,2,2,0
cram,readwrite,164,1740024,280,0,7680,173,0,2,2,0
cram,readwrite,165,1743427,200,0,7444,168,0,2,2,0
cram,readwrite,166,1676479,181,0,6162,171,0,2,2,0
cram,readwrite,167,1635008,172,0,5789,170,0,2,2,0
cram,readwrite,168,1689779,226,0,6554,160,0,2,2,0
cram,readwrite,169,1856955,169,0,5948,171,0,2,2,0
cram,readwrite,170,1726536,169,0,5792,170,0,2,2,0
cram,readwrite,171,1742417,173,0,12116,171,0,2,2,0
cram,readwrite,172,1800265,183,0,6823,185,0,2,2,0
cram,readwrite,173,1738211,184,0,5803,169,0,2,2,0
cram,readwrite,174,1703921,184,0,5231,159,0,2,2,0
cram,readwrite,175,1711385,185,0,5850,169,0,2,2,0
cram,readwrite,176,1682092,185,0,5221,160,0,2,2,0
cram,readwrite,177,1705357,182,0,5996,159,0,2,2,0
cram,readwrite,178,1699963,185,0,5941,160,0,2,2,0
cram,readwrite,179,1749882,184,0,5331,160,0,2,2,0
cram,readwrite,180,1746758,183,0,5816,160,0,2,2,0
cram,readwrite,181,1717760,183,0,6185,159,0,2,2,0
cram,readwrite,182,1743775,211,0,7526,169,0,2,2,0
cram,readwrite,183,1672558,180,0,6386,171,0,2,2,0
cram,readwrite,184,1663255,184,0,5401,168,0,2,2,0
cram,readwrite,185,1813368,216,0,5831,170,0,2,2,0
cram,readwrite,186,1790034,193,0,5927,170,0,2,2,0
cram,readwrite,187,1818434,187,0,7005,184,0,2,2,0
cram,readwrite,188,1787288,196,0,6188,171,0,2,2,0
cram,readwrite,189,1851189,218,0,6288,184,0,2,2,0
cram,readwrite,190,1755003,183,0,5756,183,0,2,2,0
cram,readwrite,191,1678040,268,0,6816,170,0,2,2,0
cram,readwrite,192,1672784,185,0,6389,224,0,2,2,0
cram,readwrite,193,1671351,184,0,5283,170,0,2,2,0
cram,readwrite,194,2542798,192,0,7932,184,0,2,2,0
cram,readwrite,195,1877364,313,0,7727,231,0,2,2,0
cram,readwrite,196,1738078,185,0,6017,172,0,2,2,0
cram,readwrite,197,1678389,277,0,6165,169,0,2,2,0
cram,readwrite,198,1685691,271,0,6412,171,0,2,2,0
cram,readwrite,199,1689131,180,0,5664,171,0,2,2,0
cram,readwrite,200,1710098,278,0,7130,169,0,2,2,0
cram,readwrite,201,1710268,198,0,6159,170,0,2,2,0
cram,readwrite,202,1715311,287,0,7323,171,0,2,2,0
cram,readwrite,203,1714336,184,0,5932,168,0,2,2,0
cram,readwrite,204,1701444,185,0,5533,170,0,2,2,0
cram,readwrite,205,1750819,185,0,5677,170,0,2,2,0
cram,readwrite,206,1698108,185,0,5777,170,0,2,2,0
cram,readwrite,207,1704610,184,0,5374,168,0,2,2,0
cram,readwrite,208,1258952,180,0,5270,160,0,2,2,0
cram,readwrite,209,3025887,198,0,6417,169,0,2,2,0
cram,readwrite,210,1735278,182,0,6007,172,0,2,2,0
cram,readwrite,211,1721585,259,0,8328,199,0,2,2,0
cram,readwrite,212,1747002,183,0,6176,172,0,2,2,0
cram,readwrite,213,1916892,262,0,8390,170,0,2,2,0
cram,readwrite,214,1815221,179,0,6565,170,0,2,2,0
cram,readwrite,215,1868871,179,0,5993,169,0,2,2,0
cram,readwrite,216,1713229,184,0,5523,172,0,2,2,0
cram,readwrite,217,1721309,180,0,6045,170,0,2,2,0
cram,readwrite,218,1762726,187,0,6449,170,0,2,2,0
cram,readwrite,219,1667835,169,0,9853,170,0,2,2,0
cram,readwrite,220,1690244,184,0,5395,170,0,2,2,0
cram,readwrite,221,1740899,183,0,5099,170,0,2,2,0
cram,readwrite,222,1941070,195,0,7245,170,0,2,2,0
cram,readwrite,223,1766026,187,0,6089,171,0,2,2,0
cram,readwrite,224,1678451,190,0,5800,171,0,2,2,0
cram,readwrite,225,1719547,191,0,5582,170,0,2,2,0
cram,readwrite,226,1707128,184,0,5626,170,0,2,2,0
cram,readwrite,227,1725172,184,0,5715,169,0,2,2,0
cram,readwrite,228,1699124,185,0,5433,169,0,2,2,0
cram,readwrite,229,1965240,183,0,6101,169,0,2,2,0
cram,readwrite,230,1691940,269,0,9503,219,0,2,2,0
cram,readwrite,231,1704338,184,0,6067,173,0,2,2,0
cram,readwrite,232,1851215,169,0,7020,170,0,2,2,0
cram,readwrite,233,1771002,170,0,6763,167,0,2,2,0
cram,readwrite,234,1732969,168,0,5420,169,0,2,2,0
cram,readwrite,235,1757782,256,0,7676,170,0,2,2,0
cram,readwrite,236,1720252,184,0,7638,170,0,2,2,0
cram,readwrite,237,1778119,172,0,23319,171,0,2,2,0
cram,readwrite,238,1718798,168,0,5930,160,0,2,2,0
cram,readwrite,239,1745036,170,0,5997,160,0,2,2,0
cram,readwrite,240,1848220,279,0,8783,231,0,2,2,0
cram,readwrite,241,1755091,267,0,8294,226,0,2,2,0
cram,readwrite,242,1744565,247,0,7868,222,0,2,2,0
cram,readwrite,243,1754785,269,0,7741,263,0,2,2,0
cram,readwrite,244,1699469,251,0,8025,213,0,2,2,0
cram,readwrite,245,2205759,268,0,8294,228,0,2,2,0
cram,readwrite,246,1675981,272,0,7833,202,0,2,2,0
cram,readwrite,247,1671709,256,0,7741,254,0,2,2,0
cram,readwrite,248,1738151,245,0,51263,236,0,2,2,0
cram,readwrite,249,1797608,281,0,8375,219,0,2,2,0
cram,readwrite,250,1415905,278,0,7708,221,0,2,2,0
cram,readwrite,251,3282158,187,0,6372,185,0,2,2,0
cram,readwrite,252,2203151,186,0,6293,170,0,2,2,0
cram,readwrite,253,1902633,187,0,6292,172,0,2,2,0
cram,readwrite,254,1898394,187,0,5566,159,0,2,2,0
cram,readwrite,255,1811525,185,0,29000,158,0,2,2,0
cram,readwrite,256,1823439,186,0,6045,160,0,2,2,0
cram,readwrite,257,3378229,188,0,7785,184,0,2,2,0
cram,readwrite,258,1953906,273,0,8487,226,0,2,2,0
cram,readwrite,259,12516611,187,0,7882,184,0,2,2,0
cram,readwrite,260,1853820,278,0,8845,189,0,2,2,0
cram,readwrite,261,1677414,187,0,7044,171,0,2,2,0
cram,readwrite,262,1724059,209,0,5514,171,0,2,2,0
cram,readwrite,263,1688523,186,0,5738,159,0,2,2,0
cram,readwrite,264,1863078,194,0,5708,166,0,2,2,0
cram,readwrite,265,2430727,185,0,5944,160,0,2,2,0
cram,readwrite,266,1911163,182,0,5533,161,0,2,2,0
cram,readwrite,267,1697059,187,0,5529,159,0,2,2,0
cram,readwrite,268,1685647,188,0,5587,160,0,2,2,0
cram,readwrite,269,1765907,245,0,8296,184,0,2,2,0
cram,readwrite,270,1715188,173,0,6393,193,0,2,2,0
cram,readwrite,271,1988178,168,0,5985,185,0,2,2,0
cram,readwrite,272,1704927,167,0,5545,170,0,2,2,0
cram,readwrite,273,1706924,183,0,5249,159,0,2,2,0
cram,readwrite,274,1725398,177,0,6536,170,0,2,2,0
cram,readwrite,275,1766534,283,0,9055,210,0,2,2,0
cram,readwrite,276,1727443,183,0,6053,167,0,2,2,0
cram,readwrite,277,1665519,244,0,8206,245,0,2,2,0
cram,readwrite,278,1027094,290,0,7496,218,0,2,2,0
cram,readwrite,279,1735671,172,0,6533,183,0,2,2,0
cram,readwrite,280,1663074,171,0,5731,170,0,2,2,0
cram,readwrite,281,1686218,174,0,5283,169,0,2,2,0
cram,readwrite,282,1655737,169,0,5552,169,0,2,2,0
cram,readwrite,283,1698598,169,0,5256,171,0,2,2,0
cram,readwrite,284,1745999,175,0,24127,172,0,2,2,0
cram,readwrite,285,1957025,202,0,8239,213,0,2,2,0
cram,readwrite,286,1760513,184,0,5982,171,0,2,2,0
cram,readwrite,287,1711992,186,0,5410,174,0,2,2,0
cram,readwrite,288,1871255,255,0,51830,237,0,2,2,0
cram,readwrite,289,2191892,294,0,8674,229,0,2,2,0
cram,readwrite,290,1777794,279,0,6967,234,0,2,2,0
cram,readwrite,291,1764044,270,0,7455,226,0,2,2,0
cram,readwrite,292,2008990,169,0,7135,169,0,2,2,0
cram,readwrite,293,1711854,370,0,7498,171,0,2,2,0
cram,readwrite,294,1811470,169,0,5876,170,0,2,2,0
cram,readwrite,295,1672546,167,0,5972,170,0,2,2,0
cram,readwrite,296,1810932,248,0,8061,239,0,2,2,0
cram,readwrite,297,1824043,271,0,7400,232,0,2,2,0
cram,readwrite,298,1918114,257,0,7391,226,0,2,2,0
cram,readwrite,299,2041957,301,0,7896,226,0,2,2,0
cram,readwrite,300,4608350,192,0,8902,170,0,2,2,0
cram,readwrite,301,2054196,169,0,6835,170,0,2,2,0
cram,readwrite,302,1873720,177,0,5979,171,0,2,2,0
cram,readwrite,303,1752240,169,0,6076,179,0,2,2,0
cram,readwrite,304,2232094,205,0,17341,168,0,2,2,0
cram,readwrite,305,3396376,183,0,6568,167,0,2,2,0
cram,readwrite,306,1766624,190,0,5973,168,0,2,2,0
cram,readwrite,307,2029179,213,0,7447,169,0,2,2,0
cram,readwrite,308,1919746,208,0,6545,170,0,2,2,0
cram,readwrite,309,1664777,182,0,5888,169,0,2,2,0
cram,readwrite,310,4074653,208,0,22498,168,0,2,2,0
cram,readwrite,311,1974554,187,0,6091,154,0,2,2,0
cram,readwrite,312,1705632,185,0,5255,155,0,2,2,0
cram,readwrite,313,1843260,186,0,5747,156,0,2,2,0
cram,readwrite,314,1718901,182,0,5062,155,0,2,2,0
cram,readwrite,315,1698788,185,0,5104,155,0,2,2,0
cram,readwrite,316,4469491,203,0,6689,167,0,2,2,0
cram,readwrite,317,1936962,184,0,5223,167,0,2,2,0
cram,readwrite,318,1735324,184,0,5179,169,0,2,2,0
cram,readwrite,319,1764231,183,0,5116,168,0,2,2,0
cram,readwrite,320,1750529,182,0,5173,167,0,2,2,0
cram,readwrite,321,1785787,170,0,7179,171,0,2,2,0
cram,readwrite,322,1874565,190,0,6270,168,0,2,2,0
cram,readwrite,323,1746269,168,0,5596,170,0,2,2,0
cram,readwrite,324,1860080,306,0,32496,250,0,2,2,0
cram,readwrite,325,1736540,184,0,5710,168,0,2,2,0
cram,readwrite,326,1850317,182,0,5869,154,0,2,2,0
cram,readwrite,327,1735438,190,0,5989,156,0,2,2,0
cram,readwrite,328,1705133,228,0,6034,157,0,2,2,0
cram,readwrite,329,2050658,183,0,7247,168,0,2,2,0
cram,readwrite,330,1686903,168,0,5425,169,0,2,2,0
cram,readwrite,331,1724119,189,0,5311,166,0,2,2,0
cram,readwrite,332,1682463,247,0,6999,223,0,2,2,0
cram,readwrite,333,1702089,258,0,7108,230,0,2,2,0
cram,readwrite,334,1428979,243,0,7282,170,0,2,2,0
cram,readwrite,335,1777140,178,0,6079,169,0,2,2,0
cram,readwrite,336,1894930,172,0,6450,171,0,2,2,0
cram,readwrite,337,1768285,175,0,20543,169,0,2,2,0
cram,readwrite,338,1817699,168,0,5482,169,0,2,2,0
cram,readwrite,339,1844275,191,0,7779,170,0,2,2,0
cram,readwrite,340,1788617,168,0,7438,208,0,2,2,0
cram,readwrite,341,1766822,190,0,27549,173,0,2,2,0
cram,readwrite,342,1782483,170,0,6339,170,0,2,2,0
cram,readwrite,343,1833047,169,0,6218,171,0,2,2,0
cram,readwrite,344,1740815,189,0,5562,158,0,2,2,0
cram,readwrite,345,1726262,281,0,7553,160,0,2,2,0
cram,readwrite,346,1838369,265,0,6984,170,0,2,2,0
cram,readwrite,347,1771405,194,0,5628,171,0,2,2,0
cram,readwrite,348,1733092,193,0,5598,169,0,2,2,0
cram,readwrite,349,1775095,173,0,26397,168,0,2,2,0
cram,readwrite,350,3963056,169,0,6071,171,0,2,2,0
cram,readwrite,351,1918595,204,0,9862,235,0,2,2,0
cram,readwrite,352,1902229,266,0,10019,243,0,2,2,0
cram,readwrite,353,1836603,188,0,9234,219,0,2,2,0
cram,readwrite,354,1763869,281,0,8320,252,0,2,2,0
cram,readwrite,355,1712021,185,0,6112,171,0,2,2,0
cram,readwrite,356,2308949,190,0,23925,168,0,2,2,0
cram,readwrite,357,2482358,187,0,6574,173,0,2,2,0
cram,readwrite,358,1974915,187,0,6308,169,0,2,2,0
cram,readwrite,359,1939410,203,0,7758,170,0,2,2,0
cram,readwrite,360,1871983,173,0,5925,169,0,2,2,0
cram,readwrite,361,1989623,293,0,8669,184,0,2,2,0
cram,readwrite,362,2330188,171,0,6773,170,0,2,2,0
cram,readwrite,363,2450328,189,0,6118,169,0,2,2,0
cram,readwrite,364,1885111,197,0,6627,170,0,2,2,0
cram,readwrite,365,1809839,281,0,7740,228,0,2,2,0
cram,readwrite,366,1755379,272,0,6885,231,0,2,2,0
cram,readwrite,367,1473492,209,0,7196,171,0,2,2,0
cram,readwrite,368,2484207,257,0,7756,233,0,2,2,0
cram,readwrite,369,2484220,320,0,7669,230,0,2,2,0
cram,readwrite,370,2078098,282,0,7569,229,0,2,2,0
cram,readwrite,371,1895356,191,0,7080,168,0,2,2,0
cram,readwrite,372,1703475,168,0,5741,170,0,2,2,0
cram,readwrite,373,1801981,182,0,6109,171,0,2,2,0
cram,readwrite,374,2699248,192,0,6980,170,0,2,2,0
cram,readwrite,375,1986654,173,0,6124,170,0,2,2,0
cram,readwrite,376,1312077,191,0,5647,171,0,2,2,0
cram,readwrite,377,1755378,184,0,5625,170,0,2,2,0
cram,readwrite,378,2005690,187,0,6420,171,0,2,2,0
cram,readwrite,379,1869251,187,0,5415,170,0,2,2,0
cram,readwrite,380,2358781,348,0,8505,229,0,2,2,0
cram,readwrite,381,2008927,251,0,7685,228,0,2,2,0
cram,readwrite,382,1899983,277,0,7044,223,0,2,2,0
cram,readwrite,383,1809436,259,0,35121,211,0,2,2,0
cram,readwrite,384,1929751,265,0,7422,230,0,2,2,0
cram,readwrite,385,1960484,295,0,7277,237,0,2,2,0
cram,readwrite,386,2055776,187,0,6861,168,0,2,2,0
cram,readwrite,387,13779976,170,0,7054,169,0,2,2,0
cram,readwrite,388,2161680,193,0,6173,165,0,2,2,0
cram,readwrite,389,1656700,171,0,6005,165,0,2,2,0
cram,readwrite,390,1717545,219,0,9059,170,0,2,2,0
cram,readwrite,391,1897455,188,0,6808,170,0,2,2,0
cram,readwrite,392,1901924,257,0,8594,231,0,2,2,0
cram,readwrite,393,2005740,186,0,6310,171,0,2,2,0
cram,readwrite,394,2401691,183,0,5832,170,0,2,2,0
cram,readwrite,395,2208822,258,0,9105,236,0,2,2,0
cram,readwrite,396,1823907,256,0,7317,232,0,2,2,0
cram,readwrite,397,1581988,242,0,7202,225,0,2,2,0
cram,readwrite,398,1862839,270,0,7268,225,0,2,2,0
cram,readwrite,399,1773904,275,0,6849,227,0,2,2,0
cram,readwrite,400,2309685,169,0,6520,170,0,2,2,0
cram,readwrite,401,1703149,170,0,5953,167,0,2,2,0
cram,readwrite,402,1759133,174,0,6098,165,0,2,2,0
cram,readwrite,403,1749743,173,0,5578,165,0,2,2,0
cram,readwrite,404,1307278,288,0,6700,166,0,2,2,0
cram,readwrite,405,1668868,174,0,6336,166,0,2,2,0
cram,readwrite,406,1671916,175,0,5696,163,0,2,2,0
cram,readwrite,407,1700791,195,0,6990,167,0,2,2,0
cram,readwrite,408,3652315,231,0,6273,164,0,2,2,0
cram,readwrite,409,2022761,173,0,5805,169,0,2,2,0
cram,readwrite,410,1415990,171,0,5507,170,0,2,2,0
cram,readwrite,411,1299969,179,0,5395,166,0,2,2,0
cram,readwrite,412,2110958,256,0,6371,166,0,2,2,0
cram,readwrite,413,1294679,171,0,5329,167,0,2,2,0
cram,readwrite,414,3615073,194,0,7362,170,0,2,2,0
cram,readwrite,415,2919599,252,0,6948,171,0,2,2,0
cram,readwrite,416,1795629,193,0,5873,170,0,2,2,0
cram,readwrite,417,1684383,184,0,5420,169,0,2,2,0
cram,readwrite,418,1720423,190,0,5575,172,0,2,2,0
cram,readwrite,419,1819495,186,0,6048,169,0,2,2,0
cram,readwrite,420,1735252,191,0,5735,160,0,2,2,0
cram,readwrite,421,1707788,191,0,6002,171,0,2,2,0
cram,readwrite,422,1679078,189,0,5384,171,0,2,2,0
cram,readwrite,423,1837068,188,0,5835,170,0,2,2,0
cram,readwrite,424,1680023,187,0,5162,159,0,2,2,0
cram,readwrite,425,1664640,185,0,5530,158,0,2,2,0
cram,readwrite,426,1718459,190,0,5655,172,0,2,2,0
cram,readwrite,427,1744022,184,0,6062,170,0,2,2,0
cram,readwrite,428,1689750,183,0,5023,159,0,2,2,0
cram,readwrite,429,1664007,187,0,5260,166,0,2,2,0
cram,readwrite,430,1707183,186,0,5993,165,0,2,2,0
cram,readwrite,431,1677985,186,0,5722,159,0,2,2,0
cram,readwrite,432,1673357,184,0,5269,160,0,2,2,0
cram,readwrite,433,1847414,196,0,7710,169,0,2,2,0
cram,readwrite,434,1754482,320,0,10811,208,0,2,2,0
cram,readwrite,435,1795955,256,0,8079,170,0,2,2,0
cram,readwrite,436,1703059,170,0,5929,170,0,2,2,0
cram,readwrite,437,1678364,179,0,5788,170,0,2,2,0
cram,readwrite,438,1677518,169,0,5666,169,0,2,2,0
cram,readwrite,439,1732623,188,0,6886,183,0,2,2,0
cram,readwrite,440,1759900,168,0,22093,173,0,2,2,0
cram,readwrite,441,1708012,188,0,6523,183,0,2,2,0
cram,readwrite,442,1725295,183,0,5618,172,0,2,2,0
cram,readwrite,443,1708440,185,0,5662,172,0,2,2,0
cram,readwrite,444,1677798,183,0,5111,162,0,2,2,0
cram,readwrite,445,1784842,274,0,7606,233,0,2,2,0
cram,readwrite,446,1749434,188,0,6232,173,0,2,2,0
cram,readwrite,447,1709318,182,0,5352,169,0,2,2,0
cram,readwrite,448,1741884,183,0,6465,357,0,2,2,0
cram,readwrite,449,1796950,183,0,6271,170,0,2,2,0
cram,readwrite,450,1793528,184,0,7259,162,0,2,2,0
cram,readwrite,451,1723995,184,0,5636,158,0,2,2,0
cram,readwrite,452,1752578,183,0,5809,160,0,2,2,0
cram,readwrite,453,1865996,217,0,7137,185,0,2,2,0
cram,readwrite,454,1842548,180,0,6258,170,0,2,2,0
cram,readwrite,455,1842683,252,0,7995,217,0,2,2,0
cram,readwrite,456,2204479,178,0,6203,165,0,2,2,0
cram,readwrite,457,1753396,202,0,7092,171,0,2,2,0
cram,readwrite,458,1732303,178,0,6385,158,0,2,2,0
cram,readwrite,459,1809984,179,0,7789,225,0,2,2,0
cram,readwrite,460,1727064,184,0,6712,182,0,2,2,0
cram,readwrite,461,1716245,169,0,5436,167,0,2,2,0
cram,readwrite,462,1694229,169,0,5180,167,0,2,2,0
cram,readwrite,463,3534179,169,0,6155,168,0,2,2,0
cram,readwrite,464,1755760,169,0,5405,158,0,2,2,0
cram,readwrite,465,1719578,171,0,5493,159,0,2,2,0
cram,readwrite,466,1776536,251,0,8766,231,0,2,2,0
cram,readwrite,467,1724549,215,0,6513,170,0,2,2,0
cram,readwrite,468,1725086,170,0,5487,170,0,2,2,0
cram,readwrite,469,4012442,168,0,6076,171,0,2,2,0
cram,readwrite,470,1732532,184,0,5563,170,0,2,2,0
cram,readwrite,471,1723222,178,0,6734,170,0,2,2,0
cram,readwrite,472,1317655,170,0,6232,171,0,2,2,0
cram,readwrite,473,1672599,171,0,5473,159,0,2,2,0
cram,readwrite,474,1745268,175,0,5814,170,0,2,2,0
cram,readwrite,475,1729868,190,0,5832,158,0,2,2,0
cram,readwrite,476,1725990,194,0,6006,159,0,2,2,0
cram,readwrite,477,1752801,172,0,5611,161,0,2,2,0
cram,readwrite,478,1713099,227,0,7022,159,0,2,2,0
cram,readwrite,479,1264452,186,0,14386,159,0,2,2,0
cram,readwrite,480,1705774,184,0,7025,210,0,2,2,0
cram,readwrite,481,1691133,168,0,5223,161,0,2,2,0
cram,readwrite,482,1917870,169,0,6789,170,0,2,2,0
cram,readwrite,483,1740967,169,0,6250,168,0,2,2,0
cram,readwrite,484,1695727,188,0,5575,169,0,2,2,0
cram,readwrite,485,1705703,184,0,5163,164,0,2,2,0
cram,readwrite,486,1706065,190,0,5355,167,0,2,2,0
cram,readwrite,487,1711473,183,0,6643,194,0,2,2,0
cram,readwrite,488,1684437,170,0,5552,170,0,2,2,0
cram,readwrite,489,1710473,173,0,5423,171,0,2,2,0
cram,readwrite,490,1723675,170,0,6152,170,0,2,2,0
cram,readwrite,491,1756324,190,0,7499,169,0,2,2,0
cram,readwrite,492,1659840,186,0,6463,233,0,2,2,0
cram,readwrite,493,1658393,181,0,5277,161,0,2,2,0
cram,readwrite,494,1674028,183,0,6169,159,0,2,2,0
cram,readwrite,495,1716360,187,0,5271,171,0,2,2,0
cram,readwrite,496,1694812,188,0,5221,159,0,2,2,0
cram,readwrite,497,1705407,187,0,5675,171,0,2,2,0
cram,readwrite,498,1730171,187,0,5270,160,0,2,2,0
cram,readwrite,499,1726342,183,0,5180,159,0,2,2,0
cram,readwrite,500,1658584,187,0,5224,158,0,2,2,0
cram,readwrite,501,1660461,186,0,5643,158,0,2,2,0
cram,readwrite,502,1671059,191,0,5429,159,0,2,2,0
cram,readwrite,503,1705031,187,0,5372,160,0,2,2,0
cram,readwrite,504,1691085,205,0,5361,161,0,2,2,0
cram,readwrite,505,1735643,186,0,5719,160,0,2,2,0
cram,readwrite,506,1726296,182,0,5543,176,0,2,2,0
cram,readwrite,507,1940830,188,0,6171,170,0,2,2,0
cram,readwrite,508,1756911,183,0,5225,169,0,2,2,0
cram,readwrite,509,1733165,181,0,5295,170,0,2,2,0
cram,readwrite,510,1780407,184,0,5148,171,0,2,2,0
cram,readwrite,511,1725942,187,0,32161,171,0,2,2,0
cram,readwrite,512,1783096,193,0,5878,170,0,2,2,0
cram,readwrite,513,2129566,195,0,8022,177,0,2,2,0
cram,readwrite,514,12941236,187,0,6718,171,0,2,2,0
cram,readwrite,515,2089028,188,0,13354,172,0,2,2,0
cram,readwrite,516,2011164,189,0,6293,170,0,2,2,0
cram,readwrite,517,1723414,183,0,5830,169,0,2,2,0
cram,readwrite,518,1714954,209,0,5324,170,0,2,2,0
cram,readwrite,519,1778178,188,0,5469,169,0,2,2,0
cram,readwrite,520,4190701,222,0,7249,182,0,2,2,0
cram,readwrite,521,12467,197,0,5064,159,0,2,2,0
cram,readwrite,522,3818453,184,0,6344,172,0,2,2,0
cram,readwrite,523,1839481,187,0,6159,169,0,2,2,0
cram,readwrite,524,1739726,230,0,6567,172,0,2,2,0
cram,readwrite,525,1719181,183,0,6216,169,0,2,2,0
cram,readwrite,526,1822641,240,0,9516,172,0,2,2,0
cram,readwrite,527,1714046,191,0,5922,169,0,2,2,0
cram,readwrite,528,2003287,208,0,7260,184,0,2,2,0
cram,readwrite,529,1676928,190,0,5577,167,0,2,2,0
cram,readwrite,530,1812725,183,0,6002,170,0,2,2,0
cram,readwrite,531,1752555,183,0,5944,170,0,2,2,0
cram,readwrite,532,1765855,187,0,6168,171,0,2,2,0
cram,readwrite,533,1695083,273,0,7463,235,0,2,2,0
cram,readwrite,534,1787404,257,0,7314,242,0,2,2,0
cram,readwrite,535,1956423,183,0,6312,169,0,2,2,0
cram,readwrite,536,1856254,210,0,6280,171,0,2,2,0
cram,readwrite,537,1676296,216,0,7114,168,0,2,2,0
cram,readwrite,538,1701908,176,0,5663,165,0,2,2,0
cram,readwrite,539,1698104,170,0,5469,167,0,2,2,0
cram,readwrite,540,2970938,194,0,7350,171,0,2,2,0
cram,readwrite,541,2103885,185,0,6285,166,0,2,2,0
cram,readwrite,542,1765082,184,0,5318,165,0,2,2,0
cram,readwrite,543,1784971,169,0,7323,172,0,2,2,0
cram,readwrite,544,1708865,169,0,5801,171,0,2,2,0
cram,readwrite,545,2062848,200,0,6056,170,0,2,2,0
cram,readwrite,546,1809245,186,0,6321,170,0,2,2,0
cram,readwrite,547,1750998,170,0,6046,172,0,2,2,0
cram,readwrite,548,1978270,185,0,5890,170,0,2,2,0
cram,readwrite,549,1703468,169,0,5719,172,0,2,2,0
cram,readwrite,550,1236196,177,0,5317,172,0,2,2,0
cram,readwrite,551,1654055,173,0,5424,162,0,2,2,0
cram,readwrite,552,1661788,171,0,5660,161,0,2,2,0
cram,readwrite,553,1774179,267,0,8201,170,0,2,2,0
cram,readwrite,554,1993490,168,0,6208,187,0,2,2,0
cram,readwrite,555,1691548,170,0,5166,157,0,2,2,0
cram,readwrite,556,1693663,191,0,5127,161,0,2,2,0
cram,readwrite,557,1737505,169,0,5356,158,0,2,2,0
cram,readwrite,558,1683228,177,0,5372,168,0,2,2,0
cram,readwrite,559,1785127,168,0,5986,159,0,2,2,0
cram,readwrite,560,1763713,186,0,6264,171,0,2,2,0
cram,readwrite,561,1520616,169,0,5809,173,0,2,2,0
cram,readwrite,562,1911072,228,0,6305,173,0,2,2,0
cram,readwrite,563,1786066,223,0,7758,169,0,2,2,0
cram,readwrite,564,1693888,183,0,5762,168,0,2,2,0
cram,readwrite,565,1667687,272,0,6640,168,0,2,2,0
cram,readwrite,566,1691074,184,0,5701,167,0,2,2,0
cram,readwrite,567,1854092,204,0,7054,168,0,2,2,0
cram,readwrite,568,1810309,184,0,7292,239,0,2,2,0
cram,readwrite,569,1699444,184,0,6102,171,0,2,2,0
cram,readwrite,570,2234756,183,0,6127,169,0,2,2,0
cram,readwrite,571,1752568,182,0,5695,171,0,2,2,0
cram,readwrite,572,1710404,183,0,5540,171,0,2,2,0
cram,readwrite,573,1686020,206,0,5289,170,0,2,2,0
cram,readwrite,574,1667717,227,0,6253,170,0,2,2,0
cram,readwrite,575,3665813,203,0,7205,170,0,2,2,0
cram,readwrite,576,2021441,185,0,6114,170,0,2,2,0
cram,readwrite,577,1749978,183,0,5929,172,0,2,2,0
cram,readwrite,578,1716372,179,0,5996,171,0,2,2,0
cram,readwrite,579,1675445,182,0,5692,170,0,2,2,0
cram,readwrite,580,1657341,16838,0,6163,169,0,2,2,0
cram,readwrite,581,1746443,177,0,6877,170,0,2,2,0
cram,readwrite,582,1680230,191,0,5620,172,0,2,2,0
cram,readwrite,583,1665145,207,0,8288,228,0,2,2,0
cram,readwrite,584,1704177,271,0,6349,172,0,2,2,0
cram,readwrite,585,1665675,170,0,5484,160,0,2,2,0
cram,readwrite,586,1743573,168,0,5951,200,0,2,2,0
cram,readwrite,587,1688712,174,0,5139,166,0,2,2,0
cram,readwrite,588,2456212,184,0,7016,171,0,2,2,0
cram,readwrite,589,2912073,201,0,6093,169,0,2,2,0
cram,readwrite,590,1851395,184,0,5411,160,0,2,2,0
cram,readwrite,591,1724713,185,0,7524,168,0,2,2,0
cram,readwrite,592,1919651,194,0,19730,171,0,2,2,0
cram,readwrite,593,1719203,181,0,6319,170,0,2,2,0
cram,readwrite,594,1689250,188,0,5442,169,0,2,2,0
cram,readwrite,595,1741915,169,0,5761,171,0,2,2,0
cram,readwrite,596,1697766,252,0,7610,239,0,2,2,0
cram,readwrite,597,1644712,299,0,8420,220,0,2,2,0
cram,readwrite,598,1789434,184,0,6347,168,0,2,2,0
cram,readwrite,599,1898986,302,0,8386,221,0,2,2,0
cram,readwrite,600,1694146,188,0,6114,168,0,2,2,0
cram,readwrite,601,1856860,198,0,6366,166,0,2,2,0
cram,readwrite,602,1882604,187,0,7384,171,0,2,2,0
cram,readwrite,603,1736151,172,0,6944,169,0,2,2,0
cram,readwrite,604,1814051,230,0,7832,217,0,2,2,0
cram,readwrite,605,1810503,173,0,6267,170,0,2,2,0
cram,readwrite,606,1816987,173,0,5998,170,0,2,2,0
cram,readwrite,607,1725085,169,0,6194,208,0,2,2,0
cram,readwrite,608,1779897,179,0,6839,169,0,2,2,0
cram,readwrite,609,1734775,191,0,6212,170,0,2,2,0
cram,readwrite,610,1676006,182,0,5262,171,0,2,2,0
cram,readwrite,611,1698550,188,0,5115,163,0,2,2,0
cram,readwrite,612,1711471,174,0,5231,160,0,2,2,0
cram,readwrite,613,1712790,184,0,6375,159,0,2,2,0
cram,readwrite,614,1387593,198,0,6042,170,0,2,2,0
cram,readwrite,615,1642210,172,0,5594,171,0,2,2,0
cram,readwrite,616,1615628,172,0,5466,169,0,2,2,0
cram,readwrite,617,1776752,203,0,7802,168,0,2,2,0
cram,readwrite,618,1654750,191,0,5773,170,0,2,2,0
cram,readwrite,619,1773765,259,0,8013,181,0,2,2,0
cram,readwrite,620,1822247,173,0,6063,171,0,2,2,0
cram,readwrite,621,1725995,169,0,25816,169,0,2,2,0
cram,readwrite,622,1737924,300,0,7707,256,0,2,2,0
cram,readwrite,623,1791119,286,0,9857,222,0,2,2,0
cram,readwrite,624,1715461,171,0,6095,170,0,2,2,0
cram,readwrite,625,1657459,169,0,5363,169,0,2,2,0
cram,readwrite,626,1694523,173,0,6051,170,0,2,2,0
cram,readwrite,627,1691174,174,0,5978,170,0,2,2,0
cram,readwrite,628,1721565,177,0,5996,170,0,2,2,0
cram,readwrite,629,1627043,173,0,5469,170,0,2,2,0
cram,readwrite,630,1678565,281,0,8806,184,0,2,2,0
cram,readwrite,631,1201686,240,0,8380,202,0,2,2,0
cram,readwrite,632,1705668,281,0,7946,220,0,2,2,0
cram,readwrite,633,1626622,174,0,48981,171,0,2,2,0
cram,readwrite,634,1701637,175,0,5571,171,0,2,2,0
cram,readwrite,635,1678531,318,0,8970,181,0,2,2,0
cram,readwrite,636,1743423,173,0,5710,172,0,2,2,0
cram,readwrite,637,1681792,174,0,5837,169,0,2,2,0
cram,readwrite,638,1793744,249,0,10140,206,0,2,2,0
cram,readwrite,639,1750760,196,0,6552,169,0,2,2,0
cram,readwrite,640,1782131,183,0,6079,171,0,2,2,0
cram,readwrite,641,1714444,193,0,53799,172,0,2,2,0
cram,readwrite,642,2568934,1283,0,9789,201,0,2,2,0
cram,readwrite,643,1984399,284,0,8200,240,0,2,2,0
cram,readwrite,644,1685147,168,0,5780,169,0,2,2,0
cram,readwrite,645,3339837,188,0,7534,166,0,2,2,0
cram,readwrite,646,14111953,186,0,8164,170,0,2,2,0
cram,readwrite,647,1929464,238,0,6349,168,0,2,2,0
cram,readwrite,648,1732803,175,0,5391,169,0,2,2,0
cram,readwrite,649,1693884,170,0,5190,171,0,2,2,0
cram,readwrite,650,1691710,186,0,5127,173,0,2,2,0
cram,readwrite,651,1712058,180,0,5392,160,0,2,2,0
cram,readwrite,652,1924255,173,0,6027,170,0,2,2,0
cram,readwrite,653,1686008,190,0,5212,171,0,2,2,0
cram,readwrite,654,1677151,197,0,5487,169,0,2,2,0
cram,readwrite,655,1739381,171,0,5210,159,0,2,2,0
cram,readwrite,656,1945792,171,0,5793,160,0,2,2,0
cram,readwrite,657,1645221,186,0,5171,159,0,2,2,0
cram,readwrite,658,1672085,184,0,5177,158,0,2,2,0
cram,readwrite,659,1584939,317,0,43546,200,0,2,2,0
cram,readwrite,660,1726269,188,0,5816,170,0,2,2,0
cram,readwrite,661,1686216,171,0,5575,172,0,2,2,0
cram,readwrite,662,1238702,171,0,5193,165,0,2,2,0
cram,readwrite,663,1914111,172,0,5583,161,0,2,2,0
cram,readwrite,664,1663885,171,0,5899,158,0,2,2,0
cram,readwrite,665,1667418,169,0,5969,158,0,2,2,0
cram,readwrite,666,1998648,288,0,12830,179,0,2,2,0
cram,readwrite,667,1698421,172,0,5775,159,0,2,2,0
cram,readwrite,668,1688954,179,0,5367,159,0,2,2,0
cram,readwrite,669,1670787,187,0,5305,159,0,2,2,0
cram,readwrite,670,1683576,173,0,5267,160,0,2,2,0
cram,readwrite,671,1678266,183,0,5211,160,0,2,2,0
cram,readwrite,672,1703777,174,0,5496,160,0,2,2,0
cram,readwrite,673,1462514,172,0,5652,159,0,2,2,0
cram,readwrite,674,2045160,211,0,7916,170,0,2,2,0
cram,readwrite,675,1759872,195,0,7111,170,0,2,2,0
cram,readwrite,676,1751648,328,0,9058,166,0,2,2,0
cram,readwrite,677,1659739,193,0,5692,166,0,2,2,0
cram,readwrite,678,1664817,187,0,6459,170,0,2,2,0
cram,readwrite,679,1254699,184,0,5646,170,0,2,2,0
cram,readwrite,680,1659451,187,0,6094,172,0,2,2,0
cram,readwrite,681,2603525,268,0,8389,229,0,2,2,0
cram,readwrite,682,2234841,282,0,9090,223,0,2,2,0
cram,readwrite,683,2127713,187,0,6803,170,0,2,2,0
cram,readwrite,684,1764006,187,0,6372,170,0,2,2,0
cram,readwrite,685,1678156,212,0,5829,168,0,2,2,0
cram,readwrite,686,1670627,189,0,6789,214,0,2,2,0
cram,readwrite,687,2465391,195,0,7877,172,0,2,2,0
cram,readwrite,688,1692357,309,0,9314,206,0,2,2,0
cram,readwrite,689,2184270,244,0,8695,242,0,2,2,0
cram,readwrite,690,2021055,260,0,7490,171,0,2,2,0
cram,readwrite,691,1949936,197,0,6664,166,0,2,2,0
cram,readwrite,692,1881244,266,0,8242,203,0,2,2,0
cram,readwrite,693,1448186,260,0,8064,171,0,2,2,0
cram,readwrite,694,2145114,167,0,6515,166,0,2,2,0
cram,readwrite,695,1710217,169,0,7210,166,0,2,2,0
cram,readwrite,696,1728975,173,0,5548,167,0,2,2,0
cram,readwrite,697,1233423,199,0,5597,155,0,2,2,0
cram,readwrite,698,1687651,187,0,5232,154,0,2,2,0
cram,readwrite,699,1703361,168,0,5058,154,0,2,2,0
cram,readwrite,700,1895121,184,0,7234,170,0,2,2,0
cram,readwrite,701,1987998,182,0,7509,170,0,2,2,0
cram,readwrite,702,1734117,184,0,7260,234,0,2,2,0
cram,readwrite,703,1718859,201,0,5698,171,0,2,2,0
cram,readwrite,704,1286801,256,0,5714,169,0,2,2,0
cram,readwrite,705,1713827,203,0,5820,170,0,2,2,0
cram,readwrite,706,1803532,194,0,6199,159,0,2,2,0
cram,readwrite,707,1866207,183,0,5908,171,0,2,2,0
cram,readwrite,708,1705548,182,0,5752,170,0,2,2,0
cram,readwrite,709,1704408,182,0,6582,231,0,2,2,0
cram,readwrite,710,1264747,215,0,6610,190,0,2,2,0
cram,readwrite,711,1670823,201,0,5561,160,0,2,2,0
cram,readwrite,712,1679547,186,0,5335,165,0,2,2,0
cram,readwrite,713,1673626,178,0,5675,159,0,2,2,0
cram,readwrite,714,1706711,182,0,5698,171,0,2,2,0
cram,readwrite,715,1710848,184,0,6027,172,0,2,2,0
cram,readwrite,716,1695632,194,0,5254,170,0,2,2,0
cram,readwrite,717,1718579,179,0,5491,171,0,2,2,0
cram,readwrite,718,1936990,184,0,6226,170,0,2,2,0
cram,readwrite,719,1791693,182,0,5709,170,0,2,2,0
cram,readwrite,720,1756470,196,0,5686,169,0,2,2,0
cram,readwrite,721,1843315,187,0,5950,171,0,2,2,0
cram,readwrite,722,1753232,192,0,6009,169,0,2,2,0
cram,readwrite,723,1704340,182,0,7007,249,0,2,2,0
cram,readwrite,724,1697387,180,0,5369,170,0,2,2,0
cram,readwrite,725,1675695,193,0,5259,160,0,2,2,0
cram,readwrite,726,1328413,191,0,6015,169,0,2,2,0
cram,readwrite,727,1689061,186,0,5507,171,0,2,2,0
cram,readwrite,728,1694249,232,0,7769,169,0,2,2,0
cram,readwrite,729,1654138,169,0,6255,169,0,2,2,0
cram,readwrite,730,1696798,169,0,5514,171,0,2,2,0
cram,readwrite,731,1810282,169,0,7520,241,0,2,2,0
cram,readwrite,732,1683667,169,0,5202,171,0,2,2,0
cram,readwrite,733,1694260,172,0,26962,171,0,2,2,0
cram,readwrite,734,1706006,168,0,5695,170,0,2,2,0
cram,readwrite,735,1686339,246,0,6359,159,0,2,2,0
cram,readwrite,736,1823793,176,0,5317,159,0,2,2,0
cram,readwrite,737,2594712,189,0,7397,169,0,2,2,0
cram,readwrite,738,1908611,183,0,6038,170,0,2,2,0
cram,readwrite,739,1708233,192,0,5695,172,0,2,2,0
cram,readwrite,740,1746614,169,0,5759,170,0,2,2,0
cram,readwrite,741,1676693,185,0,5554,171,0,2,2,0
cram,readwrite,742,1642051,169,0,5639,170,0,2,2,0
cram,readwrite,743,1682714,169,0,18118,171,0,2,2,0
cram,readwrite,744,1727663,173,0,6367,170,0,2,2,0
cram,readwrite,745,1742115,201,0,7721,170,0,2,2,0
cram,readwrite,746,1258229,181,0,6009,170,0,2,2,0
cram,readwrite,747,1705372,183,0,5561,160,0,2,2,0
cram,readwrite,748,1761073,170,0,6248,173,0,2,2,0
cram,readwrite,749,1690710,171,0,5307,170,0,2,2,0
cram,readwrite,750,1825160,184,0,6306,171,0,2,2,0
cram,readwrite,751,1727582,186,0,6229,170,0,2,2,0
cram,readwrite,752,1769486,190,0,6429,172,0,2,2,0
cram,readwrite,753,1733066,172,0,5860,172,0,2,2,0
cram,readwrite,754,1681978,175,0,5325,170,0,2,2,0
cram,readwrite,755,1829750,211,0,8360,170,0,2,2,0
cram,readwrite,756,1695574,190,0,5792,159,0,2,2,0
cram,readwrite,757,1742995,186,0,6498,168,0,2,2,0
cram,readwrite,758,2322043,198,0,30106,172,0,2,2,0
cram,readwrite,759,1696067,175,0,6427,159,0,2,2,0
cram,readwrite,760,1724055,193,0,6436,171,0,2,2,0
cram,readwrite,761,1231893,182,0,5544,179,0,2,2,0
cram,readwrite,762,1691882,186,0,5416,169,0,2,2,0
cram,readwrite,763,1695458,189,0,5136,171,0,2,2,0
cram,readwrite,764,1704647,235,0,5757,170,0,2,2,0
cram,readwrite,765,1752213,190,0,6079,185,0,2,2,0
cram,readwrite,766,1684914,186,0,5230,170,0,2,2,0
cram,readwrite,767,1686517,189,0,5145,170,0,2,2,0
cram,readwrite,768,1689965,183,0,5137,170,0,2,2,0
cram,readwrite,769,1693099,187,0,26650,172,0,2,2,0
cram,readwrite,770,1747023,187,0,20199,170,0,2,2,0
cram,readwrite,771,1770218,187,0,6198,171,0,2,2,0
cram,readwrite,772,1782677,261,0,7472,171,0,2,2,0
cram,readwrite,773,12714723,231,0,39576,170,0,2,2,0
cram,readwrite,774,2605996,172,0,7474,167,0,2,2,0
cram,readwrite,775,1728712,170,0,5576,171,0,2,2,0
cram,readwrite,776,1701409,173,0,5265,173,0,2,2,0
cram,readwrite,777,1788256,195,0,5919,172,0,2,2,0
cram,readwrite,778,1738357,190,0,5527,172,0,2,2,0
cram,readwrite,779,1676454,175,0,5091,160,0,2,2,0
cram,readwrite,780,1880866,173,0,5674,159,0,2,2,0
cram,readwrite,781,1839540,179,0,5710,161,0,2,2,0
cram,readwrite,782,1283347,175,0,5781,163,0,2,2,0
cram,readwrite,783,1758334,188,0,6338,170,0,2,2,0
cram,readwrite,784,2007170,189,0,5460,172,0,2,2,0
cram,readwrite,785,2003396,185,0,5151,160,0,2,2,0
cram,readwrite,786,1697192,183,0,5120,159,0,2,2,0
cram,readwrite,787,1822749,184,0,5052,159,0,2,2,0
cram,readwrite,788,1855396,181,0,5719,159,0,2,2,0
cram,readwrite,789,1858768,232,0,7817,169,0,2,2,0
cram,readwrite,790,1712606,169,0,6118,167,0,2,2,0
cram,readwrite,791,1667280,173,0,5876,166,0,2,2,0
cram,readwrite,792,1703642,176,0,5774,156,0,2,2,0
cram,readwrite,793,1644385,168,0,5952,155,0,2,2,0
cram,readwrite,794,1693090,169,0,5970,155,0,2,2,0
cram,readwrite,795,3343008,193,0,6014,170,0,2,2,0
cram,readwrite,796,1872203,187,0,5892,172,0,2,2,0
cram,readwrite,797,1989507,181,0,6059,183,0,2,2,0
cram,readwrite,798,1740072,183,0,5351,168,0,2,2,0
cram,readwrite,799,1721034,196,0,25340,169,0,2,2,0
cram,readwrite,800,1754404,186,0,5998,171,0,2,2,0
cram,readwrite,801,2212347,290,0,9662,217,0,2,2,0
cram,readwrite,802,2275273,182,0,6012,169,0,2,2,0
cram,readwrite,803,1999181,192,0,5689,168,0,2,2,0
cram,readwrite,804,1368717,181,0,5226,159,0,2,2,0
cram,readwrite,805,1827625,179,0,6169,171,0,2,2,0
cram,readwrite,806,1678944,192,0,5312,172,0,2,2,0
cram,readwrite,807,1805922,189,0,5881,171,0,2,2,0
cram,readwrite,808,1772003,180,0,6065,171,0,2,2,0
cram,readwrite,809,1797759,192,0,6360,170,0,2,2,0
cram,readwrite,810,1730515,185,0,5481,171,0,2,2,0
cram,readwrite,811,1785170,192,0,5649,168,0,2,2,0
cram,readwrite,812,1745620,183,0,5382,170,0,2,2,0
cram,readwrite,813,1693847,281,0,8425,196,0,2,2,0
cram,readwrite,814,1226769,269,0,6392,169,0,2,2,0
cram,readwrite,815,1779328,190,0,6058,172,0,2,2,0
cram,readwrite,816,1691113,184,0,5508,171,0,2,2,0
cram,readwrite,817,1667428,183,0,5510,171,0,2,2,0
cram,readwrite,818,1968846,251,0,8289,231,0,2,2,0
cram,readwrite,819,1891636,238,0,7439,237,0,2,2,0
cram,readwrite,820,2092434,187,0,11436,170,0,2,2,0
cram,readwrite,821,1712987,188,0,6275,170,0,2,2,0
cram,readwrite,822,2016035,237,0,8588,208,0,2,2,0
cram,readwrite,823,1895458,180,0,6102,171,0,2,2,0
cram,readwrite,824,1881142,270,0,7786,231,0,2,2,0
cram,readwrite,825,1852547,257,0,7317,228,0,2,2,0
cram,readwrite,826,1937522,277,0,7328,229,0,2,2,0
cram,readwrite,827,1797241,303,0,7237,224,0,2,2,0
cram,readwrite,828,1900308,272,0,7299,235,0,2,2,0
cram,readwrite,829,2458342,186,0,7166,170,0,2,2,0
cram,readwrite,830,2234409,216,0,6932,172,0,2,2,0
cram,readwrite,831,1730067,174,0,5300,171,0,2,2,0
cram,readwrite,832,1796310,170,0,5825,172,0,2,2,0
cram,readwrite,833,1749724,171,0,5694,171,0,2,2,0
cram,readwrite,834,1762032,227,0,5764,160,0,2,2,0
cram,readwrite,835,2221541,183,0,6047,162,0,2,2,0
cram,readwrite,836,2493561,183,0,7172,167,0,2,2,0
cram,readwrite,837,1700411,183,0,6203,170,0,2,2,0
cram,readwrite,838,1759561,184,0,6186,183,0,2,2,0
cram,readwrite,839,1795224,184,0,5796,172,0,2,2,0
cram,readwrite,840,1777583,185,0,5860,172,0,2,2,0
cram,readwrite,841,1899127,204,0,5742,171,0,2,2,0
cram,readwrite,842,2976194,183,0,6394,173,0,2,2,0
cram,readwrite,843,2172105,184,0,6099,172,0,2,2,0
cram,readwrite,844,1757613,185,0,5202,169,0,2,2,0
cram,readwrite,845,1851167,187,0,5319,170,0,2,2,0
cram,readwrite,846,1783252,186,0,5915,170,0,2,2,0
cram,readwrite,847,1772362,184,0,5078,170,0,2,2,0
cram,readwrite,848,3492267,263,0,8404,213,0,2,2,0
cram,readwrite,849,2017195,274,0,7575,238,0,2,2,0
cram,readwrite,850,1783690,306,0,7606,229,0,2,2,0
cram,readwrite,851,1804091,270,0,7399,245,0,2,2,0
cram,readwrite,852,1733359,244,0,6691,230,0,2,2,0
cram,readwrite,853,1765544,251,0,7378,229,0,2,2,0
cram,readwrite,854,3629880,412,0,9828,247,0,2,2,0
cram,readwrite,855,1972204,247,0,7294,233,0,2,2,0
cram,readwrite,856,1772027,278,0,7569,226,0,2,2,0
cram,readwrite,857,1337380,277,0,7061,231,0,2,2,0
cram,readwrite,858,1321285,272,0,7056,233,0,2,2,0
cram,readwrite,859,1792294,249,0,7002,230,0,2,2,0
cram,readwrite,860,2619786,259,0,9560,217,0,2,2,0
cram,readwrite,861,2147873,276,0,7167,229,0,2,2,0
cram,readwrite,862,1769890,244,0,7179,230,0,2,2,0
cram,readwrite,863,1925047,276,0,8946,203,0,2,2,0
cram,readwrite,864,1727446,182,0,5924,169,0,2,2,0
cram,readwrite,865,1800843,278,0,7398,228,0,2,2,0
cram,readwrite,866,2962309,187,0,6400,170,0,2,2,0
cram,readwrite,867,1855663,190,0,5799,170,0,2,2,0
cram,readwrite,868,1878769,245,0,7603,172,0,2,2,0
cram,readwrite,869,1793883,188,0,5595,169,0,2,2,0
cram,readwrite,870,1780547,193,0,6057,169,0,2,2,0
cram,readwrite,871,1763230,187,0,5830,170,0,2,2,0
cram,readwrite,872,1338327,191,0,5618,170,0,2,2,0
cram,readwrite,873,1782102,183,0,5941,172,0,2,2,0
cram,readwrite,874,1792711,185,0,5870,170,0,2,2,0
cram,readwrite,875,1789201,191,0,5657,170,0,2,2,0
cram,readwrite,876,1882957,289,0,8583,230,0,2,2,0
cram,readwrite,877,1888638,274,0,7532,234,0,2,2,0
cram,readwrite,878,1738312,260,0,6869,231,0,2,2,0
cram,readwrite,879,2012905,326,0,9592,266,0,2,2,0
cram,readwrite,880,1825294,253,0,7204,231,0,2,2,0
cram,readwrite,881,1801675,283,0,7070,236,0,2,2,0
cram,readwrite,882,1831071,285,0,7238,228,0,2,2,0
cram,readwrite,883,1742778,271,0,6966,228,0,2,2,0
cram,readwrite,884,1317903,269,0,6940,222,0,2,2,0
cram,readwrite,885,1795258,275,0,7468,236,0,2,2,0
cram,readwrite,886,1558270,284,0,9431,229,0,2,2,0
cram,readwrite,887,2282396,271,0,7844,229,0,2,2,0
cram,readwrite,888,1699057,253,0,6956,224,0,2,2,0
cram,readwrite,889,1676840,268,0,7035,237,0,2,2,0
cram,readwrite,890,1729696,38808,0,7969,237,0,2,2,0
cram,readwrite,891,1745326,249,0,7130,183,0,2,2,0
cram,readwrite,892,1696136,265,0,6625,227,0,2,2,0
cram,readwrite,893,844845,269,0,7078,221,0,2,2,0
cram,readwrite,894,1679584,217,0,7317,229,0,2,2,0
cram,readwrite,895,1802850,188,0,7363,166,0,2,2,0
cram,readwrite,896,1701593,191,0,5710,168,0,2,2,0
cram,readwrite,897,1710957,183,0,37078,167,0,2,2,0
cram,readwrite,898,862981,183,0,5736,169,0,2,2,0
cram,readwrite,899,14253072,251,0,8418,194,0,2,2,0
cram,readwrite,900,1885124,293,0,9099,214,0,2,2,0
cram,readwrite,901,1269020,271,0,8577,199,0,2,2,0
cram,readwrite,902,1917834,187,0,6208,170,0,2,2,0
cram,readwrite,903,1787955,190,0,6639,169,0,2,2,0
cram,readwrite,904,2104867,189,0,6251,170,0,2,2,0
cram,readwrite,905,1716415,187,0,5396,170,0,2,2,0
cram,readwrite,906,1707195,188,0,5197,171,0,2,2,0
cram,readwrite,907,1745537,186,0,5811,159,0,2,2,0
cram,readwrite,908,1840217,299,0,10258,181,0,2,2,0
cram,readwrite,909,1814386,339,0,9902,245,0,2,2,0
cram,readwrite,910,1787527,170,0,5979,167,0,2,2,0
cram,readwrite,911,1956072,187,0,6564,182,0,2,2,0
cram,readwrite,912,1825784,189,0,5934,171,0,2,2,0
cram,readwrite,913,1791827,184,0,6114,177,0,2,2,0
cram,readwrite,914,1766701,182,0,5829,179,0,2,2,0
cram,readwrite,915,1809567,271,0,7087,257,0,2,2,0
cram,readwrite,916,1830885,290,0,7698,209,0,2,2,0
cram,readwrite,917,1749372,268,0,8786,199,0,2,2,0
cram,readwrite,918,1708521,249,0,8262,242,0,2,2,0
cram,readwrite,919,1729081,188,0,6021,171,0,2,2,0
cram,readwrite,920,1745691,186,0,5917,170,0,2,2,0
cram,readwrite,921,1316187,190,0,6169,163,0,2,2,0
cram,readwrite,922,1770913,183,0,6209,167,0,2,2,0
cram,readwrite,923,1795662,215,0,7336,167,0,2,2,0
cram,readwrite,924,1725719,200,0,5825,168,0,2,2,0
cram,readwrite,925,1735114,182,0,5291,166,0,2,2,0
cram,readwrite,926,1781372,188,0,5636,165,0,2,2,0
cram,readwrite,927,1739248,195,0,5541,154,0,2,2,0
cram,readwrite,928,1931800,195,0,7675,169,0,2,2,0
cram,readwrite,929,2093275,228,0,8817,217,0,2,2,0
cram,readwrite,930,1875866,285,0,7706,236,0,2,2,0
cram,readwrite,931,1928586,253,0,8956,243,0,2,2,0
cram,readwrite,932,1858242,285,0,7570,219,0,2,2,0
cram,readwrite,933,1932750,257,0,8260,218,0,2,2,0
cram,readwrite,934,1896446,272,0,7433,240,0,2,2,0
cram,readwrite,935,1964183,257,0,8442,190,0,2,2,0
cram,readwrite,936,1420303,273,0,7955,202,0,2,2,0
cram,readwrite,937,1816637,187,0,6006,170,0,2,2,0
cram,readwrite,938,1966521,271,0,7548,234,0,2,2,0
cram,readwrite,939,1947817,215,0,7088,170,0,2,2,0
cram,readwrite,940,1932686,248,0,7673,222,0,2,2,0
cram,readwrite,941,1944225,184,0,5409,170,0,2,2,0
cram,readwrite,942,1896952,187,0,5447,172,0,2,2,0
cram,readwrite,943,1992426,192,0,7073,181,0,2,2,0
cram,readwrite,944,2069451,184,0,6315,164,0,2,2,0
cram,readwrite,945,1923672,190,0,5899,156,0,2,2,0
cram,readwrite,946,1898049,187,0,5911,166,0,2,2,0
cram,readwrite,947,1967954,194,0,6564,171,0,2,2,0
cram,readwrite,948,1882683,231,0,5903,170,0,2,2,0
cram,readwrite,949,2746132,168,0,7138,170,0,2,2,0
cram,readwrite,950,2534772,197,0,7015,170,0,2,2,0
cram,readwrite,951,1854416,230,0,6783,171,0,2,2,0
cram,readwrite,952,1704735,268,0,6854,232,0,2,2,0
cram,readwrite,953,1704715,183,0,5600,170,0,2,2,0
cram,readwrite,954,1716121,187,0,5247,159,0,2,2,0
cram,readwrite,955,2149699,186,0,7016,172,0,2,2,0
cram,readwrite,956,2503803,184,0,7114,172,0,2,2,0
cram,readwrite,957,1702842,184,0,5391,171,0,2,2,0
cram,readwrite,958,1793509,177,0,7148,170,0,2,2,0
cram,readwrite,959,1723771,352,0,8533,215,0,2,2,0
cram,readwrite,960,1741569,170,0,6334,170,0,2,2,0
cram,readwrite,961,1706101,262,0,8515,190,0,2,2,0
cram,readwrite,962,3298493,170,0,6348,170,0,2,2,0
cram,readwrite,963,1982443,296,0,8854,223,0,2,2,0
cram,readwrite,964,1345077,169,0,5931,170,0,2,2,0
cram,readwrite,965,1757339,183,0,5495,170,0,2,2,0
cram,readwrite,966,1736486,170,0,5097,168,0,2,2,0
cram,readwrite,967,1719480,170,0,5221,158,0,2,2,0
cram,readwrite,968,3085252,282,0,9818,183,0,2,2,0
cram,readwrite,969,1936635,184,0,6658,171,0,2,2,0
cram,readwrite,970,1768045,189,0,5315,171,0,2,2,0
cram,readwrite,971,1822448,201,0,6426,168,0,2,2,0
cram,readwrite,972,1942059,185,0,28685,169,0,2,2,0
cram,readwrite,973,1728124,184,0,5580,171,0,2,2,0
cram,readwrite,974,1835373,310,0,9335,243,0,2,2,0
cram,readwrite,975,1289288,183,0,6286,170,0,2,2,0
cram,readwrite,976,1714429,184,0,11738,169,0,2,2,0
cram,readwrite,977,1726800,185,0,5609,171,0,2,2,0
cram,readwrite,978,1697764,185,0,5144,172,0,2,2,0
cram,readwrite,979,1721754,182,0,5286,169,0,2,2,0
cram,readwrite,980,1753492,184,0,5199,172,0,2,2,0
cram,readwrite,981,1701711,185,0,6161,169,0,2,2,0
cram,readwrite,982,1728892,184,0,5881,169,0,2,2,0
cram,readwrite,983,1679851,191,0,5335,171,0,2,2,0
cram,readwrite,984,1678221,185,0,5242,166,0,2,2,0
cram,readwrite,985,1686611,183,0,5232,160,0,2,2,0
cram,readwrite,986,1751086,186,0,5642,159,0,2,2,0
cram,readwrite,987,1738061,182,0,5233,160,0,2,2,0
cram,readwrite,988,1707262,187,0,5376,160,0,2,2,0
cram,readwrite,989,1800773,288,0,8254,271,0,2,2,0
cram,readwrite,990,1696187,187,0,5281,166,0,2,2,0
cram,readwrite,991,1753547,185,0,5084,158,0,2,2,0
cram,readwrite,992,1817665,184,0,5562,160,0,2,2,0
cram,readwrite,993,1710015,184,0,5155,160,0,2,2,0
cram,readwrite,994,1845699,184,0,5533,166,0,2,2,0
cram,readwrite,995,2004119,187,0,6075,169,0,2,2,0
cram,readwrite,996,1887168,183,0,6227,169,0,2,2,0
cram,readwrite,997,1865081,185,0,31930,170,0,2,2,0
cram,readwrite,998,1945298,216,0,7509,171,0,2,2,0
cram,readwrite,999,1781640,184,0,6284,170,0,2,2,0
cram,readrepeat,0,20530583,342,212,0,0,0,2,2,-999
cram,readrepeat,1,2891003,372,185,0,0,0,2,2,-999
cram,readrepeat,2,2223263,423,212,0,0,0,2,2,-999
cram,readrepeat,3,2027115,330,186,0,0,0,2,2,-999
cram,readrepeat,4,1977762,318,203,0,0,0,2,2,-999
cram,readrepeat,5,2011522,189,153,0,0,0,2,2,-999
cram,readrepeat,6,1983821,188,151,0,0,0,2,2,-999
cram,readrepeat,7,1902556,172,153,0,0,0,2,2,-999
cram,readrepeat,8,1958812,247,154,0,0,0,2,2,-999
cram,readrepeat,9,1778741,299,169,0,0,0,2,2,-999
cram,readrepeat,10,1883751,184,153,0,0,0,2,2,-999
cram,readrepeat,11,1857240,301,205,0,0,0,2,2,-999
cram,readrepeat,12,1809609,172,159,0,0,0,2,2,-999
cram,readrepeat,13,1918903,248,231,0,0,0,2,2,-999
cram,readrepeat,14,1774485,278,168,0,0,0,2,2,-999
cram,readrepeat,15,1823259,274,197,0,0,0,2,2,-999
cram,readrepeat,16,4274219,328,205,0,0,0,2,2,-999
cram,readrepeat,17,1968420,324,215,0,0,0,2,2,-999
cram,readrepeat,18,1741841,321,193,0,0,0,2,2,-999
cram,readrepeat,19,1762498,235,196,0,0,0,2,2,-999
cram,readrepeat,20,1736139,234,200,0,0,0,2,2,-999
cram,readrepeat,21,5202031,338,196,0,0,0,2,2,-999
cram,readrepeat,22,1815415,327,165,0,0,0,2,2,-999
cram,readrepeat,23,1721488,330,168,0,0,0,2,2,-999
cram,readrepeat,24,1889141,301,223,0,0,0,2,2,-999
cram,readrepeat,25,2097095,191,153,0,0,0,2,2,-999
cram,readrepeat,26,4810024,195,153,0,0,0,2,2,-999
cram,readrepeat,27,2001349,216,151,0,0,0,2,2,-999
cram,readrepeat,28,1941183,196,155,0,0,0,2,2,-999
cram,readrepeat,29,1986508,193,156,0,0,0,2,2,-999
cram,readrepeat,30,2038968,229,154,0,0,0,2,2,-999
cram,readrepeat,31,4511695,192,151,0,0,0,2,2,-999
cram,readrepeat,32,2776414,188,153,0,0,0,2,2,-999
cram,readrepeat,33,2647561,193,155,0,0,0,2,2,-999
cram,readrepeat,34,2588061,195,152,0,0,0,2,2,-999
cram,readrepeat,35,5582860,200,153,0,0,0,2,2,-999
cram,readrepeat,36,2484283,189,154,0,0,0,2,2,-999
cram,readrepeat,37,1987213,193,152,0,0,0,2,2,-999
cram,readrepeat,38,2033444,183,152,0,0,0,2,2,-999
cram,readrepeat,39,2007155,183,152,0,0,0,2,2,-999
cram,readrepeat,40,4526450,198,153,0,0,0,2,2,-999
cram,readrepeat,41,2560043,277,153,0,0,0,2,2,-999
cram,readrepeat,42,2495918,198,155,0,0,0,2,2,-999
cram,readrepeat,43,2602691,350,170,0,0,0,2,2,-999
cram,readrepeat,44,4047872,305,197,0,0,0,2,2,-999
cram,readrepeat,45,2665596,195,156,0,0,0,2,2,-999
cram,readrepeat,46,2597355,196,153,0,0,0,2,2,-999
cram,readrepeat,47,2618949,369,170,0,0,0,2,2,-999
cram,readrepeat,48,2525867,194,153,0,0,0,2,2,-999
cram,readrepeat,49,2479706,191,153,0,0,0,2,2,-999
cram,readrepeat,50,2518414,193,154,0,0,0,2,2,-999
cram,readrepeat,51,3091311,492,224,0,0,0,2,2,-999
cram,readrepeat,52,2571320,242,153,0,0,0,2,2,-999
cram,readrepeat,53,2542484,186,153,0,0,0,2,2,-999
cram,readrepeat,54,2609107,189,152,0,0,0,2,2,-999
cram,readrepeat,55,2565006,168,164,0,0,0,2,2,-999
cram,readrepeat,56,2524705,187,153,0,0,0,2,2,-999
cram,readrepeat,57,2539454,199,153,0,0,0,2,2,-999
cram,readrepeat,58,2587829,293,251,0,0,0,2,2,-999
cram,readrepeat,59,2432250,237,165,0,0,0,2,2,-999
cram,readrepeat,60,2583577,361,186,0,0,0,2,2,-999
cram,readrepeat,61,2539542,314,230,0,0,0,2,2,-999
cram,readrepeat,62,2118878,612,165,0,0,0,2,2,-999
cram,readrepeat,63,2114063,344,200,0,0,0,2,2,-999
cram,readrepeat,64,1976550,265,188,0,0,0,2,2,-999
cram,readrepeat,65,2034717,266,165,0,0,0,2,2,-999
cram,readrepeat,66,2544460,288,194,0,0,0,2,2,-999
cram,readrepeat,67,2042591,287,210,0,0,0,2,2,-999
cram,readrepeat,68,1893115,287,234,0,0,0,2,2,-999
cram,readrepeat,69,2460752,255,218,0,0,0,2,2,-999
cram,readrepeat,70,1997239,320,258,0,0,0,2,2,-999
cram,readrepeat,71,2183207,286,208,0,0,0,2,2,-999
cram,readrepeat,72,1900647,324,215,0,0,0,2,2,-999
cram,readrepeat,73,1937067,344,240,0,0,0,2,2,-999
cram,readrepeat,74,1943756,365,204,0,0,0,2,2,-999
cram,readrepeat,75,2570166,958,177,0,0,0,2,2,-999
cram,readrepeat,76,979463,353,192,0,0,0,2,2,-999
cram,readrepeat,77,1934618,342,181,0,0,0,2,2,-999
cram,readrepeat,78,1989418,332,245,0,0,0,2,2,-999
cram,readrepeat,79,1926026,348,198,0,0,0,2,2,-999
cram,readrepeat,80,2141718,295,162,0,0,0,2,2,-999
cram,readrepeat,81,2232824,183,152,0,0,0,2,2,-999
cram,readrepeat,82,1881029,195,152,0,0,0,2,2,-999
cram,readrepeat,83,2116188,183,154,0,0,0,2,2,-999
cram,readrepeat,84,2200779,248,166,0,0,0,2,2,-999
cram,readrepeat,85,1961126,264,181,0,0,0,2,2,-999
cram,readrepeat,86,2367317,205,155,0,0,0,2,2,-999
cram,readrepeat,87,2145661,283,193,0,0,0,2,2,-999
cram,readrepeat,88,1575287,241,207,0,0,0,2,2,-999
cram,readrepeat,89,2476274,279,214,0,0,0,2,2,-999
cram,readrepeat,90,2476899,187,153,0,0,0,2,2,-999
cram,readrepeat,91,2192889,169,153,0,0,0,2,2,-999
cram,readrepeat,92,2042064,227,203,0,0,0,2,2,-999
cram,readrepeat,93,1449683,256,165,0,0,0,2,2,-999
cram,readrepeat,94,1542877,224,232,0,0,0,2,2,-999
cram,readrepeat,95,1753066,169,155,0,0,0,2,2,-999
cram,readrepeat,96,1750291,168,153,0,0,0,2,2,-999
cram,readrepeat,97,1782045,194,155,0,0,0,2,2,-999
cram,readrepeat,98,1107424,191,153,0,0,0,2,2,-999
cram,readrepeat,99,1799323,249,242,0,0,0,2,2,-999
cram,readrepeat,100,1910015,385,169,0,0,0,2,2,-999
cram,readrepeat,101,1864790,170,153,0,0,0,2,2,-999
cram,readrepeat,102,1766661,169,153,0,0,0,2,2,-999
cram,readrepeat,103,1808469,168,154,0,0,0,2,2,-999
cram,readrepeat,104,2026137,168,152,0,0,0,2,2,-999
cram,readrepeat,105,1911346,212,152,0,0,0,2,2,-999
cram,readrepeat,106,1718775,185,154,0,0,0,2,2,-999
cram,readrepeat,107,1722813,183,155,0,0,0,2,2,-999
cram,readrepeat,108,1775672,183,154,0,0,0,2,2,-999
cram,readrepeat,109,1710600,184,153,0,0,0,2,2,-999
cram,readrepeat,110,1774529,169,153,0,0,0,2,2,-999
cram,readrepeat,111,1872412,198,154,0,0,0,2,2,-999
cram,readrepeat,112,1838505,216,165,0,0,0,2,2,-999
cram,readrepeat,113,1837551,187,154,0,0,0,2,2,-999
cram,readrepeat,114,1743063,184,153,0,0,0,2,2,-999
cram,readrepeat,115,1758750,184,153,0,0,0,2,2,-999
cram,readrepeat,116,1778123,183,152,0,0,0,2,2,-999
cram,readrepeat,117,1739663,183,153,0,0,0,2,2,-999
cram,readrepeat,118,1715699,183,153,0,0,0,2,2,-999
cram,readrepeat,119,1817082,250,183,0,0,0,2,2,-999
cram,readrepeat,120,1795488,217,196,0,0,0,2,2,-999
cram,readrepeat,121,3421604,185,155,0,0,0,2,2,-999
cram,readrepeat,122,1737838,184,153,0,0,0,2,2,-999
cram,readrepeat,123,2071659,188,153,0,0,0,2,2,-999
cram,readrepeat,124,1889958,206,153,0,0,0,2,2,-999
cram,readrepeat,125,2034074,253,190,0,0,0,2,2,-999
cram,readrepeat,126,2508938,274,189,0,0,0,2,2,-999
cram,readrepeat,127,2117361,214,152,0,0,0,2,2,-999
cram,readrepeat,128,1701169,177,152,0,0,0,2,2,-999
cram,readrepeat,129,1845282,183,151,0,0,0,2,2,-999
cram,readrepeat,130,1847323,182,152,0,0,0,2,2,-999
cram,readrepeat,131,1813391,230,173,0,0,0,2,2,-999
cram,readrepeat,132,2804516,254,200,0,0,0,2,2,-999
cram,readrepeat,133,14383318,308,226,0,0,0,2,2,-999
cram,readrepeat,134,1948071,172,151,0,0,0,2,2,-999
cram,readrepeat,135,1736461,167,153,0,0,0,2,2,-999
cram,readrepeat,136,1757915,169,152,0,0,0,2,2,-999
cram,readrepeat,137,1332056,169,153,0,0,0,2,2,-999
cram,readrepeat,138,1723854,169,152,0,0,0,2,2,-999
cram,readrepeat,139,1675969,170,152,0,0,0,2,2,-999
cram,readrepeat,140,1760824,169,152,0,0,0,2,2,-999
cram,readrepeat,141,1716443,171,152,0,0,0,2,2,-999
cram,readrepeat,142,1293869,170,154,0,0,0,2,2,-999
cram,readrepeat,143,1871413,170,153,0,0,0,2,2,-999
cram,readrepeat,144,1751514,173,152,0,0,0,2,2,-999
cram,readrepeat,145,1742319,170,152,0,0,0,2,2,-999
cram,readrepeat,146,1715085,188,152,0,0,0,2,2,-999
cram,readrepeat,147,1856969,170,152,0,0,0,2,2,-999
cram,readrepeat,148,1729421,170,151,0,0,0,2,2,-999
cram,readrepeat,149,1710212,169,152,0,0,0,2,2,-999
cram,readrepeat,150,1707915,169,152,0,0,0,2,2,-999
cram,readrepeat,151,1689031,171,151,0,0,0,2,2,-999
cram,readrepeat,152,1906485,169,152,0,0,0,2,2,-999
cram,readrepeat,153,1785123,190,154,0,0,0,2,2,-999
cram,readrepeat,154,1293481,188,153,0,0,0,2,2,-999
cram,readrepeat,155,1688945,189,153,0,0,0,2,2,-999
cram,readrepeat,156,1709980,189,152,0,0,0,2,2,-999
cram,readrepeat,157,1840247,193,153,0,0,0,2,2,-999
cram,readrepeat,158,1268369,188,152,0,0,0,2,2,-999
cram,readrepeat,159,1729462,264,213,0,0,0,2,2,-999
cram,readrepeat,160,1730302,194,152,0,0,0,2,2,-999
cram,readrepeat,161,1696231,189,153,0,0,0,2,2,-999
cram,readrepeat,162,1725451,256,172,0,0,0,2,2,-999
cram,readrepeat,163,1743301,267,201,0,0,0,2,2,-999
cram,readrepeat,164,1775742,330,239,0,0,0,2,2,-999
cram,readrepeat,165,1797414,237,179,0,0,0,2,2,-999
cram,readrepeat,166,1294496,250,204,0,0,0,2,2,-999
cram,readrepeat,167,1715868,193,152,0,0,0,2,2,-999
cram,readrepeat,168,3746162,185,154,0,0,0,2,2,-999
cram,readrepeat,169,2092025,184,152,0,0,0,2,2,-999
cram,readrepeat,170,1690508,184,152,0,0,0,2,2,-999
cram,readrepeat,171,1687353,183,153,0,0,0,2,2,-999
cram,readrepeat,172,1753056,183,152,0,0,0,2,2,-999
cram,readrepeat,173,1709865,184,152,0,0,0,2,2,-999
cram,readrepeat,174,1829825,190,151,0,0,0,2,2,-999
cram,readrepeat,175,3103437,209,153,0,0,0,2,2,-999
cram,readrepeat,176,1899661,189,152,0,0,0,2,2,-999
cram,readrepeat,177,1857159,226,152,0,0,0,2,2,-999
cram,readrepeat,178,1723074,280,206,0,0,0,2,2,-999
cram,readrepeat,179,1865399,274,226,0,0,0,2,2,-999
cram,readrepeat,180,2140647,186,153,0,0,0,2,2,-999
cram,readrepeat,181,1975657,210,152,0,0,0,2,2,-999
cram,readrepeat,182,1798176,189,154,0,0,0,2,2,-999
cram,readrepeat,183,1825533,273,179,0,0,0,2,2,-999
cram,readrepeat,184,1868926,189,153,0,0,0,2,2,-999
cram,readrepeat,185,1850669,188,152,0,0,0,2,2,-999
cram,readrepeat,186,1810870,186,152,0,0,0,2,2,-999
cram,readrepeat,187,3068746,175,153,0,0,0,2,2,-999
cram,readrepeat,188,1993139,180,152,0,0,0,2,2,-999
cram,readrepeat,189,1753625,182,153,0,0,0,2,2,-999
cram,readrepeat,190,1928080,183,152,0,0,0,2,2,-999
cram,readrepeat,191,1914925,203,154,0,0,0,2,2,-999
cram,readrepeat,192,1927591,184,152,0,0,0,2,2,-999
cram,readrepeat,193,1970625,182,153,0,0,0,2,2,-999
cram,readrepeat,194,1888022,187,154,0,0,0,2,2,-999
cram,readrepeat,195,1954945,184,153,0,0,0,2,2,-999
cram,readrepeat,196,2131328,258,164,0,0,0,2,2,-999
cram,readrepeat,197,2017548,184,155,0,0,0,2,2,-999
cram,readrepeat,198,1929729,197,153,0,0,0,2,2,-999
cram,readrepeat,199,1744569,183,152,0,0,0,2,2,-999
cram,readrepeat,200,2002969,183,153,0,0,0,2,2,-999
cram,readrepeat,201,1914264,183,151,0,0,0,2,2,-999
cram,readrepeat,202,1958312,181,154,0,0,0,2,2,-999
cram,readrepeat,203,1795145,268,226,0,0,0,2,2,-999
cram,readrepeat,204,1820178,184,153,0,0,0,2,2,-999
cram,readrepeat,205,1878870,183,152,0,0,0,2,2,-999
cram,readrepeat,206,2239675,192,154,0,0,0,2,2,-999
cram,readrepeat,207,2193623,228,157,0,0,0,2,2,-999
cram,readrepeat,208,1848365,272,192,0,0,0,2,2,-999
cram,readrepeat,209,1370826,232,207,0,0,0,2,2,-999
cram,readrepeat,210,1759425,184,153,0,0,0,2,2,-999
cram,readrepeat,211,1758981,292,187,0,0,0,2,2,-999
cram,readrepeat,212,1760408,282,225,0,0,0,2,2,-999
cram,readrepeat,213,1773906,315,213,0,0,0,2,2,-999
cram,readrepeat,214,2026858,212,168,0,0,0,2,2,-999
cram,readrepeat,215,1701065,285,203,0,0,0,2,2,-999
cram,readrepeat,216,1724753,260,173,0,0,0,2,2,-999
cram,readrepeat,217,1708225,231,211,0,0,0,2,2,-999
cram,readrepeat,218,1286305,175,152,0,0,0,2,2,-999
cram,readrepeat,219,2521766,185,153,0,0,0,2,2,-999
cram,readrepeat,220,2697111,184,153,0,0,0,2,2,-999
cram,readrepeat,221,2566425,184,152,0,0,0,2,2,-999
cram,readrepeat,222,1778237,183,152,0,0,0,2,2,-999
cram,readrepeat,223,1803720,184,153,0,0,0,2,2,-999
cram,readrepeat,224,1773917,183,153,0,0,0,2,2,-999
cram,readrepeat,225,1873426,185,152,0,0,0,2,2,-999
cram,readrepeat,226,2052425,196,155,0,0,0,2,2,-999
cram,readrepeat,227,2657190,168,153,0,0,0,2,2,-999
cram,readrepeat,228,2171732,168,153,0,0,0,2,2,-999
cram,readrepeat,229,1739586,172,153,0,0,0,2,2,-999
cram,readrepeat,230,1862535,172,152,0,0,0,2,2,-999
cram,readrepeat,231,1768382,182,154,0,0,0,2,2,-999
cram,readrepeat,232,1297573,321,210,0,0,0,2,2,-999
cram,readrepeat,233,2075480,225,190,0,0,0,2,2,-999
cram,readrepeat,234,1245868,209,154,0,0,0,2,2,-999
cram,readrepeat,235,1828397,215,153,0,0,0,2,2,-999
cram,readrepeat,236,1850211,188,152,0,0,0,2,2,-999
cram,readrepeat,237,1865141,187,153,0,0,0,2,2,-999
cram,readrepeat,238,1853277,184,152,0,0,0,2,2,-999
cram,readrepeat,239,2092961,229,163,0,0,0,2,2,-999
cram,readrepeat,240,2149478,271,210,0,0,0,2,2,-999
cram,readrepeat,241,1919626,187,154,0,0,0,2,2,-999
cram,readrepeat,242,1843177,209,154,0,0,0,2,2,-999
cram,readrepeat,243,1974367,209,151,0,0,0,2,2,-999
cram,readrepeat,244,1861312,207,152,0,0,0,2,2,-999
cram,readrepeat,245,1933433,303,186,0,0,0,2,2,-999
cram,readrepeat,246,2535257,170,152,0,0,0,2,2,-999
cram,readrepeat,247,2129054,191,154,0,0,0,2,2,-999
cram,readrepeat,248,1682785,171,152,0,0,0,2,2,-999
cram,readrepeat,249,1684564,168,154,0,0,0,2,2,-999
cram,readrepeat,250,1810334,168,152,0,0,0,2,2,-999
cram,readrepeat,251,1732819,169,151,0,0,0,2,2,-999
cram,readrepeat,252,1792042,170,153,0,0,0,2,2,-999
cram,readrepeat,253,1829226,192,154,0,0,0,2,2,-999
cram,readrepeat,254,1704880,235,181,0,0,0,2,2,-999
cram,readrepeat,255,1714459,186,151,0,0,0,2,2,-999
cram,readrepeat,256,1765534,248,221,0,0,0,2,2,-999
cram,readrepeat,257,1949252,184,154,0,0,0,2,2,-999
cram,readrepeat,258,1846533,202,152,0,0,0,2,2,-999
cram,readrepeat,259,1762424,360,187,0,0,0,2,2,-999
cram,readrepeat,260,253774,224,164,0,0,0,2,2,-999
cram,readrepeat,261,1727776,182,153,0,0,0,2,2,-999
cram,readrepeat,262,1704838,173,153,0,0,0,2,2,-999
cram,readrepeat,263,1728143,168,152,0,0,0,2,2,-999
cram,readrepeat,264,1683579,170,151,0,0,0,2,2,-999
cram,readrepeat,265,1746387,175,151,0,0,0,2,2,-999
cram,readrepeat,266,1716488,169,153,0,0,0,2,2,-999
cram,readrepeat,267,1679715,172,151,0,0,0,2,2,-999
cram,readrepeat,268,1687118,174,152,0,0,0,2,2,-999
cram,readrepeat,269,1729688,173,153,0,0,0,2,2,-999
cram,readrepeat,270,1714337,201,152,0,0,0,2,2,-999
cram,readrepeat,271,1853331,187,153,0,0,0,2,2,-999
cram,readrepeat,272,1739840,188,153,0,0,0,2,2,-999
cram,readrepeat,273,1278948,188,154,0,0,0,2,2,-999
cram,readrepeat,274,1708042,189,153,0,0,0,2,2,-999
cram,readrepeat,275,1757764,186,153,0,0,0,2,2,-999
cram,readrepeat,276,1716185,186,151,0,0,0,2,2,-999
cram,readrepeat,277,1707896,187,153,0,0,0,2,2,-999
cram,readrepeat,278,1680188,184,153,0,0,0,2,2,-999
cram,readrepeat,279,1671912,186,152,0,0,0,2,2,-999
cram,readrepeat,280,1681010,187,153,0,0,0,2,2,-999
cram,readrepeat,281,1682936,182,152,0,0,0,2,2,-999
cram,readrepeat,282,1661047,187,152,0,0,0,2,2,-999
cram,readrepeat,283,1842674,209,164,0,0,0,2,2,-999
cram,readrepeat,284,1828331,260,152,0,0,0,2,2,-999
cram,readrepeat,285,1730560,187,152,0,0,0,2,2,-999
cram,readrepeat,286,1877492,183,154,0,0,0,2,2,-999
cram,readrepeat,287,1746327,184,153,0,0,0,2,2,-999
cram,readrepeat,288,1752446,184,152,0,0,0,2,2,-999
cram,readrepeat,289,1711122,183,153,0,0,0,2,2,-999
cram,readrepeat,290,1719398,183,153,0,0,0,2,2,-999
cram,readrepeat,291,1350214,183,153,0,0,0,2,2,-999
cram,readrepeat,292,1953916,187,153,0,0,0,2,2,-999
cram,readrepeat,293,1754410,169,153,0,0,0,2,2,-999
cram,readrepeat,294,1756792,318,209,0,0,0,2,2,-999
cram,readrepeat,295,1660783,173,152,0,0,0,2,2,-999
cram,readrepeat,296,1724756,170,152,0,0,0,2,2,-999
cram,readrepeat,297,2263813,187,155,0,0,0,2,2,-999
cram,readrepeat,298,2003392,186,153,0,0,0,2,2,-999
cram,readrepeat,299,1738937,187,153,0,0,0,2,2,-999
cram,readrepeat,300,1695510,208,154,0,0,0,2,2,-999
cram,readrepeat,301,1798981,191,153,0,0,0,2,2,-999
cram,readrepeat,302,1309753,187,152,0,0,0,2,2,-999
cram,readrepeat,303,1718210,183,152,0,0,0,2,2,-999
cram,readrepeat,304,1785372,184,153,0,0,0,2,2,-999
cram,readrepeat,305,1731090,185,152,0,0,0,2,2,-999
cram,readrepeat,306,1731597,184,153,0,0,0,2,2,-999
cram,readrepeat,307,1408249,204,152,0,0,0,2,2,-999
cram,readrepeat,308,1726617,183,153,0,0,0,2,2,-999
cram,readrepeat,309,1718690,184,152,0,0,0,2,2,-999
cram,readrepeat,310,1734497,183,152,0,0,0,2,2,-999
cram,readrepeat,311,1878788,188,152,0,0,0,2,2,-999
cram,readrepeat,312,1761863,187,153,0,0,0,2,2,-999
cram,readrepeat,313,1759636,184,152,0,0,0,2,2,-999
cram,readrepeat,314,1675543,184,153,0,0,0,2,2,-999
cram,readrepeat,315,1784716,182,154,0,0,0,2,2,-999
cram,readrepeat,316,1763260,184,153,0,0,0,2,2,-999
cram,readrepeat,317,1698428,183,152,0,0,0,2,2,-999
cram,readrepeat,318,1778158,193,154,0,0,0,2,2,-999
cram,readrepeat,319,1288073,189,154,0,0,0,2,2,-999
cram,readrepeat,320,1683105,195,153,0,0,0,2,2,-999
cram,readrepeat,321,1683953,184,153,0,0,0,2,2,-999
cram,readrepeat,322,1722825,184,152,0,0,0,2,2,-999
cram,readrepeat,323,1740826,197,154,0,0,0,2,2,-999
cram,readrepeat,324,1691902,182,152,0,0,0,2,2,-999
cram,readrepeat,325,1698692,184,153,0,0,0,2,2,-999
cram,readrepeat,326,1729071,231,181,0,0,0,2,2,-999
cram,readrepeat,327,1731576,253,152,0,0,0,2,2,-999
cram,readrepeat,328,1847467,195,153,0,0,0,2,2,-999
cram,readrepeat,329,1285998,188,153,0,0,0,2,2,-999
cram,readrepeat,330,1668519,188,155,0,0,0,2,2,-999
cram,readrepeat,331,1687858,187,154,0,0,0,2,2,-999
cram,readrepeat,332,1867698,193,153,0,0,0,2,2,-999
cram,readrepeat,333,1797003,187,153,0,0,0,2,2,-999
cram,readrepeat,334,1718710,188,153,0,0,0,2,2,-999
cram,readrepeat,335,1690493,184,153,0,0,0,2,2,-999
cram,readrepeat,336,1921483,186,153,0,0,0,2,2,-999
cram,readrepeat,337,1961595,185,152,0,0,0,2,2,-999
cram,readrepeat,338,1923704,184,152,0,0,0,2,2,-999
cram,readrepeat,339,1916794,184,152,0,0,0,2,2,-999
cram,readrepeat,340,1982203,276,238,0,0,0,2,2,-999
cram,readrepeat,341,1906858,211,154,0,0,0,2,2,-999
cram,readrepeat,342,1937647,492,176,0,0,0,2,2,-999
cram,readrepeat,343,1889845,184,154,0,0,0,2,2,-999
cram,readrepeat,344,1876703,187,154,0,0,0,2,2,-999
cram,readrepeat,345,1903575,186,153,0,0,0,2,2,-999
cram,readrepeat,346,1832998,185,155,0,0,0,2,2,-999
cram,readrepeat,347,1918231,196,154,0,0,0,2,2,-999
cram,readrepeat,348,1831154,248,154,0,0,0,2,2,-999
cram,readrepeat,349,1877044,183,152,0,0,0,2,2,-999
cram,readrepeat,350,1889184,184,152,0,0,0,2,2,-999
cram,readrepeat,351,1906355,184,153,0,0,0,2,2,-999
cram,readrepeat,352,1494899,184,153,0,0,0,2,2,-999
cram,readrepeat,353,1896950,185,152,0,0,0,2,2,-999
cram,readrepeat,354,1925945,279,165,0,0,0,2,2,-999
cram,readrepeat,355,1940811,183,153,0,0,0,2,2,-999
cram,readrepeat,356,1899325,244,153,0,0,0,2,2,-999
cram,readrepeat,357,1920301,183,152,0,0,0,2,2,-999
cram,readrepeat,358,2246424,182,154,0,0,0,2,2,-999
cram,readrepeat,359,1940741,183,153,0,0,0,2,2,-999
cram,readrepeat,360,1979650,195,156,0,0,0,2,2,-999
cram,readrepeat,361,1883249,169,152,0,0,0,2,2,-999
cram,readrepeat,362,1889923,176,154,0,0,0,2,2,-999
cram,readrepeat,363,1884092,169,152,0,0,0,2,2,-999
cram,readrepeat,364,1848772,169,153,0,0,0,2,2,-999
cram,readrepeat,365,1908045,169,153,0,0,0,2,2,-999
cram,readrepeat,366,1916328,216,152,0,0,0,2,2,-999
cram,readrepeat,367,1823233,258,222,0,0,0,2,2,-999
cram,readrepeat,368,1894756,173,151,0,0,0,2,2,-999
cram,readrepeat,369,1957198,172,154,0,0,0,2,2,-999
cram,readrepeat,370,1933817,201,161,0,0,0,2,2,-999
cram,readrepeat,371,1895410,272,4882,0,0,0,2,2,-999
cram,readrepeat,372,1902624,170,152,0,0,0,2,2,-999
cram,readrepeat,373,1912304,168,153,0,0,0,2,2,-999
cram,readrepeat,374,1925595,263,216,0,0,0,2,2,-999
cram,readrepeat,375,1871658,168,151,0,0,0,2,2,-999
cram,readrepeat,376,1901440,169,152,0,0,0,2,2,-999
cram,readrepeat,377,1957286,218,151,0,0,0,2,2,-999
cram,readrepeat,378,1953562,267,219,0,0,0,2,2,-999
cram,readrepeat,379,1910124,187,154,0,0,0,2,2,-999
cram,readrepeat,380,2244933,282,223,0,0,0,2,2,-999
cram,readrepeat,381,2022484,171,152,0,0,0,2,2,-999
cram,readrepeat,382,1874937,169,153,0,0,0,2,2,-999
cram,readrepeat,383,1867237,169,153,0,0,0,2,2,-999
cram,readrepeat,384,1930034,173,153,0,0,0,2,2,-999
cram,readrepeat,385,1891825,283,205,0,0,0,2,2,-999
cram,readrepeat,386,1794564,169,152,0,0,0,2,2,-999
cram,readrepeat,387,1762542,187,153,0,0,0,2,2,-999
cram,readrepeat,388,13799306,168,155,0,0,0,2,2,-999
cram,readrepeat,389,4221738,169,152,0,0,0,2,2,-999
cram,readrepeat,390,1953102,174,154,0,0,0,2,2,-999
cram,readrepeat,391,1871177,183,153,0,0,0,2,2,-999
cram,readrepeat,392,1835486,205,153,0,0,0,2,2,-999
cram,readrepeat,393,1747881,182,153,0,0,0,2,2,-999
cram,readrepeat,394,3370844,218,202,0,0,0,2,2,-999
cram,readrepeat,395,1868657,187,152,0,0,0,2,2,-999
cram,readrepeat,396,1798557,183,153,0,0,0,2,2,-999
cram,readrepeat,397,1761230,182,151,0,0,0,2,2,-999
cram,readrepeat,398,1772735,185,151,0,0,0,2,2,-999
cram,readrepeat,399,1793952,187,153,0,0,0,2,2,-999
cram,readrepeat,400,4002227,190,152,0,0,0,2,2,-999
cram,readrepeat,401,1849447,184,153,0,0,0,2,2,-999
cram,readrepeat,402,1724911,183,154,0,0,0,2,2,-999
cram,readrepeat,403,1806812,169,154,0,0,0,2,2,-999
cram,readrepeat,404,1734896,183,153,0,0,0,2,2,-999
cram,readrepeat,405,1782970,172,153,0,0,0,2,2,-999
cram,readrepeat,406,1769857,183,153,0,0,0,2,2,-999
cram,readrepeat,407,1692739,289,189,0,0,0,2,2,-999
cram,readrepeat,408,1795302,241,187,0,0,0,2,2,-999
cram,readrepeat,409,1271367,169,152,0,0,0,2,2,-999
cram,readrepeat,410,1700365,170,152,0,0,0,2,2,-999
cram,readrepeat,411,1749668,297,240,0,0,0,2,2,-999
cram,readrepeat,412,1787662,169,153,0,0,0,2,2,-999
cram,readrepeat,413,1796999,169,153,0,0,0,2,2,-999
cram,readrepeat,414,1813829,193,152,0,0,0,2,2,-999
cram,readrepeat,415,1810614,169,152,0,0,0,2,2,-999
cram,readrepeat,416,1755669,169,151,0,0,0,2,2,-999
cram,readrepeat,417,1803992,168,153,0,0,0,2,2,-999
cram,readrepeat,418,1754018,168,154,0,0,0,2,2,-999
cram,readrepeat,419,1743575,169,152,0,0,0,2,2,-999
cram,readrepeat,420,1846356,183,153,0,0,0,2,2,-999
cram,readrepeat,421,1753976,184,153,0,0,0,2,2,-999
cram,readrepeat,422,1755188,184,152,0,0,0,2,2,-999
cram,readrepeat,423,1747919,283,176,0,0,0,2,2,-999
cram,readrepeat,424,1777843,196,152,0,0,0,2,2,-999
cram,readrepeat,425,1774771,213,153,0,0,0,2,2,-999
cram,readrepeat,426,1831611,196,153,0,0,0,2,2,-999
cram,readrepeat,427,1794517,194,152,0,0,0,2,2,-999
cram,readrepeat,428,1842952,189,152,0,0,0,2,2,-999
cram,readrepeat,429,1769880,188,152,0,0,0,2,2,-999
cram,readrepeat,430,1812955,188,152,0,0,0,2,2,-999
cram,readrepeat,431,1827320,190,152,0,0,0,2,2,-999
cram,readrepeat,432,1847527,188,152,0,0,0,2,2,-999
cram,readrepeat,433,1810335,193,152,0,0,0,2,2,-999
cram,readrepeat,434,1771777,209,153,0,0,0,2,2,-999
cram,readrepeat,435,1803597,189,152,0,0,0,2,2,-999
cram,readrepeat,436,1769251,192,152,0,0,0,2,2,-999
cram,readrepeat,437,1751996,193,152,0,0,0,2,2,-999
cram,readrepeat,438,1791196,192,152,0,0,0,2,2,-999
cram,readrepeat,439,1953731,189,153,0,0,0,2,2,-999
cram,readrepeat,440,1662973,266,184,0,0,0,2,2,-999
cram,readrepeat,441,1666308,173,153,0,0,0,2,2,-999
cram,readrepeat,442,1717262,173,153,0,0,0,2,2,-999
cram,readrepeat,443,1754032,172,152,0,0,0,2,2,-999
cram,readrepeat,444,1764488,168,152,0,0,0,2,2,-999
cram,readrepeat,445,1762514,174,151,0,0,0,2,2,-999
cram,readrepeat,446,1743337,171,151,0,0,0,2,2,-999
cram,readrepeat,447,1774086,169,153,0,0,0,2,2,-999
cram,readrepeat,448,1919557,169,152,0,0,0,2,2,-999
cram,readrepeat,449,1962523,184,152,0,0,0,2,2,-999
cram,readrepeat,450,1791863,290,222,0,0,0,2,2,-999
cram,readrepeat,451,1316377,276,206,0,0,0,2,2,-999
cram,readrepeat,452,1787739,178,151,0,0,0,2,2,-999
cram,readrepeat,453,1759600,219,154,0,0,0,2,2,-999
cram,readrepeat,454,1935936,192,154,0,0,0,2,2,-999
cram,readrepeat,455,1728096,182,151,0,0,0,2,2,-999
cram,readrepeat,456,1682803,182,153,0,0,0,2,2,-999
cram,readrepeat,457,2412431,184,153,0,0,0,2,2,-999
cram,readrepeat,458,1749385,184,153,0,0,0,2,2,-999
cram,readrepeat,459,1731831,185,152,0,0,0,2,2,-999
cram,readrepeat,460,1703430,188,152,0,0,0,2,2,-999
cram,readrepeat,461,1781514,184,152,0,0,0,2,2,-999
cram,readrepeat,462,1799354,183,154,0,0,0,2,2,-999
cram,readrepeat,463,4564853,184,153,0,0,0,2,2,-999
cram,readrepeat,464,2004689,182,152,0,0,0,2,2,-999
cram,readrepeat,465,1709588,227,152,0,0,0,2,2,-999
cram,readrepeat,466,1716583,184,153,0,0,0,2,2,-999
cram,readrepeat,467,1874056,192,152,0,0,0,2,2,-999
cram,readrepeat,468,1887918,226,153,0,0,0,2,2,-999
cram,readrepeat,469,3626881,188,153,0,0,0,2,2,-999
cram,readrepeat,470,1912056,188,151,0,0,0,2,2,-999
cram,readrepeat,471,1787990,184,151,0,0,0,2,2,-999
cram,readrepeat,472,1802429,184,153,0,0,0,2,2,-999
cram,readrepeat,473,1854177,265,212,0,0,0,2,2,-999
cram,readrepeat,474,1724931,274,201,0,0,0,2,2,-999
cram,readrepeat,475,1796784,195,154,0,0,0,2,2,-999
cram,readrepeat,476,1804085,189,152,0,0,0,2,2,-999
cram,readrepeat,477,1831424,189,152,0,0,0,2,2,-999
cram,readrepeat,478,1325237,191,153,0,0,0,2,2,-999
cram,readrepeat,479,1727981,189,152,0,0,0,2,2,-999
cram,readrepeat,480,1729013,189,153,0,0,0,2,2,-999
cram,readrepeat,481,1807314,191,152,0,0,0,2,2,-999
cram,readrepeat,482,1875700,189,151,0,0,0,2,2,-999
cram,readrepeat,483,1950404,188,153,0,0,0,2,2,-999
cram,readrepeat,484,2088272,192,152,0,0,0,2,2,-999
cram,readrepeat,485,1940062,257,189,0,0,0,2,2,-999
cram,readrepeat,486,1814983,239,180,0,0,0,2,2,-999
cram,readrepeat,487,1735343,274,180,0,0,0,2,2,-999
cram,readrepeat,488,1774954,192,153,0,0,0,2,2,-999
cram,readrepeat,489,1706266,187,153,0,0,0,2,2,-999
cram,readrepeat,490,1680497,187,152,0,0,0,2,2,-999
cram,readrepeat,491,1693271,206,183,0,0,0,2,2,-999
cram,readrepeat,492,1796714,195,153,0,0,0,2,2,-999
cram,readrepeat,493,1739003,187,153,0,0,0,2,2,-999
cram,readrepeat,494,2077904,190,154,0,0,0,2,2,-999
cram,readrepeat,495,1749144,187,151,0,0,0,2,2,-999
cram,readrepeat,496,1717158,194,153,0,0,0,2,2,-999
cram,readrepeat,497,1940105,283,195,0,0,0,2,2,-999
cram,readrepeat,498,1697184,184,152,0,0,0,2,2,-999
cram,readrepeat,499,1867964,187,154,0,0,0,2,2,-999
cram,readrepeat,500,2148736,190,151,0,0,0,2,2,-999
cram,readrepeat,501,1775801,187,152,0,0,0,2,2,-999
cram,readrepeat,502,1845069,194,151,0,0,0,2,2,-999
cram,readrepeat,503,2978772,189,152,0,0,0,2,2,-999
cram,readrepeat,504,1945106,184,154,0,0,0,2,2,-999
cram,readrepeat,505,1670075,183,153,0,0,0,2,2,-999
cram,readrepeat,506,1700993,184,152,0,0,0,2,2,-999
cram,readrepeat,507,1848615,187,153,0,0,0,2,2,-999
cram,readrepeat,508,1718448,188,152,0,0,0,2,2,-999
cram,readrepeat,509,4486225,187,153,0,0,0,2,2,-999
cram,readrepeat,510,1804611,183,152,0,0,0,2,2,-999
cram,readrepeat,511,1735365,187,152,0,0,0,2,2,-999
cram,readrepeat,512,1684324,181,151,0,0,0,2,2,-999
cram,readrepeat,513,1819125,183,153,0,0,0,2,2,-999
cram,readrepeat,514,1900230,186,152,0,0,0,2,2,-999
cram,readrepeat,515,2602143,175,152,0,0,0,2,2,-999
cram,readrepeat,516,13136152,168,153,0,0,0,2,2,-999
cram,readrepeat,517,2161708,170,154,0,0,0,2,2,-999
cram,readrepeat,518,1810785,173,153,0,0,0,2,2,-999
cram,readrepeat,519,1890096,173,152,0,0,0,2,2,-999
cram,readrepeat,520,1807081,206,152,0,0,0,2,2,-999
cram,readrepeat,521,1744158,170,153,0,0,0,2,2,-999
cram,readrepeat,522,1480066,224,153,0,0,0,2,2,-999
cram,readrepeat,523,16759,201,152,0,0,0,2,2,-999
cram,readrepeat,524,3438635,199,153,0,0,0,2,2,-999
cram,readrepeat,525,1786852,214,153,0,0,0,2,2,-999
cram,readrepeat,526,1262673,185,153,0,0,0,2,2,-999
cram,readrepeat,527,1675475,187,155,0,0,0,2,2,-999
cram,readrepeat,528,1659779,188,152,0,0,0,2,2,-999
cram,readrepeat,529,1231575,186,152,0,0,0,2,2,-999
cram,readrepeat,530,1294736,184,153,0,0,0,2,2,-999
cram,readrepeat,531,1663845,189,152,0,0,0,2,2,-999
cram,readrepeat,532,1646637,187,152,0,0,0,2,2,-999
cram,readrepeat,533,1676156,183,152,0,0,0,2,2,-999
cram,readrepeat,534,1264866,183,152,0,0,0,2,2,-999
cram,readrepeat,535,1280016,197,153,0,0,0,2,2,-999
cram,readrepeat,536,1667875,193,154,0,0,0,2,2,-999
cram,readrepeat,537,1693805,210,152,0,0,0,2,2,-999
cram,readrepeat,538,1802728,182,154,0,0,0,2,2,-999
cram,readrepeat,539,1346791,193,153,0,0,0,2,2,-999
cram,readrepeat,540,1998259,208,248,0,0,0,2,2,-999
cram,readrepeat,541,1826214,229,154,0,0,0,2,2,-999
cram,readrepeat,542,11413,191,152,0,0,0,2,2,-999
cram,readrepeat,543,3423452,240,206,0,0,0,2,2,-999
cram,readrepeat,544,1829721,354,215,0,0,0,2,2,-999
cram,readrepeat,545,1736936,220,154,0,0,0,2,2,-999
cram,readrepeat,546,1873854,185,154,0,0,0,2,2,-999
cram,readrepeat,547,1926830,235,165,0,0,0,2,2,-999
cram,readrepeat,548,1964168,187,154,0,0,0,2,2,-999
cram,readrepeat,549,1951341,187,151,0,0,0,2,2,-999
cram,readrepeat,550,1691633,185,153,0,0,0,2,2,-999
cram,readrepeat,551,1767808,284,237,0,0,0,2,2,-999
cram,readrepeat,552,1847985,184,153,0,0,0,2,2,-999
cram,readrepeat,553,1813275,218,152,0,0,0,2,2,-999
cram,readrepeat,554,1759804,174,153,0,0,0,2,2,-999
cram,readrepeat,555,1656744,188,155,0,0,0,2,2,-999
cram,readrepeat,556,1802921,174,154,0,0,0,2,2,-999
cram,readrepeat,557,1779997,171,153,0,0,0,2,2,-999
cram,readrepeat,558,1739153,173,153,0,0,0,2,2,-999
cram,readrepeat,559,1865496,201,154,0,0,0,2,2,-999
cram,readrepeat,560,1780414,188,153,0,0,0,2,2,-999
cram,readrepeat,561,1901322,197,153,0,0,0,2,2,-999
cram,readrepeat,562,1982553,210,152,0,0,0,2,2,-999
cram,readrepeat,563,1804835,185,189,0,0,0,2,2,-999
cram,readrepeat,564,1723813,184,152,0,0,0,2,2,-999
cram,readrepeat,565,1801186,184,152,0,0,0,2,2,-999
cram,readrepeat,566,2124506,182,153,0,0,0,2,2,-999
cram,readrepeat,567,1742358,222,153,0,0,0,2,2,-999
cram,readrepeat,568,2134755,176,153,0,0,0,2,2,-999
cram,readrepeat,569,12569,170,153,0,0,0,2,2,-999
cram,readrepeat,570,3809632,183,153,0,0,0,2,2,-999
cram,readrepeat,571,1757526,220,153,0,0,0,2,2,-999
cram,readrepeat,572,1351876,256,205,0,0,0,2,2,-999
cram,readrepeat,573,1711827,169,154,0,0,0,2,2,-999
cram,readrepeat,574,1840134,169,154,0,0,0,2,2,-999
cram,readrepeat,575,2386608,191,152,0,0,0,2,2,-999
cram,readrepeat,576,2467706,215,154,0,0,0,2,2,-999
cram,readrepeat,577,2548395,257,199,0,0,0,2,2,-999
cram,readrepeat,578,2481081,239,181,0,0,0,2,2,-999
cram,readrepeat,579,2411483,235,162,0,0,0,2,2,-999
cram,readrepeat,580,2163505,168,154,0,0,0,2,2,-999
cram,readrepeat,581,1825003,173,153,0,0,0,2,2,-999
cram,readrepeat,582,1765752,245,209,0,0,0,2,2,-999
cram,readrepeat,583,1740783,197,153,0,0,0,2,2,-999
cram,readrepeat,584,1851038,188,151,0,0,0,2,2,-999
cram,readrepeat,585,1710314,187,152,0,0,0,2,2,-999
cram,readrepeat,586,1694709,186,152,0,0,0,2,2,-999
cram,readrepeat,587,1761243,174,152,0,0,0,2,2,-999
cram,readrepeat,588,1719464,173,155,0,0,0,2,2,-999
cram,readrepeat,589,1340717,173,153,0,0,0,2,2,-999
cram,readrepeat,590,1741206,173,153,0,0,0,2,2,-999
cram,readrepeat,591,1810842,169,153,0,0,0,2,2,-999
cram,readrepeat,592,1887406,189,152,0,0,0,2,2,-999
cram,readrepeat,593,1809192,183,166,0,0,0,2,2,-999
cram,readrepeat,594,1752375,187,166,0,0,0,2,2,-999
cram,readrepeat,595,1769865,241,166,0,0,0,2,2,-999
cram,readrepeat,596,1718473,186,153,0,0,0,2,2,-999
cram,readrepeat,597,2087001,186,153,0,0,0,2,2,-999
cram,readrepeat,598,1982551,183,153,0,0,0,2,2,-999
cram,readrepeat,599,1894410,183,153,0,0,0,2,2,-999
cram,readrepeat,600,2161485,244,153,0,0,0,2,2,-999
cram,readrepeat,601,1791687,184,153,0,0,0,2,2,-999
cram,readrepeat,602,2197112,187,153,0,0,0,2,2,-999
cram,readrepeat,603,1010292,183,151,0,0,0,2,2,-999
cram,readrepeat,604,1746991,181,151,0,0,0,2,2,-999
cram,readrepeat,605,1731239,182,152,0,0,0,2,2,-999
cram,readrepeat,606,1959105,184,152,0,0,0,2,2,-999
cram,readrepeat,607,1780989,188,153,0,0,0,2,2,-999
cram,readrepeat,608,1769536,292,203,0,0,0,2,2,-999
cram,readrepeat,609,1364437,181,153,0,0,0,2,2,-999
cram,readrepeat,610,2191051,263,215,0,0,0,2,2,-999
cram,readrepeat,611,1822301,259,209,0,0,0,2,2,-999
cram,readrepeat,612,1929490,229,177,0,0,0,2,2,-999
cram,readrepeat,613,1782260,184,153,0,0,0,2,2,-999
cram,readrepeat,614,1349679,183,153,0,0,0,2,2,-999
cram,readrepeat,615,1715054,183,153,0,0,0,2,2,-999
cram,readrepeat,616,1687706,183,152,0,0,0,2,2,-999
cram,readrepeat,617,1713524,184,151,0,0,0,2,2,-999
cram,readrepeat,618,1708319,181,151,0,0,0,2,2,-999
cram,readrepeat,619,2492194,194,154,0,0,0,2,2,-999
cram,readrepeat,620,3969423,192,153,0,0,0,2,2,-999
cram,readrepeat,621,1745574,183,153,0,0,0,2,2,-999
cram,readrepeat,622,1726032,187,152,0,0,0,2,2,-999
cram,readrepeat,623,1725690,184,152,0,0,0,2,2,-999
cram,readrepeat,624,1689694,183,152,0,0,0,2,2,-999
cram,readrepeat,625,4020387,181,153,0,0,0,2,2,-999
cram,readrepeat,626,2024600,250,152,0,0,0,2,2,-999
cram,readrepeat,627,1295481,167,152,0,0,0,2,2,-999
cram,readrepeat,628,1884545,168,152,0,0,0,2,2,-999
cram,readrepeat,629,1987572,171,152,0,0,0,2,2,-999
cram,readrepeat,630,1873814,173,153,0,0,0,2,2,-999
cram,readrepeat,631,1993780,275,191,0,0,0,2,2,-999
cram,readrepeat,632,1887773,206,154,0,0,0,2,2,-999
cram,readrepeat,633,1981393,182,152,0,0,0,2,2,-999
cram,readrepeat,634,1850732,168,152,0,0,0,2,2,-999
cram,readrepeat,635,2013842,275,193,0,0,0,2,2,-999
cram,readrepeat,636,1945197,184,153,0,0,0,2,2,-999
cram,readrepeat,637,1993352,183,152,0,0,0,2,2,-999
cram,readrepeat,638,1990547,205,151,0,0,0,2,2,-999
cram,readrepeat,639,2257231,184,153,0,0,0,2,2,-999
cram,readrepeat,640,2093940,184,153,0,0,0,2,2,-999
cram,readrepeat,641,1742065,204,153,0,0,0,2,2,-999
cram,readrepeat,642,1829388,266,196,0,0,0,2,2,-999
cram,readrepeat,643,1747901,184,152,0,0,0,2,2,-999
cram,readrepeat,644,1795234,190,152,0,0,0,2,2,-999
cram,readrepeat,645,1933514,264,210,0,0,0,2,2,-999
cram,readrepeat,646,1895560,630,153,0,0,0,2,2,-999
cram,readrepeat,647,2175984,398,170,0,0,0,2,2,-999
cram,readrepeat,648,2052458,183,152,0,0,0,2,2,-999
cram,readrepeat,649,1890233,201,152,0,0,0,2,2,-999
cram,readrepeat,650,1971033,184,153,0,0,0,2,2,-999
cram,readrepeat,651,1945034,201,151,0,0,0,2,2,-999
cram,readrepeat,652,2091087,170,152,0,0,0,2,2,-999
cram,readrepeat,653,2078187,179,152,0,0,0,2,2,-999
cram,readrepeat,654,2087646,197,153,0,0,0,2,2,-999
cram,readrepeat,655,2166184,198,153,0,0,0,2,2,-999
cram,readrepeat,656,2018923,198,152,0,0,0,2,2,-999
cram,readrepeat,657,1832542,184,153,0,0,0,2,2,-999
cram,readrepeat,658,1743698,186,153,0,0,0,2,2,-999
cram,readrepeat,659,1890558,186,154,0,0,0,2,2,-999
cram,readrepeat,660,1996361,207,153,0,0,0,2,2,-999
cram,readrepeat,661,1817218,184,152,0,0,0,2,2,-999
cram,readrepeat,662,1794329,188,153,0,0,0,2,2,-999
cram,readrepeat,663,1737793,186,154,0,0,0,2,2,-999
cram,readrepeat,664,1736040,189,153,0,0,0,2,2,-999
cram,readrepeat,665,1714982,183,154,0,0,0,2,2,-999
cram,readrepeat,666,1731434,182,152,0,0,0,2,2,-999
cram,readrepeat,667,1711842,185,152,0,0,0,2,2,-999
cram,readrepeat,668,1770768,184,155,0,0,0,2,2,-999
cram,readrepeat,669,1900660,207,153,0,0,0,2,2,-999
cram,readrepeat,670,3393389,184,153,0,0,0,2,2,-999
cram,readrepeat,671,1877837,183,152,0,0,0,2,2,-999
cram,readrepeat,672,1761965,182,153,0,0,0,2,2,-999
cram,readrepeat,673,1789252,183,153,0,0,0,2,2,-999
cram,readrepeat,674,1734271,184,153,0,0,0,2,2,-999
cram,readrepeat,675,1976385,185,153,0,0,0,2,2,-999
cram,readrepeat,676,1792213,186,153,0,0,0,2,2,-999
cram,readrepeat,677,1849877,187,154,0,0,0,2,2,-999
cram,readrepeat,678,1761266,188,152,0,0,0,2,2,-999
cram,readrepeat,679,1753616,184,152,0,0,0,2,2,-999
cram,readrepeat,680,1838301,185,153,0,0,0,2,2,-999
cram,readrepeat,681,1775605,184,152,0,0,0,2,2,-999
cram,readrepeat,682,1878801,183,153,0,0,0,2,2,-999
cram,readrepeat,683,1742365,185,153,0,0,0,2,2,-999
cram,readrepeat,684,1846188,183,152,0,0,0,2,2,-999
cram,readrepeat,685,1755778,185,152,0,0,0,2,2,-999
cram,readrepeat,686,1766952,232,152,0,0,0,2,2,-999
cram,readrepeat,687,1283593,183,153,0,0,0,2,2,-999
cram,readrepeat,688,1719550,189,153,0,0,0,2,2,-999
cram,readrepeat,689,1774949,181,152,0,0,0,2,2,-999
cram,readrepeat,690,1771132,256,202,0,0,0,2,2,-999
cram,readrepeat,691,1738033,183,153,0,0,0,2,2,-999
cram,readrepeat,692,1748643,184,153,0,0,0,2,2,-999
cram,readrepeat,693,1805633,185,151,0,0,0,2,2,-999
cram,readrepeat,694,1716170,183,152,0,0,0,2,2,-999
cram,readrepeat,695,1695050,185,152,0,0,0,2,2,-999
cram,readrepeat,696,1891151,186,152,0,0,0,2,2,-999
cram,readrepeat,697,1815370,184,153,0,0,0,2,2,-999
cram,readrepeat,698,1808098,187,153,0,0,0,2,2,-999
cram,readrepeat,699,1803803,190,153,0,0,0,2,2,-999
cram,readrepeat,700,1798299,186,153,0,0,0,2,2,-999
cram,readrepeat,701,2316924,191,155,0,0,0,2,2,-999
cram,readrepeat,702,1856898,190,152,0,0,0,2,2,-999
cram,readrepeat,703,1801368,188,153,0,0,0,2,2,-999
cram,readrepeat,704,1359868,187,154,0,0,0,2,2,-999
cram,readrepeat,705,1752807,190,153,0,0,0,2,2,-999
cram,readrepeat,706,1761447,261,163,0,0,0,2,2,-999
cram,readrepeat,707,1766165,183,152,0,0,0,2,2,-999
cram,readrepeat,708,1820685,185,153,0,0,0,2,2,-999
cram,readrepeat,709,1690770,185,152,0,0,0,2,2,-999
cram,readrepeat,710,1682934,184,152,0,0,0,2,2,-999
cram,readrepeat,711,1799779,188,154,0,0,0,2,2,-999
cram,readrepeat,712,1744926,211,152,0,0,0,2,2,-999
cram,readrepeat,713,1752708,207,154,0,0,0,2,2,-999
cram,readrepeat,714,1787007,205,155,0,0,0,2,2,-999
cram,readrepeat,715,1822518,196,154,0,0,0,2,2,-999
cram,readrepeat,716,1742342,183,153,0,0,0,2,2,-999
cram,readrepeat,717,1728586,200,153,0,0,0,2,2,-999
cram,readrepeat,718,1843841,184,152,0,0,0,2,2,-999
cram,readrepeat,719,1806850,196,152,0,0,0,2,2,-999
cram,readrepeat,720,1883133,182,153,0,0,0,2,2,-999
cram,readrepeat,721,1767632,202,156,0,0,0,2,2,-999
cram,readrepeat,722,1781415,184,154,0,0,0,2,2,-999
cram,readrepeat,723,1800413,183,153,0,0,0,2,2,-999
cram,readrepeat,724,1812116,186,153,0,0,0,2,2,-999
cram,readrepeat,725,1786073,224,154,0,0,0,2,2,-999
cram,readrepeat,726,2842258,183,155,0,0,0,2,2,-999
cram,readrepeat,727,1760586,183,153,0,0,0,2,2,-999
cram,readrepeat,728,1710320,184,153,0,0,0,2,2,-999
cram,readrepeat,729,1792618,183,152,0,0,0,2,2,-999
cram,readrepeat,730,1735700,186,166,0,0,0,2,2,-999
cram,readrepeat,731,1698055,186,152,0,0,0,2,2,-999
cram,readrepeat,732,1824006,191,152,0,0,0,2,2,-999
cram,readrepeat,733,2294301,187,153,0,0,0,2,2,-999
cram,readrepeat,734,1868181,188,153,0,0,0,2,2,-999
cram,readrepeat,735,1846386,193,154,0,0,0,2,2,-999
cram,readrepeat,736,1763561,169,152,0,0,0,2,2,-999
cram,readrepeat,737,1777322,176,152,0,0,0,2,2,-999
cram,readrepeat,738,1828292,183,154,0,0,0,2,2,-999
cram,readrepeat,739,1799866,255,197,0,0,0,2,2,-999
cram,readrepeat,740,2101297,181,152,0,0,0,2,2,-999
cram,readrepeat,741,1970968,171,152,0,0,0,2,2,-999
cram,readrepeat,742,1922724,168,154,0,0,0,2,2,-999
cram,readrepeat,743,1924944,270,193,0,0,0,2,2,-999
cram,readrepeat,744,1929132,169,152,0,0,0,2,2,-999
cram,readrepeat,745,2068442,221,154,0,0,0,2,2,-999
cram,readrepeat,746,1959799,169,151,0,0,0,2,2,-999
cram,readrepeat,747,1829051,169,154,0,0,0,2,2,-999
cram,readrepeat,748,1880474,191,152,0,0,0,2,2,-999
cram,readrepeat,749,1829511,172,153,0,0,0,2,2,-999
cram,readrepeat,750,1831461,171,153,0,0,0,2,2,-999
cram,readrepeat,751,1853862,172,153,0,0,0,2,2,-999
cram,readrepeat,752,1837658,173,153,0,0,0,2,2,-999
cram,readrepeat,753,1876369,176,153,0,0,0,2,2,-999
cram,readrepeat,754,1875628,170,152,0,0,0,2,2,-999
cram,readrepeat,755,1943794,169,152,0,0,0,2,2,-999
cram,readrepeat,756,2008310,271,212,0,0,0,2,2,-999
cram,readrepeat,757,2077720,192,153,0,0,0,2,2,-999
cram,readrepeat,758,2054332,307,212,0,0,0,2,2,-999
cram,readrepeat,759,2410782,184,152,0,0,0,2,2,-999
cram,readrepeat,760,2391734,190,152,0,0,0,2,2,-999
cram,readrepeat,761,2376381,188,154,0,0,0,2,2,-999
cram,readrepeat,762,2400894,269,155,0,0,0,2,2,-999
cram,readrepeat,763,2466791,199,152,0,0,0,2,2,-999
cram,readrepeat,764,3354987,194,155,0,0,0,2,2,-999
cram,readrepeat,765,2281614,201,154,0,0,0,2,2,-999
cram,readrepeat,766,1940603,186,152,0,0,0,2,2,-999
cram,readrepeat,767,1722876,169,155,0,0,0,2,2,-999
cram,readrepeat,768,1740973,173,153,0,0,0,2,2,-999
cram,readrepeat,769,1810630,173,155,0,0,0,2,2,-999
cram,readrepeat,770,3012525,183,154,0,0,0,2,2,-999
cram,readrepeat,771,2123258,260,163,0,0,0,2,2,-999
cram,readrepeat,772,1892552,279,168,0,0,0,2,2,-999
cram,readrepeat,773,1832663,170,153,0,0,0,2,2,-999
cram,readrepeat,774,1747815,171,153,0,0,0,2,2,-999
cram,readrepeat,775,13033142,171,152,0,0,0,2,2,-999
cram,readrepeat,776,1923675,173,153,0,0,0,2,2,-999
cram,readrepeat,777,1702083,173,152,0,0,0,2,2,-999
cram,readrepeat,778,1684881,174,152,0,0,0,2,2,-999
cram,readrepeat,779,1723124,173,152,0,0,0,2,2,-999
cram,readrepeat,780,1891439,260,163,0,0,0,2,2,-999
cram,readrepeat,781,1756449,202,153,0,0,0,2,2,-999
cram,readrepeat,782,1721824,300,188,0,0,0,2,2,-999
cram,readrepeat,783,1687110,173,153,0,0,0,2,2,-999
cram,readrepeat,784,1703013,173,152,0,0,0,2,2,-999
cram,readrepeat,785,1939124,169,153,0,0,0,2,2,-999
cram,readrepeat,786,1744329,181,197,0,0,0,2,2,-999
cram,readrepeat,787,1698965,173,154,0,0,0,2,2,-999
cram,readrepeat,788,1710750,169,152,0,0,0,2,2,-999
cram,readrepeat,789,1723115,172,151,0,0,0,2,2,-999
cram,readrepeat,790,1746712,173,153,0,0,0,2,2,-999
cram,readrepeat,791,1737239,172,152,0,0,0,2,2,-999
cram,readrepeat,792,1761414,180,153,0,0,0,2,2,-999
cram,readrepeat,793,1725976,191,163,0,0,0,2,2,-999
cram,readrepeat,794,1908765,202,152,0,0,0,2,2,-999
cram,readrepeat,795,2219634,208,154,0,0,0,2,2,-999
cram,readrepeat,796,1880705,200,152,0,0,0,2,2,-999
cram,readrepeat,797,1938631,199,163,0,0,0,2,2,-999
cram,readrepeat,798,1908214,183,152,0,0,0,2,2,-999
cram,readrepeat,799,1915515,184,152,0,0,0,2,2,-999
cram,readrepeat,800,1879247,213,198,0,0,0,2,2,-999
cram,readrepeat,801,1876705,183,152,0,0,0,2,2,-999
cram,readrepeat,802,1927746,183,153,0,0,0,2,2,-999
cram,readrepeat,803,2261867,183,153,0,0,0,2,2,-999
cram,readrepeat,804,1411195,207,153,0,0,0,2,2,-999
cram,readrepeat,805,1816377,185,152,0,0,0,2,2,-999
cram,readrepeat,806,2055113,184,154,0,0,0,2,2,-999
cram,readrepeat,807,1925263,186,156,0,0,0,2,2,-999
cram,readrepeat,808,1808050,184,152,0,0,0,2,2,-999
cram,readrepeat,809,1844257,188,153,0,0,0,2,2,-999
cram,readrepeat,810,1937801,187,154,0,0,0,2,2,-999
cram,readrepeat,811,1859011,187,153,0,0,0,2,2,-999
cram,readrepeat,812,2069213,188,153,0,0,0,2,2,-999
cram,readrepeat,813,1909608,188,154,0,0,0,2,2,-999
cram,readrepeat,814,1815141,187,153,0,0,0,2,2,-999
cram,readrepeat,815,1945257,193,154,0,0,0,2,2,-999
cram,readrepeat,816,1881233,170,153,0,0,0,2,2,-999
cram,readrepeat,817,1866752,169,154,0,0,0,2,2,-999
cram,readrepeat,818,1904335,171,153,0,0,0,2,2,-999
cram,readrepeat,819,4212657,169,153,0,0,0,2,2,-999
cram,readrepeat,820,1910790,249,189,0,0,0,2,2,-999
cram,readrepeat,821,1831879,186,150,0,0,0,2,2,-999
cram,readrepeat,822,1960302,182,150,0,0,0,2,2,-999
cram,readrepeat,823,1798629,174,153,0,0,0,2,2,-999
cram,readrepeat,824,1824563,170,154,0,0,0,2,2,-999
cram,readrepeat,825,1884984,169,152,0,0,0,2,2,-999
cram,readrepeat,826,1941403,193,151,0,0,0,2,2,-999
cram,readrepeat,827,1890318,184,153,0,0,0,2,2,-999
cram,readrepeat,828,2261188,171,153,0,0,0,2,2,-999
cram,readrepeat,829,2344662,177,153,0,0,0,2,2,-999
cram,readrepeat,830,2386293,177,153,0,0,0,2,2,-999
cram,readrepeat,831,3613793,198,152,0,0,0,2,2,-999
cram,readrepeat,832,1918523,186,153,0,0,0,2,2,-999
cram,readrepeat,833,1306088,172,153,0,0,0,2,2,-999
cram,readrepeat,834,1704718,187,154,0,0,0,2,2,-999
cram,readrepeat,835,2017852,193,153,0,0,0,2,2,-999
cram,readrepeat,836,1822507,168,152,0,0,0,2,2,-999
cram,readrepeat,837,1791012,170,164,0,0,0,2,2,-999
cram,readrepeat,838,3297382,204,152,0,0,0,2,2,-999
cram,readrepeat,839,1839042,176,153,0,0,0,2,2,-999
cram,readrepeat,840,1743371,172,152,0,0,0,2,2,-999
cram,readrepeat,841,1693730,197,152,0,0,0,2,2,-999
cram,readrepeat,842,1735766,170,152,0,0,0,2,2,-999
cram,readrepeat,843,1705020,262,216,0,0,0,2,2,-999
cram,readrepeat,844,1745102,172,154,0,0,0,2,2,-999
cram,readrepeat,845,1788039,172,152,0,0,0,2,2,-999
cram,readrepeat,846,1753163,169,152,0,0,0,2,2,-999
cram,readrepeat,847,1769660,168,153,0,0,0,2,2,-999
cram,readrepeat,848,1734617,170,152,0,0,0,2,2,-999
cram,readrepeat,849,1684725,171,152,0,0,0,2,2,-999
cram,readrepeat,850,1682488,170,152,0,0,0,2,2,-999
cram,readrepeat,851,1806552,169,152,0,0,0,2,2,-999
cram,readrepeat,852,1292294,169,152,0,0,0,2,2,-999
cram,readrepeat,853,1690469,169,153,0,0,0,2,2,-999
cram,readrepeat,854,1706994,169,152,0,0,0,2,2,-999
cram,readrepeat,855,1639108,169,153,0,0,0,2,2,-999
cram,readrepeat,856,1743790,174,153,0,0,0,2,2,-999
cram,readrepeat,857,1674780,196,152,0,0,0,2,2,-999
cram,readrepeat,858,1711132,172,152,0,0,0,2,2,-999
cram,readrepeat,859,1673462,197,212,0,0,0,2,2,-999
cram,readrepeat,860,1752989,262,257,0,0,0,2,2,-999
cram,readrepeat,861,1365062,235,238,0,0,0,2,2,-999
cram,readrepeat,862,1824057,216,250,0,0,0,2,2,-999
cram,readrepeat,863,1857775,285,240,0,0,0,2,2,-999
cram,readrepeat,864,1884030,252,201,0,0,0,2,2,-999
cram,readrepeat,865,1937833,278,199,0,0,0,2,2,-999
cram,readrepeat,866,1911255,229,188,0,0,0,2,2,-999
cram,readrepeat,867,1984188,244,204,0,0,0,2,2,-999
cram,readrepeat,868,1911650,247,223,0,0,0,2,2,-999
cram,readrepeat,869,2007800,224,183,0,0,0,2,2,-999
cram,readrepeat,870,1914081,246,172,0,0,0,2,2,-999
cram,readrepeat,871,1869579,221,186,0,0,0,2,2,-999
cram,readrepeat,872,1895617,187,153,0,0,0,2,2,-999
cram,readrepeat,873,1953044,217,176,0,0,0,2,2,-999
cram,readrepeat,874,1850884,274,205,0,0,0,2,2,-999
cram,readrepeat,875,1756386,256,179,0,0,0,2,2,-999
cram,readrepeat,876,1769100,223,214,0,0,0,2,2,-999
cram,readrepeat,877,1735423,254,197,0,0,0,2,2,-999
cram,readrepeat,878,1742752,256,183,0,0,0,2,2,-999
cram,readrepeat,879,1769978,241,171,0,0,0,2,2,-999
cram,readrepeat,880,1724225,274,180,0,0,0,2,2,-999
cram,readrepeat,881,1769856,290,220,0,0,0,2,2,-999
cram,readrepeat,882,1771108,295,193,0,0,0,2,2,-999
cram,readrepeat,883,1725383,287,170,0,0,0,2,2,-999
cram,readrepeat,884,1729084,261,212,0,0,0,2,2,-999
cram,readrepeat,885,1744591,270,182,0,0,0,2,2,-999
cram,readrepeat,886,3899508,269,166,0,0,0,2,2,-999
cram,readrepeat,887,1776047,230,173,0,0,0,2,2,-999
cram,readrepeat,888,1283232,225,172,0,0,0,2,2,-999
cram,readrepeat,889,1690323,290,209,0,0,0,2,2,-999
cram,readrepeat,890,1692308,285,170,0,0,0,2,2,-999
cram,readrepeat,891,1672287,241,163,0,0,0,2,2,-999
cram,readrepeat,892,4521682,194,153,0,0,0,2,2,-999
cram,readrepeat,893,1935852,169,153,0,0,0,2,2,-999
cram,readrepeat,894,1830606,184,151,0,0,0,2,2,-999
cram,readrepeat,895,1852938,189,153,0,0,0,2,2,-999
cram,readrepeat,896,1842209,189,153,0,0,0,2,2,-999
cram,readrepeat,897,1886645,234,164,0,0,0,2,2,-999
cram,readrepeat,898,3242266,251,166,0,0,0,2,2,-999
cram,readrepeat,899,1825878,301,182,0,0,0,2,2,-999
cram,readrepeat,900,1765845,267,169,0,0,0,2,2,-999
cram,readrepeat,901,1716761,277,188,0,0,0,2,2,-999
cram,readrepeat,902,1735502,250,220,0,0,0,2,2,-999
cram,readrepeat,903,15685550,185,154,0,0,0,2,2,-999
cram,readrepeat,904,1873048,184,152,0,0,0,2,2,-999
cram,readrepeat,905,1970794,184,154,0,0,0,2,2,-999
cram,readrepeat,906,1758126,183,151,0,0,0,2,2,-999
cram,readrepeat,907,1300449,203,152,0,0,0,2,2,-999
cram,readrepeat,908,1838577,186,152,0,0,0,2,2,-999
cram,readrepeat,909,1771172,184,151,0,0,0,2,2,-999
cram,readrepeat,910,1722173,182,153,0,0,0,2,2,-999
cram,readrepeat,911,1736283,186,154,0,0,0,2,2,-999
cram,readrepeat,912,1753299,184,152,0,0,0,2,2,-999
cram,readrepeat,913,1292151,184,152,0,0,0,2,2,-999
cram,readrepeat,914,1724032,183,152,0,0,0,2,2,-999
cram,readrepeat,915,1738031,183,152,0,0,0,2,2,-999
cram,readrepeat,916,1710978,184,152,0,0,0,2,2,-999
cram,readrepeat,917,1740556,183,154,0,0,0,2,2,-999
cram,readrepeat,918,1828387,183,153,0,0,0,2,2,-999
cram,readrepeat,919,1236099,184,152,0,0,0,2,2,-999
cram,readrepeat,920,1693385,186,153,0,0,0,2,2,-999
cram,readrepeat,921,1705554,184,152,0,0,0,2,2,-999
cram,readrepeat,922,1779485,261,156,0,0,0,2,2,-999
cram,readrepeat,923,1689860,183,154,0,0,0,2,2,-999
cram,readrepeat,924,1689493,201,153,0,0,0,2,2,-999
cram,readrepeat,925,1706152,183,152,0,0,0,2,2,-999
cram,readrepeat,926,2227603,183,153,0,0,0,2,2,-999
cram,readrepeat,927,1938792,186,154,0,0,0,2,2,-999
cram,readrepeat,928,1702277,183,155,0,0,0,2,2,-999
cram,readrepeat,929,1704483,183,154,0,0,0,2,2,-999
cram,readrepeat,930,1952261,176,154,0,0,0,2,2,-999
cram,readrepeat,931,1774072,168,153,0,0,0,2,2,-999
cram,readrepeat,932,1699512,167,153,0,0,0,2,2,-999
cram,readrepeat,933,2421691,187,153,0,0,0,2,2,-999
cram,readrepeat,934,1897645,176,153,0,0,0,2,2,-999
cram,readrepeat,935,1684063,169,153,0,0,0,2,2,-999
cram,readrepeat,936,1696298,169,153,0,0,0,2,2,-999
cram,readrepeat,937,1690086,167,153,0,0,0,2,2,-999
cram,readrepeat,938,1748991,167,152,0,0,0,2,2,-999
cram,readrepeat,939,1714098,168,151,0,0,0,2,2,-999
cram,readrepeat,940,2219780,185,157,0,0,0,2,2,-999
cram,readrepeat,941,3057174,184,153,0,0,0,2,2,-999
cram,readrepeat,942,1748309,183,152,0,0,0,2,2,-999
cram,readrepeat,943,1724698,183,151,0,0,0,2,2,-999
cram,readrepeat,944,1702424,190,153,0,0,0,2,2,-999
cram,readrepeat,945,1723030,185,153,0,0,0,2,2,-999
cram,readrepeat,946,2642376,184,154,0,0,0,2,2,-999
cram,readrepeat,947,3473670,184,153,0,0,0,2,2,-999
cram,readrepeat,948,1735246,187,154,0,0,0,2,2,-999
cram,readrepeat,949,1296691,188,152,0,0,0,2,2,-999
cram,readrepeat,950,1837992,215,153,0,0,0,2,2,-999
cram,readrepeat,951,1719607,169,154,0,0,0,2,2,-999
cram,readrepeat,952,1670432,168,152,0,0,0,2,2,-999
cram,readrepeat,953,1681709,169,153,0,0,0,2,2,-999
cram,readrepeat,954,1707227,170,153,0,0,0,2,2,-999
cram,readrepeat,955,1675422,172,153,0,0,0,2,2,-999
cram,readrepeat,956,1690093,262,152,0,0,0,2,2,-999
cram,readrepeat,957,1706117,177,152,0,0,0,2,2,-999
cram,readrepeat,958,1696371,175,153,0,0,0,2,2,-999
cram,readrepeat,959,1913718,186,154,0,0,0,2,2,-999
cram,readrepeat,960,1743083,202,154,0,0,0,2,2,-999
cram,readrepeat,961,1739745,207,154,0,0,0,2,2,-999
cram,readrepeat,962,1753819,183,152,0,0,0,2,2,-999
cram,readrepeat,963,1800020,185,152,0,0,0,2,2,-999
cram,readrepeat,964,1741721,183,152,0,0,0,2,2,-999
cram,readrepeat,965,1399675,267,154,0,0,0,2,2,-999
cram,readrepeat,966,1966171,184,153,0,0,0,2,2,-999
cram,readrepeat,967,1972965,184,152,0,0,0,2,2,-999
cram,readrepeat,968,1918556,184,152,0,0,0,2,2,-999
cram,readrepeat,969,1934699,182,151,0,0,0,2,2,-999
cram,readrepeat,970,1835661,260,156,0,0,0,2,2,-999
cram,readrepeat,971,1893730,185,153,0,0,0,2,2,-999
cram,readrepeat,972,1960704,205,160,0,0,0,2,2,-999
cram,readrepeat,973,1952811,179,152,0,0,0,2,2,-999
cram,readrepeat,974,1964543,188,153,0,0,0,2,2,-999
cram,readrepeat,975,1941658,198,154,0,0,0,2,2,-999
cram,readrepeat,976,1849840,187,152,0,0,0,2,2,-999
cram,readrepeat,977,1880409,182,152,0,0,0,2,2,-999
cram,readrepeat,978,1931027,224,152,0,0,0,2,2,-999
cram,readrepeat,979,1928049,208,152,0,0,0,2,2,-999
cram,readrepeat,980,1926121,184,153,0,0,0,2,2,-999
cram,readrepeat,981,1912840,185,153,0,0,0,2,2,-999
cram,readrepeat,982,1784052,183,152,0,0,0,2,2,-999
cram,readrepeat,983,2134706,186,152,0,0,0,2,2,-999
cram,readrepeat,984,1893216,228,153,0,0,0,2,2,-999
cram,readrepeat,985,1739745,184,152,0,0,0,2,2,-999
cram,readrepeat,986,1669356,188,153,0,0,0,2,2,-999
cram,readrepeat,987,1716723,285,219,0,0,0,2,2,-999
cram,readrepeat,988,1740860,292,194,0,0,0,2,2,-999
cram,readrepeat,989,1753557,187,153,0,0,0,2,2,-999
cram,readrepeat,990,1709308,182,152,0,0,0,2,2,-999
cram,readrepeat,991,1705608,188,152,0,0,0,2,2,-999
cram,readrepeat,992,1803781,185,152,0,0,0,2,2,-999
cram,readrepeat,993,1692428,187,151,0,0,0,2,2,-999
cram,readrepeat,994,4287051,187,155,0,0,0,2,2,-999
cram,readrepeat,995,1732787,185,153,0,0,0,2,2,-999
cram,readrepeat,996,1692928,185,153,0,0,0,2,2,-999
cram,readrepeat,997,1733986,184,152,0,0,0,2,2,-999
cram,readrepeat,998,1695413,183,154,0,0,0,2,2,-999
cram,readrepeat,999,1690440,183,153,0,0,0,2,2,-999
zram,direct,0,44917,0,0,9008,171,1,-2,-999,0
zram,direct,1,16824,0,0,4795,174,1,-2,-999,0
zram,direct,2,14357,0,0,4329,174,1,-2,-999,0
zram,direct,3,14432,0,0,4120,160,1,-2,-999,0
zram,direct,4,13891,0,0,4035,161,1,-2,-999,0
zram,direct,5,15672,0,0,4433,161,1,-2,-999,0
zram,direct,6,12590,0,0,3794,160,1,-2,-999,0
zram,direct,7,14566,0,0,4231,160,1,-2,-999,0
zram,direct,8,12965,0,0,3861,160,1,-2,-999,0
zram,direct,9,13909,0,0,3932,161,1,-2,-999,0
zram,direct,10,14333,0,0,4080,161,1,-2,-999,0
zram,direct,11,13976,0,0,3950,161,1,-2,-999,0
zram,direct,12,23407,0,0,5597,161,1,-2,-999,0
zram,direct,13,50286,0,0,5340,160,1,-2,-999,0
zram,direct,14,14716,0,0,4154,161,1,-2,-999,0
zram,direct,15,12615,0,0,3956,161,1,-2,-999,0
zram,direct,16,14093,0,0,4038,160,1,-2,-999,0
zram,direct,17,14903,0,0,4191,162,1,-2,-999,0
zram,direct,18,13974,0,0,3937,161,1,-2,-999,0
zram,direct,19,13866,0,0,4115,159,1,-2,-999,0
zram,direct,20,12700,0,0,3802,160,1,-2,-999,0
zram,direct,21,14355,0,0,4234,163,1,-2,-999,0
zram,direct,22,12789,0,0,3771,160,1,-2,-999,0
zram,direct,23,15292,0,0,4293,159,1,-2,-999,0
zram,direct,24,12782,0,0,3839,161,1,-2,-999,0
zram,direct,25,14083,0,0,4071,159,1,-2,-999,0
zram,direct,26,13827,0,0,4150,159,1,-2,-999,0
zram,direct,27,14668,0,0,4047,159,1,-2,-999,0
zram,direct,28,14150,0,0,4098,162,1,-2,-999,0
zram,direct,29,16105,0,0,6576,217,1,-2,-999,0
zram,direct,30,18122,0,0,4819,160,1,-2,-999,0
zram,direct,31,18355,0,0,4922,161,1,-2,-999,0
zram,direct,32,19702,0,0,5112,175,1,-2,-999,0
zram,direct,33,16812,0,0,4741,168,1,-2,-999,0
zram,direct,34,15198,0,0,4507,161,1,-2,-999,0
zram,direct,35,14011,0,0,4076,160,1,-2,-999,0
zram,direct,36,18677,0,0,4977,170,1,-2,-999,0
zram,direct,37,14946,0,0,4350,159,1,-2,-999,0
zram,direct,38,17281,0,0,4855,173,1,-2,-999,0
zram,direct,39,15612,0,0,4579,162,1,-2,-999,0
zram,direct,40,14867,0,0,4399,162,1,-2,-999,0
zram,direct,41,14014,0,0,5738,220,1,-2,-999,0
zram,direct,42,15715,0,0,4407,159,1,-2,-999,0
zram,direct,43,38703,0,0,7313,202,1,-2,-999,0
zram,direct,44,18577,0,0,4754,172,1,-2,-999,0
zram,direct,45,15484,0,0,4461,159,1,-2,-999,0
zram,direct,46,12679,0,0,3772,159,1,-2,-999,0
zram,direct,47,15161,0,0,4319,159,1,-2,-999,0
zram,direct,48,12410,0,0,3768,160,1,-2,-999,0
zram,direct,49,15976,0,0,4406,161,1,-2,-999,0
zram,direct,50,14424,0,0,4162,161,1,-2,-999,0
zram,direct,51,14044,0,0,4019,161,1,-2,-999,0
zram,direct,52,13889,0,0,4091,161,1,-2,-999,0
zram,direct,53,14064,0,0,4022,162,1,-2,-999,0
zram,direct,54,13817,0,0,4018,160,1,-2,-999,0
zram,direct,55,13701,0,0,4028,161,1,-2,-999,0
zram,direct,56,15253,0,0,4347,159,1,-2,-999,0
zram,direct,57,13212,0,0,3995,160,1,-2,-999,0
zram,direct,58,13949,0,0,4155,163,1,-2,-999,0
zram,direct,59,15402,0,0,4375,159,1,-2,-999,0
zram,direct,60,14808,0,0,4258,161,1,-2,-999,0
zram,direct,61,13913,0,0,4123,162,1,-2,-999,0
zram,direct,62,12961,0,0,26542,161,1,-2,-999,0
zram,direct,63,14378,0,0,4220,161,1,-2,-999,0
zram,direct,64,12643,0,0,3891,161,1,-2,-999,0
zram,direct,65,15280,0,0,4317,161,1,-2,-999,0
zram,direct,66,14569,0,0,4200,162,1,-2,-999,0
zram,direct,67,12742,0,0,3801,161,1,-2,-999,0
zram,direct,68,13980,0,0,4078,160,1,-2,-999,0
zram,direct,69,98976,0,0,10611,173,1,-2,-999,0
zram,direct,70,19216,0,0,4863,160,1,-2,-999,0
zram,direct,71,14122,0,0,4385,175,1,-2,-999,0
zram,direct,72,15370,0,0,4338,161,1,-2,-999,0
zram,direct,73,15199,0,0,13297,162,1,-2,-999,0
zram,direct,74,15378,0,0,4293,160,1,-2,-999,0
zram,direct,75,15249,0,0,4318,162,1,-2,-999,0
zram,direct,76,13600,0,0,4104,162,1,-2,-999,0
zram,direct,77,15759,0,0,4528,161,1,-2,-999,0
zram,direct,78,13562,0,0,4028,161,1,-2,-999,0
zram,direct,79,24057,0,0,5529,161,1,-2,-999,0
zram,direct,80,14673,0,0,4159,160,1,-2,-999,0
zram,direct,81,14327,0,0,4223,161,1,-2,-999,0
zram,direct,82,24916,0,0,5571,162,1,-2,-999,0
zram,direct,83,13393,0,0,3911,162,1,-2,-999,0
zram,direct,84,33702,0,0,4515,161,1,-2,-999,0
zram,direct,85,13067,0,0,3774,162,1,-2,-999,0
zram,direct,86,19625,0,0,5281,161,1,-2,-999,0
zram,direct,87,14453,0,0,4084,161,1,-2,-999,0
zram,direct,88,16338,0,0,4679,161,1,-2,-999,0
zram,direct,89,12759,0,0,3775,160,1,-2,-999,0
zram,direct,90,20224,0,0,5041,161,1,-2,-999,0
zram,direct,91,13599,0,0,4118,161,1,-2,-999,0
zram,direct,92,14619,0,0,4325,161,1,-2,-999,0
zram,direct,93,15687,0,0,4494,161,1,-2,-999,0
zram,direct,94,16058,0,0,4487,162,1,-2,-999,0
zram,direct,95,14970,0,0,4345,162,1,-2,-999,0
zram,direct,96,23316,0,0,5478,159,1,-2,-999,0
zram,direct,97,15340,0,0,4295,161,1,-2,-999,0
zram,direct,98,13449,0,0,4070,162,1,-2,-999,0
zram,direct,99,15700,0,0,4457,160,1,-2,-999,0
zram,direct,100,16179,0,0,4274,161,1,-2,-999,0
zram,direct,101,16519,0,0,4445,161,1,-2,-999,0
zram,direct,102,14942,0,0,4272,161,1,-2,-999,0
zram,direct,103,31478,0,0,5784,160,1,-2,-999,0
zram,direct,104,15613,0,0,4444,160,1,-2,-999,0
zram,direct,105,16292,0,0,4615,161,1,-2,-999,0
zram,direct,106,13628,0,0,4145,161,1,-2,-999,0
zram,direct,107,15606,0,0,4553,162,1,-2,-999,0
zram,direct,108,13517,0,0,4109,162,1,-2,-999,0
zram,direct,109,14627,0,0,4218,159,1,-2,-999,0
zram,direct,110,21195,0,0,5961,202,1,-2,-999,0
zram,direct,111,15374,0,0,4422,162,1,-2,-999,0
zram,direct,112,14744,0,0,4484,162,1,-2,-999,0
zram,direct,113,37250,0,0,4745,160,1,-2,-999,0
zram,direct,114,15056,0,0,4362,162,1,-2,-999,0
zram,direct,115,13563,0,0,4085,161,1,-2,-999,0
zram,direct,116,15648,0,0,4578,161,1,-2,-999,0
zram,direct,117,13565,0,0,4123,162,1,-2,-999,0
zram,direct,118,15423,0,0,4492,162,1,-2,-999,0
zram,direct,119,13401,0,0,4130,162,1,-2,-999,0
zram,direct,120,18531,0,0,4622,161,1,-2,-999,0
zram,direct,121,14888,0,0,4265,162,1,-2,-999,0
zram,direct,122,15116,0,0,4338,162,1,-2,-999,0
zram,direct,123,19307,0,0,4596,161,1,-2,-999,0
zram,direct,124,13768,0,0,4082,162,1,-2,-999,0
zram,direct,125,15399,0,0,4498,160,1,-2,-999,0
zram,direct,126,13501,0,0,4041,162,1,-2,-999,0
zram,direct,127,14590,0,0,4330,160,1,-2,-999,0
zram,direct,128,14930,0,0,4406,160,1,-2,-999,0
zram,direct,129,16174,0,0,4479,161,1,-2,-999,0
zram,direct,130,14906,0,0,4312,163,1,-2,-999,0
zram,direct,131,15215,0,0,4366,160,1,-2,-999,0
zram,direct,132,17990,0,0,4649,161,1,-2,-999,0
zram,direct,133,13890,0,0,4182,163,1,-2,-999,0
zram,direct,134,15573,0,0,4575,161,1,-2,-999,0
zram,direct,135,15651,0,0,4289,161,1,-2,-999,0
zram,direct,136,14928,0,0,4404,161,1,-2,-999,0
zram,direct,137,15408,0,0,4452,162,1,-2,-999,0
zram,direct,138,17272,0,0,4829,162,1,-2,-999,0
zram,direct,139,15022,0,0,4316,161,1,-2,-999,0
zram,direct,140,15083,0,0,4298,161,1,-2,-999,0
zram,direct,141,14869,0,0,4326,162,1,-2,-999,0
zram,direct,142,22136,0,0,6712,205,1,-2,-999,0
zram,direct,143,15440,0,0,4427,160,1,-2,-999,0
zram,direct,144,15225,0,0,4429,162,1,-2,-999,0
zram,direct,145,20774,0,0,6048,228,1,-2,-999,0
zram,direct,146,18623,0,0,5681,208,1,-2,-999,0
zram,direct,147,28729,0,0,6202,208,1,-2,-999,0
zram,direct,148,15750,0,0,4421,157,1,-2,-999,0
zram,direct,149,13911,0,0,4094,157,1,-2,-999,0
zram,direct,150,12394,0,0,3753,157,1,-2,-999,0
zram,direct,151,20607,0,0,5221,158,1,-2,-999,0
zram,direct,152,16006,0,0,4572,157,1,-2,-999,0
zram,direct,153,13877,0,0,4361,157,1,-2,-999,0
zram,direct,154,15993,0,0,4485,158,1,-2,-999,0
zram,direct,155,13870,0,0,4141,157,1,-2,-999,0
zram,direct,156,12400,0,0,3764,158,1,-2,-999,0
zram,direct,157,15463,0,0,4466,157,1,-2,-999,0
zram,direct,158,12456,0,0,3797,157,1,-2,-999,0
zram,direct,159,16602,0,0,4629,157,1,-2,-999,0
zram,direct,160,18776,0,0,4939,157,1,-2,-999,0
zram,direct,161,14210,0,0,4009,156,1,-2,-999,0
zram,direct,162,16628,0,0,4580,159,1,-2,-999,0
zram,direct,163,12678,0,0,3845,156,1,-2,-999,0
zram,direct,164,15651,0,0,4545,157,1,-2,-999,0
zram,direct,165,12672,0,0,3793,157,1,-2,-999,0
zram,direct,166,17798,0,0,4822,158,1,-2,-999,0
zram,direct,167,14041,0,0,4260,156,1,-2,-999,0
zram,direct,168,18804,0,0,4827,157,1,-2,-999,0
zram,direct,169,15361,0,0,4479,157,1,-2,-999,0
zram,direct,170,19517,0,0,5114,158,1,-2,-999,0
zram,direct,171,16074,0,0,4611,157,1,-2,-999,0
zram,direct,172,14189,0,0,4202,157,1,-2,-999,0
zram,direct,173,109283,0,0,12685,226,1,-2,-999,0
zram,direct,174,21648,0,0,6443,216,1,-2,-999,0
zram,direct,175,19969,0,0,6334,211,1,-2,-999,0
zram,direct,176,19843,0,0,6050,217,1,-2,-999,0
zram,direct,177,20952,0,0,6508,204,1,-2,-999,0
zram,direct,178,18382,0,0,5912,217,1,-2,-999,0
zram,direct,179,24923,0,0,6865,223,1,-2,-999,0
zram,direct,180,27445,0,0,6220,213,1,-2,-999,0
zram,direct,181,19235,0,0,5944,211,1,-2,-999,0
zram,direct,182,18830,0,0,5908,212,1,-2,-999,0
zram,direct,183,18449,0,0,6123,218,1,-2,-999,0
zram,direct,184,20643,0,0,6350,218,1,-2,-999,0
zram,direct,185,19577,0,0,6097,216,1,-2,-999,0
zram,direct,186,26549,0,0,5919,213,1,-2,-999,0
zram,direct,187,19722,0,0,6534,236,1,-2,-999,0
zram,direct,188,18968,0,0,5995,226,1,-2,-999,0
zram,direct,189,19361,0,0,6219,214,1,-2,-999,0
zram,direct,190,18939,0,0,6169,218,1,-2,-999,0
zram,direct,191,18347,0,0,5924,207,1,-2,-999,0
zram,direct,192,24710,0,0,6733,215,1,-2,-999,0
zram,direct,193,19360,0,0,6068,205,1,-2,-999,0
zram,direct,194,25537,0,0,5938,214,1,-2,-999,0
zram,direct,195,24481,0,0,6315,211,1,-2,-999,0
zram,direct,196,19140,0,0,6289,213,1,-2,-999,0
zram,direct,197,19725,0,0,36595,215,1,-2,-999,0
zram,direct,198,19126,0,0,5824,217,1,-2,-999,0
zram,direct,199,17913,0,0,5696,222,1,-2,-999,0
zram,direct,200,22057,0,0,6400,213,1,-2,-999,0
zram,direct,201,19319,0,0,6212,227,1,-2,-999,0
zram,direct,202,18724,0,0,6200,210,1,-2,-999,0
zram,direct,203,18314,0,0,6042,2187,1,-2,-999,0
zram,direct,204,19462,0,0,5930,216,1,-2,-999,0
zram,direct,205,17826,0,0,5628,178,1,-2,-999,0
zram,direct,206,46160,0,0,8379,171,1,-2,-999,0
zram,direct,207,19434,0,0,5186,161,1,-2,-999,0
zram,direct,208,15597,0,0,4247,162,1,-2,-999,0
zram,direct,209,14569,0,0,4184,161,1,-2,-999,0
zram,direct,210,16570,0,0,4235,162,1,-2,-999,0
zram,direct,211,15595,0,0,4419,160,1,-2,-999,0
zram,direct,212,20563,0,0,5222,161,1,-2,-999,0
zram,direct,213,18218,0,0,4550,161,1,-2,-999,0
zram,direct,214,17551,0,0,4525,162,1,-2,-999,0
zram,direct,215,17390,0,0,5266,162,1,-2,-999,0
zram,direct,216,16195,0,0,4448,162,1,-2,-999,0
zram,direct,217,14892,0,0,4350,161,1,-2,-999,0
zram,direct,218,12831,0,0,3930,161,1,-2,-999,0
zram,direct,219,14151,0,0,4148,163,1,-2,-999,0
zram,direct,220,20503,0,0,4290,160,1,-2,-999,0
zram,direct,221,14321,0,0,4098,162,1,-2,-999,0
zram,direct,222,14388,0,0,4094,161,1,-2,-999,0
zram,direct,223,12583,0,0,3770,161,1,-2,-999,0
zram,direct,224,15573,0,0,4313,162,1,-2,-999,0
zram,direct,225,14283,0,0,4159,161,1,-2,-999,0
zram,direct,226,14008,0,0,4049,163,1,-2,-999,0
zram,direct,227,14818,0,0,4177,162,1,-2,-999,0
zram,direct,228,14178,0,0,4025,162,1,-2,-999,0
zram,direct,229,19811,0,0,4022,162,1,-2,-999,0
zram,direct,230,15925,0,0,4319,161,1,-2,-999,0
zram,direct,231,16623,0,0,4579,162,1,-2,-999,0
zram,direct,232,14141,0,0,4229,160,1,-2,-999,0
zram,direct,233,16282,0,0,4670,160,1,-2,-999,0
zram,direct,234,15781,0,0,4420,161,1,-2,-999,0
zram,direct,235,13960,0,0,4049,161,1,-2,-999,0
zram,direct,236,17547,0,0,4778,161,1,-2,-999,0
zram,direct,237,13123,0,0,4115,161,1,-2,-999,0
zram,direct,238,17287,0,0,4759,162,1,-2,-999,0
zram,direct,239,16746,0,0,4392,160,1,-2,-999,0
zram,direct,240,25656,0,0,6042,161,1,-2,-999,0
zram,direct,241,16260,0,0,4166,158,1,-2,-999,0
zram,direct,242,13875,0,0,4141,160,1,-2,-999,0
zram,direct,243,13096,0,0,4091,160,1,-2,-999,0
zram,direct,244,15396,0,0,4359,161,1,-2,-999,0
zram,direct,245,13000,0,0,3766,162,1,-2,-999,0
zram,direct,246,14336,0,0,4067,163,1,-2,-999,0
zram,direct,247,14305,0,0,4083,161,1,-2,-999,0
zram,direct,248,24988,0,0,6894,197,1,-2,-999,0
zram,direct,249,17910,0,0,4775,161,1,-2,-999,0
zram,direct,250,13809,0,0,3852,161,1,-2,-999,0
zram,direct,251,15911,0,0,4181,161,1,-2,-999,0
zram,direct,252,14904,0,0,4108,162,1,-2,-999,0
zram,direct,253,15267,0,0,3936,159,1,-2,-999,0
zram,direct,254,14198,0,0,4102,161,1,-2,-999,0
zram,direct,255,15002,0,0,4184,160,1,-2,-999,0
zram,direct,256,14708,0,0,4294,163,1,-2,-999,0
zram,direct,257,16133,0,0,4354,162,1,-2,-999,0
zram,direct,258,16944,0,0,4765,160,1,-2,-999,0
zram,direct,259,14508,0,0,4140,159,1,-2,-999,0
zram,direct,260,15311,0,0,4225,162,1,-2,-999,0
zram,direct,261,14075,0,0,3979,160,1,-2,-999,0
zram,direct,262,12688,0,0,3868,162,1,-2,-999,0
zram,direct,263,14968,0,0,4331,162,1,-2,-999,0
zram,direct,264,12675,0,0,3783,161,1,-2,-999,0
zram,direct,265,14627,0,0,4633,161,1,-2,-999,0
zram,direct,266,15391,0,0,9760,162,1,-2,-999,0
zram,direct,267,14325,0,0,4176,161,1,-2,-999,0
zram,direct,268,14619,0,0,3925,161,1,-2,-999,0
zram,direct,269,13170,0,0,3843,164,1,-2,-999,0
zram,direct,270,14764,0,0,4330,162,1,-2,-999,0
zram,direct,271,13137,0,0,3837,167,1,-2,-999,0
zram,direct,272,14654,0,0,4246,162,1,-2,-999,0
zram,direct,273,15054,0,0,4403,159,1,-2,-999,0
zram,direct,274,15592,0,0,4157,162,1,-2,-999,0
zram,direct,275,14264,0,0,4187,163,1,-2,-999,0
zram,direct,276,22106,0,0,6397,205,1,-2,-999,0
zram,direct,277,27121,0,0,5256,163,1,-2,-999,0
zram,direct,278,81015,0,0,10690,169,1,-2,-999,0
zram,direct,279,29782,0,0,6062,167,1,-2,-999,0
zram,direct,280,13772,0,0,3889,156,1,-2,-999,0
zram,direct,281,20788,0,0,5155,161,1,-2,-999,0
zram,direct,282,18256,0,0,4515,160,1,-2,-999,0
zram,direct,283,19149,0,0,5065,162,1,-2,-999,0
zram,direct,284,16405,0,0,4619,159,1,-2,-999,0
zram,direct,285,13743,0,0,4113,162,1,-2,-999,0
zram,direct,286,15955,0,0,5515,161,1,-2,-999,0
zram,direct,287,13771,0,0,4127,160,1,-2,-999,0
zram,direct,288,33748,0,0,4941,163,1,-2,-999,0
zram,direct,289,14453,0,0,4205,161,1,-2,-999,0
zram,direct,290,12024,0,0,3601,160,1,-2,-999,0
zram,direct,291,15433,0,0,4446,161,1,-2,-999,0
zram,direct,292,13578,0,0,4113,162,1,-2,-999,0
zram,direct,293,16646,0,0,4601,160,1,-2,-999,0
zram,direct,294,15021,0,0,4703,197,1,-2,-999,0
zram,direct,295,15435,0,0,4464,159,1,-2,-999,0
zram,direct,296,13561,0,0,31564,160,1,-2,-999,0
zram,direct,297,15364,0,0,4365,161,1,-2,-999,0
zram,direct,298,16560,0,0,4259,159,1,-2,-999,0
zram,direct,299,15953,0,0,4443,161,1,-2,-999,0
zram,direct,300,16067,0,0,4489,160,1,-2,-999,0
zram,direct,301,15402,0,0,4444,162,1,-2,-999,0
zram,direct,302,15052,0,0,4385,162,1,-2,-999,0
zram,direct,303,16113,0,0,4290,160,1,-2,-999,0
zram,direct,304,17495,0,0,4901,163,1,-2,-999,0
zram,direct,305,13684,0,0,4187,161,1,-2,-999,0
zram,direct,306,15182,0,0,4324,161,1,-2,-999,0
zram,direct,307,17275,0,0,5021,161,1,-2,-999,0
zram,direct,308,16867,0,0,4629,160,1,-2,-999,0
zram,direct,309,23322,0,0,5316,160,1,-2,-999,0
zram,direct,310,13887,0,0,4213,161,1,-2,-999,0
zram,direct,311,15850,0,0,4469,161,1,-2,-999,0
zram,direct,312,16447,0,0,4717,160,1,-2,-999,0
zram,direct,313,14865,0,0,4255,161,1,-2,-999,0
zram,direct,314,14581,0,0,4232,162,1,-2,-999,0
zram,direct,315,12077,0,0,3678,162,1,-2,-999,0
zram,direct,316,16142,0,0,4594,161,1,-2,-999,0
zram,direct,317,15058,0,0,4285,162,1,-2,-999,0
zram,direct,318,16094,0,0,4627,161,1,-2,-999,0
zram,direct,319,28214,0,0,7071,189,1,-2,-999,0
zram,direct,320,16848,0,0,4667,161,1,-2,-999,0
zram,direct,321,12576,0,0,3771,161,1,-2,-999,0
zram,direct,322,14820,0,0,4236,161,1,-2,-999,0
zram,direct,323,14537,0,0,4291,163,1,-2,-999,0
zram,direct,324,14770,0,0,4126,160,1,-2,-999,0
zram,direct,325,35859,0,0,7434,215,1,-2,-999,0
zram,direct,326,15649,0,0,4344,160,1,-2,-999,0
zram,direct,327,17439,0,0,4959,161,1,-2,-999,0
zram,direct,328,12582,0,0,3796,162,1,-2,-999,0
zram,direct,329,17067,0,0,6132,213,1,-2,-999,0
zram,direct,330,16598,0,0,4685,160,1,-2,-999,0
zram,direct,331,35605,0,0,4476,161,1,-2,-999,0
zram,direct,332,14894,0,0,4296,162,1,-2,-999,0
zram,direct,333,17397,0,0,6848,188,1,-2,-999,0
zram,direct,334,36736,0,0,8598,199,1,-2,-999,0
zram,direct,335,19538,0,0,5523,171,1,-2,-999,0
zram,direct,336,15925,0,0,4651,161,1,-2,-999,0
zram,direct,337,14594,0,0,4180,159,1,-2,-999,0
zram,direct,338,13984,0,0,4026,160,1,-2,-999,0
zram,direct,339,15556,0,0,4499,161,1,-2,-999,0
zram,direct,340,14969,0,0,4307,161,1,-2,-999,0
zram,direct,341,15441,0,0,4477,161,1,-2,-999,0
zram,direct,342,60499,0,0,5687,161,1,-2,-999,0
zram,direct,343,20519,0,0,4900,161,1,-2,-999,0
zram,direct,344,14480,0,0,4150,161,1,-2,-999,0
zram,direct,345,32613,0,0,7152,188,1,-2,-999,0
zram,direct,346,28373,0,0,7017,200,1,-2,-999,0
zram,direct,347,29372,0,0,7324,188,1,-2,-999,0
zram,direct,348,26355,0,0,7274,200,1,-2,-999,0
zram,direct,349,24261,0,0,5611,161,1,-2,-999,0
zram,direct,350,14853,0,0,4227,162,1,-2,-999,0
zram,direct,351,15336,0,0,4484,162,1,-2,-999,0
zram,direct,352,14450,0,0,4050,162,1,-2,-999,0
zram,direct,353,14047,0,0,4112,160,1,-2,-999,0
zram,direct,354,12563,0,0,3754,164,1,-2,-999,0
zram,direct,355,15322,0,0,4438,160,1,-2,-999,0
zram,direct,356,12497,0,0,3784,160,1,-2,-999,0
zram,direct,357,14613,0,0,4153,161,1,-2,-999,0
zram,direct,358,12392,0,0,3758,161,1,-2,-999,0
zram,direct,359,14004,0,0,4079,161,1,-2,-999,0
zram,direct,360,19274,0,0,5064,161,1,-2,-999,0
zram,direct,361,14671,0,0,4184,159,1,-2,-999,0
zram,direct,362,13891,0,0,4163,160,1,-2,-999,0
zram,direct,363,12636,0,0,3874,162,1,-2,-999,0
zram,direct,364,15083,0,0,4403,160,1,-2,-999,0
zram,direct,365,12674,0,0,3832,160,1,-2,-999,0
zram,direct,366,13965,0,0,4084,159,1,-2,-999,0
zram,direct,367,14048,0,0,4114,160,1,-2,-999,0
zram,direct,368,13851,0,0,4065,162,1,-2,-999,0
zram,direct,369,13703,0,0,4031,162,1,-2,-999,0
zram,direct,370,12524,0,0,26484,161,1,-2,-999,0
zram,direct,371,14108,0,0,4066,161,1,-2,-999,0
zram,direct,372,12494,0,0,3727,162,1,-2,-999,0
zram,direct,373,14828,0,0,4359,161,1,-2,-999,0
zram,direct,374,12470,0,0,3817,161,1,-2,-999,0
zram,direct,375,13822,0,0,4047,161,1,-2,-999,0
zram,direct,376,20742,0,0,4187,163,1,-2,-999,0
zram,direct,377,14081,0,0,4153,161,1,-2,-999,0
zram,direct,378,13889,0,0,4061,159,1,-2,-999,0
zram,direct,379,12072,0,0,3664,161,1,-2,-999,0
zram,direct,380,12018,0,0,19594,160,1,-2,-999,0
zram,direct,381,71819,0,0,12472,211,1,-2,-999,0
zram,direct,382,23017,0,0,6736,206,1,-2,-999,0
zram,direct,383,20804,0,0,6393,211,1,-2,-999,0
zram,direct,384,20218,0,0,23344,245,1,-2,-999,0
zram,direct,385,19805,0,0,6268,221,1,-2,-999,0
zram,direct,386,20794,0,0,6297,180,1,-2,-999,0
zram,direct,387,38952,0,0,8199,222,1,-2,-999,0
zram,direct,388,21255,0,0,6590,211,1,-2,-999,0
zram,direct,389,20747,0,0,15173,224,1,-2,-999,0
zram,direct,390,19782,0,0,6247,215,1,-2,-999,0
zram,direct,391,20237,0,0,6298,177,1,-2,-999,0
zram,direct,392,21425,0,0,6779,220,1,-2,-999,0
zram,direct,393,21109,0,0,6520,193,1,-2,-999,0
zram,direct,394,20076,0,0,6209,234,1,-2,-999,0
zram,direct,395,23476,0,0,6679,189,1,-2,-999,0
zram,direct,396,20165,0,0,6250,230,1,-2,-999,0
zram,direct,397,19847,0,0,6292,194,1,-2,-999,0
zram,direct,398,19960,0,0,6338,216,1,-2,-999,0
zram,direct,399,23663,0,0,6802,239,1,-2,-999,0
zram,direct,400,22401,0,0,8260,225,1,-2,-999,0
zram,direct,401,21829,0,0,6738,189,1,-2,-999,0
zram,direct,402,51291,0,0,6755,210,1,-2,-999,0
zram,direct,403,20327,0,0,6379,215,1,-2,-999,0
zram,direct,404,20414,0,0,6367,209,1,-2,-999,0
zram,direct,405,19735,0,0,6661,224,1,-2,-999,0
zram,direct,406,19825,0,0,6361,201,1,-2,-999,0
zram,direct,407,20264,0,0,6239,228,1,-2,-999,0
zram,direct,408,26544,0,0,7402,213,1,-2,-999,0
zram,direct,409,20922,0,0,6721,177,1,-2,-999,0
zram,direct,410,18940,0,0,6350,193,1,-2,-999,0
zram,direct,411,20515,0,0,6401,176,1,-2,-999,0
zram,direct,412,19572,0,0,6412,178,1,-2,-999,0
zram,direct,413,19574,0,0,6130,209,1,-2,-999,0
zram,direct,414,19710,0,0,6272,172,1,-2,-999,0
zram,direct,415,24423,0,0,7148,194,1,-2,-999,0
zram,direct,416,20515,0,0,6503,245,1,-2,-999,0
zram,direct,417,19243,0,0,6195,205,1,-2,-999,0
zram,direct,418,20520,0,0,6588,174,1,-2,-999,0
zram,direct,419,18843,0,0,35835,199,1,-2,-999,0
zram,direct,420,20024,0,0,6272,223,1,-2,-999,0
zram,direct,421,19732,0,0,6224,201,1,-2,-999,0
zram,direct,422,19643,0,0,6203,178,1,-2,-999,0
zram,direct,423,125394,0,0,8202,208,1,-2,-999,0
zram,direct,424,20410,0,0,6183,194,1,-2,-999,0
zram,direct,425,20633,0,0,6320,223,1,-2,-999,0
zram,direct,426,19483,0,0,6451,204,1,-2,-999,0
zram,direct,427,20362,0,0,6528,215,1,-2,-999,0
zram,direct,428,19428,0,0,6331,192,1,-2,-999,0
zram,direct,429,20139,0,0,6377,213,1,-2,-999,0
zram,direct,430,19626,0,0,6176,213,1,-2,-999,0
zram,direct,431,24281,0,0,33211,28917,1,-2,-999,0
zram,direct,432,22905,0,0,6872,213,1,-2,-999,0
zram,direct,433,20819,0,0,6310,189,1,-2,-999,0
zram,direct,434,20561,0,0,6461,178,1,-2,-999,0
zram,direct,435,19942,0,0,6199,213,1,-2,-999,0
zram,direct,436,20818,0,0,6466,187,1,-2,-999,0
zram,direct,437,50693,0,0,6670,206,1,-2,-999,0
zram,direct,438,20517,0,0,6372,188,1,-2,-999,0
zram,direct,439,20279,0,0,6242,217,1,-2,-999,0
zram,direct,440,20156,0,0,6209,186,1,-2,-999,0
zram,direct,441,19757,0,0,6085,206,1,-2,-999,0
zram,direct,442,21093,0,0,7289,199,1,-2,-999,0
zram,direct,443,21018,0,0,6398,175,1,-2,-999,0
zram,direct,444,19278,0,0,6183,181,1,-2,-999,0
zram,direct,445,20393,0,0,6214,236,1,-2,-999,0
zram,direct,446,19261,0,0,41043,212,1,-2,-999,0
zram,direct,447,102536,0,0,8082,218,1,-2,-999,0
zram,direct,448,20618,0,0,6270,214,1,-2,-999,0
zram,direct,449,19840,0,0,12856,223,1,-2,-999,0
zram,direct,450,19664,0,0,6189,221,1,-2,-999,0
zram,direct,451,20082,0,0,6163,184,1,-2,-999,0
zram,direct,452,20259,0,0,6299,191,1,-2,-999,0
zram,direct,453,19520,0,0,6238,226,1,-2,-999,0
zram,direct,454,20438,0,0,6738,211,1,-2,-999,0
zram,direct,455,18658,0,0,6168,207,1,-2,-999,0
zram,direct,456,60785,0,0,7419,209,1,-2,-999,0
zram,direct,457,20490,0,0,6365,183,1,-2,-999,0
zram,direct,458,20213,0,0,6139,245,1,-2,-999,0
zram,direct,459,19566,0,0,6248,202,1,-2,-999,0
zram,direct,460,20364,0,0,6375,211,1,-2,-999,0
zram,direct,461,48725,0,0,6767,207,1,-2,-999,0
zram,direct,462,19849,0,0,6302,180,1,-2,-999,0
zram,direct,463,20740,0,0,6279,210,1,-2,-999,0
zram,direct,464,19130,0,0,6476,193,1,-2,-999,0
zram,direct,465,20403,0,0,6676,228,1,-2,-999,0
zram,direct,466,19405,0,0,6280,211,1,-2,-999,0
zram,direct,467,20329,0,0,6295,229,1,-2,-999,0
zram,direct,468,20115,0,0,6278,229,1,-2,-999,0
zram,direct,469,20340,0,0,6320,182,1,-2,-999,0
zram,direct,470,19433,0,0,28087,209,1,-2,-999,0
zram,direct,471,35101,0,0,6714,201,1,-2,-999,0
zram,direct,472,24560,0,0,7373,235,1,-2,-999,0
zram,direct,473,21214,0,0,6390,215,1,-2,-999,0
zram,direct,474,20144,0,0,6547,241,1,-2,-999,0
zram,direct,475,20217,0,0,6167,186,1,-2,-999,0
zram,direct,476,20044,0,0,6323,195,1,-2,-999,0
zram,direct,477,20788,0,0,6424,186,1,-2,-999,0
zram,direct,478,42850,0,0,6912,234,1,-2,-999,0
zram,direct,479,20446,0,0,6358,203,1,-2,-999,0
zram,direct,480,20430,0,0,6221,194,1,-2,-999,0
zram,direct,481,19100,0,0,6288,186,1,-2,-999,0
zram,direct,482,20936,0,0,6353,185,1,-2,-999,0
zram,direct,483,65036,0,0,10142,170,1,-2,-999,0
zram,direct,484,16475,0,0,4592,162,1,-2,-999,0
zram,direct,485,14596,0,0,4245,160,1,-2,-999,0
zram,direct,486,16008,0,0,4519,162,1,-2,-999,0
zram,direct,487,12845,0,0,4010,162,1,-2,-999,0
zram,direct,488,14551,0,0,4304,161,1,-2,-999,0
zram,direct,489,12602,0,0,3758,162,1,-2,-999,0
zram,direct,490,14256,0,0,4101,161,1,-2,-999,0
zram,direct,491,14015,0,0,4312,161,1,-2,-999,0
zram,direct,492,14018,0,0,3985,161,1,-2,-999,0
zram,direct,493,14081,0,0,4071,166,1,-2,-999,0
zram,direct,494,13729,0,0,4092,160,1,-2,-999,0
zram,direct,495,46936,0,0,6812,172,1,-2,-999,0
zram,direct,496,36360,0,0,6844,172,1,-2,-999,0
zram,direct,497,23372,0,0,41431,173,1,-2,-999,0
zram,direct,498,17877,0,0,6050,177,1,-2,-999,0
zram,direct,499,16889,0,0,4676,161,1,-2,-999,0
zram,direct,500,16789,0,0,6016,240,1,-2,-999,0
zram,direct,501,23066,0,0,6987,211,1,-2,-999,0
zram,direct,502,26003,0,0,6724,212,1,-2,-999,0
zram,direct,503,17889,0,0,6819,225,1,-2,-999,0
zram,direct,504,16803,0,0,4508,162,1,-2,-999,0
zram,direct,505,12606,0,0,3790,162,1,-2,-999,0
zram,direct,506,17742,0,0,28543,160,1,-2,-999,0
zram,direct,507,21666,0,0,6619,206,1,-2,-999,0
zram,direct,508,27321,0,0,7267,189,1,-2,-999,0
zram,direct,509,18021,0,0,5163,162,1,-2,-999,0
zram,direct,510,47480,0,0,4808,159,1,-2,-999,0
zram,direct,511,17790,0,0,4843,161,1,-2,-999,0
zram,direct,512,12651,0,0,3794,164,1,-2,-999,0
zram,direct,513,14125,0,0,4807,162,1,-2,-999,0
zram,direct,514,41377,0,0,25099,159,1,-2,-999,0
zram,direct,515,22290,0,0,5442,159,1,-2,-999,0
zram,direct,516,14638,0,0,4102,155,1,-2,-999,0
zram,direct,517,15297,0,0,4512,158,1,-2,-999,0
zram,direct,518,15209,0,0,4364,158,1,-2,-999,0
zram,direct,519,15826,0,0,4379,157,1,-2,-999,0
zram,direct,520,14217,0,0,4202,157,1,-2,-999,0
zram,direct,521,14411,0,0,4240,157,1,-2,-999,0
zram,direct,522,14880,0,0,4269,157,1,-2,-999,0
zram,direct,523,14885,0,0,4217,156,1,-2,-999,0
zram,direct,524,12496,0,0,3729,156,1,-2,-999,0
zram,direct,525,14609,0,0,4163,157,1,-2,-999,0
zram,direct,526,16733,0,0,10375,158,1,-2,-999,0
zram,direct,527,14535,0,0,6138,177,1,-2,-999,0
zram,direct,528,16439,0,0,4611,159,1,-2,-999,0
zram,direct,529,12628,0,0,3735,157,1,-2,-999,0
zram,direct,530,14541,0,0,4178,157,1,-2,-999,0
zram,direct,531,12460,0,0,3724,157,1,-2,-999,0
zram,direct,532,13868,0,0,3966,159,1,-2,-999,0
zram,direct,533,14243,0,0,4122,157,1,-2,-999,0
zram,direct,534,14714,0,0,4120,156,1,-2,-999,0
zram,direct,535,13930,0,0,4074,156,1,-2,-999,0
zram,direct,536,12509,0,0,26908,157,1,-2,-999,0
zram,direct,537,19904,0,0,6223,226,1,-2,-999,0
zram,direct,538,14469,0,0,4259,156,1,-2,-999,0
zram,direct,539,31871,0,0,4483,155,1,-2,-999,0
zram,direct,540,13992,0,0,3998,156,1,-2,-999,0
zram,direct,541,22790,0,0,5511,157,1,-2,-999,0
zram,direct,542,18306,0,0,5044,157,1,-2,-999,0
zram,direct,543,20744,0,0,5361,167,1,-2,-999,0
zram,direct,544,21210,0,0,5063,168,1,-2,-999,0
zram,direct,545,18958,0,0,5084,168,1,-2,-999,0
zram,direct,546,15509,0,0,4465,157,1,-2,-999,0
zram,direct,547,23203,0,0,5445,158,1,-2,-999,0
zram,direct,548,21972,0,0,5336,158,1,-2,-999,0
zram,direct,549,18671,0,0,5196,159,1,-2,-999,0
zram,direct,550,21072,0,0,5362,159,1,-2,-999,0
zram,direct,551,17385,0,0,4879,158,1,-2,-999,0
zram,direct,552,18736,0,0,5086,157,1,-2,-999,0
zram,direct,553,13065,0,0,4778,220,1,-2,-999,0
zram,direct,554,19209,0,0,5199,158,1,-2,-999,0
zram,direct,555,15977,0,0,4567,157,1,-2,-999,0
zram,direct,556,19716,0,0,5308,157,1,-2,-999,0
zram,direct,557,15593,0,0,4620,158,1,-2,-999,0
zram,direct,558,14161,0,0,4328,157,1,-2,-999,0
zram,direct,559,14036,0,0,4010,155,1,-2,-999,0
zram,direct,560,13934,0,0,4005,156,1,-2,-999,0
zram,direct,561,12248,0,0,3610,157,1,-2,-999,0
zram,direct,562,12524,0,0,3812,155,1,-2,-999,0
zram,direct,563,15589,0,0,4440,158,1,-2,-999,0
zram,direct,564,12513,0,0,3751,157,1,-2,-999,0
zram,direct,565,15253,0,0,4453,157,1,-2,-999,0
zram,direct,566,14581,0,0,4210,157,1,-2,-999,0
zram,direct,567,22841,0,0,5534,157,1,-2,-999,0
zram,direct,568,17690,0,0,5010,158,1,-2,-999,0
zram,direct,569,14349,0,0,4147,155,1,-2,-999,0
zram,direct,570,24343,0,0,5248,157,1,-2,-999,0
zram,direct,571,14840,0,0,4370,156,1,-2,-999,0
zram,direct,572,14096,0,0,4123,157,1,-2,-999,0
zram,direct,573,13874,0,0,4098,157,1,-2,-999,0
zram,direct,574,15757,0,0,4451,158,1,-2,-999,0
zram,direct,575,15051,0,0,4955,156,1,-2,-999,0
zram,direct,576,13414,0,0,3773,156,1,-2,-999,0
zram,direct,577,13936,0,0,4047,157,1,-2,-999,0
zram,direct,578,13788,0,0,4049,156,1,-2,-999,0
zram,direct,579,14130,0,0,4080,156,1,-2,-999,0
zram,direct,580,13859,0,0,4049,158,1,-2,-999,0
zram,direct,581,12614,0,0,3771,157,1,-2,-999,0
zram,direct,582,15270,0,0,4334,158,1,-2,-999,0
zram,direct,583,12569,0,0,3758,157,1,-2,-999,0
zram,direct,584,13884,0,0,4084,157,1,-2,-999,0
zram,direct,585,14320,0,0,4195,157,1,-2,-999,0
zram,direct,586,13866,0,0,3985,156,1,-2,-999,0
zram,direct,587,15326,0,0,4327,157,1,-2,-999,0
zram,direct,588,63478,0,0,21283,233,1,-2,-999,0
zram,direct,589,60774,0,0,5696,161,1,-2,-999,0
zram,direct,590,24725,0,0,6755,212,1,-2,-999,0
zram,direct,591,29804,0,0,7153,194,1,-2,-999,0
zram,direct,592,42715,0,0,5491,162,1,-2,-999,0
zram,direct,593,14619,0,0,4197,159,1,-2,-999,0
zram,direct,594,16177,0,0,4580,160,1,-2,-999,0
zram,direct,595,13950,0,0,3992,162,1,-2,-999,0
zram,direct,596,60484,0,0,6381,161,1,-2,-999,0
zram,direct,597,17286,0,0,4715,162,1,-2,-999,0
zram,direct,598,20987,0,0,5985,228,1,-2,-999,0
zram,direct,599,17131,0,0,4749,162,1,-2,-999,0
zram,direct,600,21507,0,0,6613,239,1,-2,-999,0
zram,direct,601,22804,0,0,5375,161,1,-2,-999,0
zram,direct,602,19218,0,0,38751,161,1,-2,-999,0
zram,direct,603,16697,0,0,4561,162,1,-2,-999,0
zram,direct,604,29120,0,0,7661,212,1,-2,-999,0
zram,direct,605,21050,0,0,5457,161,1,-2,-999,0
zram,direct,606,18282,0,0,5028,161,1,-2,-999,0
zram,direct,607,17089,0,0,4732,161,1,-2,-999,0
zram,direct,608,14636,0,0,4191,161,1,-2,-999,0
zram,direct,609,17520,0,0,4925,161,1,-2,-999,0
zram,direct,610,23995,0,0,5986,218,1,-2,-999,0
zram,direct,611,21443,0,0,5217,161,1,-2,-999,0
zram,direct,612,17165,0,0,5087,162,1,-2,-999,0
zram,direct,613,15286,0,0,4450,163,1,-2,-999,0
zram,direct,614,20044,0,0,5902,193,1,-2,-999,0
zram,direct,615,37211,0,0,5279,160,1,-2,-999,0
zram,direct,616,15146,0,0,4170,161,1,-2,-999,0
zram,direct,617,14203,0,0,4104,162,1,-2,-999,0
zram,direct,618,13907,0,0,4096,161,1,-2,-999,0
zram,direct,619,57576,0,0,6077,159,1,-2,-999,0
zram,direct,620,15322,0,0,4099,161,1,-2,-999,0
zram,direct,621,20917,0,0,5738,218,1,-2,-999,0
zram,direct,622,36168,0,0,4809,160,1,-2,-999,0
zram,direct,623,18275,0,0,5792,198,1,-2,-999,0
zram,direct,624,16948,0,0,4504,161,1,-2,-999,0
zram,direct,625,13703,0,0,3932,161,1,-2,-999,0
zram,direct,626,38533,0,0,4691,161,1,-2,-999,0
zram,direct,627,13921,0,0,4047,161,1,-2,-999,0
zram,direct,628,21705,0,0,5806,231,1,-2,-999,0
zram,direct,629,21329,0,0,6345,205,1,-2,-999,0
zram,direct,630,17055,0,0,4625,162,1,-2,-999,0
zram,direct,631,13839,0,0,4072,163,1,-2,-999,0
zram,direct,632,17052,0,0,4787,161,1,-2,-999,0
zram,direct,633,15381,0,0,4508,159,1,-2,-999,0
zram,direct,634,13593,0,0,4126,163,1,-2,-999,0
zram,direct,635,13912,0,0,4047,162,1,-2,-999,0
zram,direct,636,13895,0,0,4119,160,1,-2,-999,0
zram,direct,637,21112,0,0,5253,161,1,-2,-999,0
zram,direct,638,13328,0,0,3951,161,1,-2,-999,0
zram,direct,639,14364,0,0,4246,159,1,-2,-999,0
zram,direct,640,17356,0,0,5452,195,1,-2,-999,0
zram,direct,641,16226,0,0,4450,161,1,-2,-999,0
zram,direct,642,13878,0,0,4060,162,1,-2,-999,0
zram,direct,643,19143,0,0,4777,161,1,-2,-999,0
zram,direct,644,14093,0,0,4142,161,1,-2,-999,0
zram,direct,645,20335,0,0,4815,161,1,-2,-999,0
zram,direct,646,16163,0,0,4538,164,1,-2,-999,0
zram,direct,647,13431,0,0,4125,161,1,-2,-999,0
zram,direct,648,13940,0,0,4118,160,1,-2,-999,0
zram,direct,649,14032,0,0,4143,162,1,-2,-999,0
zram,direct,650,22901,0,0,5475,161,1,-2,-999,0
zram,direct,651,16610,0,0,4914,161,1,-2,-999,0
zram,direct,652,36466,0,0,4932,161,1,-2,-999,0
zram,direct,653,18587,0,0,5695,223,1,-2,-999,0
zram,direct,654,22743,0,0,5400,161,1,-2,-999,0
zram,direct,655,13978,0,0,4102,160,1,-2,-999,0
zram,direct,656,17052,0,0,4635,160,1,-2,-999,0
zram,direct,657,13456,0,0,3952,162,1,-2,-999,0
zram,direct,658,29178,0,0,6613,237,1,-2,-999,0
zram,direct,659,29125,0,0,7666,217,1,-2,-999,0
zram,direct,660,22593,0,0,5359,160,1,-2,-999,0
zram,direct,661,17337,0,0,4619,160,1,-2,-999,0
zram,direct,662,15444,0,0,4460,163,1,-2,-999,0
zram,direct,663,13751,0,0,4192,161,1,-2,-999,0
zram,direct,664,16779,0,0,4637,161,1,-2,-999,0
zram,direct,665,18904,0,0,5983,221,1,-2,-999,0
zram,direct,666,25801,0,0,7162,196,1,-2,-999,0
zram,direct,667,16200,0,0,4618,161,1,-2,-999,0
zram,direct,668,58014,0,0,5570,160,1,-2,-999,0
zram,direct,669,17444,0,0,4974,160,1,-2,-999,0
zram,direct,670,21133,0,0,4739,163,1,-2,-999,0
zram,direct,671,17090,0,0,4957,163,1,-2,-999,0
zram,direct,672,22020,0,0,6488,199,1,-2,-999,0
zram,direct,673,15955,0,0,4408,162,1,-2,-999,0
zram,direct,674,19307,0,0,6012,243,1,-2,-999,0
zram,direct,675,18384,0,0,4584,159,1,-2,-999,0
zram,direct,676,14182,0,0,3923,161,1,-2,-999,0
zram,direct,677,16643,0,0,42211,161,1,-2,-999,0
zram,direct,678,15276,0,0,4459,165,1,-2,-999,0
zram,direct,679,18806,0,0,5009,162,1,-2,-999,0
zram,direct,680,16408,0,0,4652,161,1,-2,-999,0
zram,direct,681,18123,0,0,5631,237,1,-2,-999,0
zram,direct,682,16586,0,0,4386,162,1,-2,-999,0
zram,direct,683,14093,0,0,4008,160,1,-2,-999,0
zram,direct,684,19176,0,0,4858,162,1,-2,-999,0
zram,direct,685,14155,0,0,3930,161,1,-2,-999,0
zram,direct,686,21266,0,0,4729,162,1,-2,-999,0
zram,direct,687,26930,0,0,7109,207,1,-2,-999,0
zram,direct,688,18234,0,0,6580,204,1,-2,-999,0
zram,direct,689,16525,0,0,4706,162,1,-2,-999,0
zram,direct,690,22170,0,0,5367,161,1,-2,-999,0
zram,direct,691,16804,0,0,4816,161,1,-2,-999,0
zram,direct,692,20669,0,0,5210,163,1,-2,-999,0
zram,direct,693,64242,0,0,23428,170,1,-2,-999,0
zram,direct,694,15595,0,0,4257,161,1,-2,-999,0
zram,direct,695,15545,0,0,4616,159,1,-2,-999,0
zram,direct,696,13663,0,0,4161,161,1,-2,-999,0
zram,direct,697,15076,0,0,4399,161,1,-2,-999,0
zram,direct,698,16873,0,0,4681,161,1,-2,-999,0
zram,direct,699,14160,0,0,5550,227,1,-2,-999,0
zram,direct,700,15811,0,0,4503,161,1,-2,-999,0
zram,direct,701,12932,0,0,3881,161,1,-2,-999,0
zram,direct,702,14634,0,0,4259,160,1,-2,-999,0
zram,direct,703,12608,0,0,3800,162,1,-2,-999,0
zram,direct,704,33260,0,0,4855,160,1,-2,-999,0
zram,direct,705,14005,0,0,4154,162,1,-2,-999,0
zram,direct,706,14158,0,0,4126,161,1,-2,-999,0
zram,direct,707,13677,0,0,4073,161,1,-2,-999,0
zram,direct,708,12464,0,0,4763,161,1,-2,-999,0
zram,direct,709,14242,0,0,4169,159,1,-2,-999,0
zram,direct,710,12400,0,0,3839,160,1,-2,-999,0
zram,direct,711,38717,0,0,7801,231,1,-2,-999,0
zram,direct,712,20498,0,0,5529,163,1,-2,-999,0
zram,direct,713,16107,0,0,4631,160,1,-2,-999,0
zram,direct,714,17936,0,0,5070,160,1,-2,-999,0
zram,direct,715,14000,0,0,4213,162,1,-2,-999,0
zram,direct,716,16311,0,0,4543,162,1,-2,-999,0
zram,direct,717,14354,0,0,4519,160,1,-2,-999,0
zram,direct,718,14003,0,0,4084,161,1,-2,-999,0
zram,direct,719,17222,0,0,5346,200,1,-2,-999,0
zram,direct,720,25519,0,0,5451,160,1,-2,-999,0
zram,direct,721,18368,0,0,5191,162,1,-2,-999,0
zram,direct,722,17400,0,0,4891,159,1,-2,-999,0
zram,direct,723,12659,0,0,3759,161,1,-2,-999,0
zram,direct,724,14194,0,0,4073,161,1,-2,-999,0
zram,direct,725,21083,0,0,4558,161,1,-2,-999,0
zram,direct,726,13970,0,0,4059,161,1,-2,-999,0
zram,direct,727,15220,0,0,4377,160,1,-2,-999,0
zram,direct,728,12549,0,0,3748,161,1,-2,-999,0
zram,direct,729,16213,0,0,4558,162,1,-2,-999,0
zram,direct,730,13747,0,0,3961,160,1,-2,-999,0
zram,direct,731,44224,0,0,5763,160,1,-2,-999,0
zram,direct,732,14293,0,0,3893,160,1,-2,-999,0
zram,direct,733,14209,0,0,4003,160,1,-2,-999,0
zram,direct,734,15355,0,0,4393,161,1,-2,-999,0
zram,direct,735,12788,0,0,3805,161,1,-2,-999,0
zram,direct,736,21287,0,0,5207,161,1,-2,-999,0
zram,direct,737,17231,0,0,5055,162,1,-2,-999,0
zram,direct,738,19778,0,0,5266,161,1,-2,-999,0
zram,direct,739,14580,0,0,4206,160,1,-2,-999,0
zram,direct,740,15123,0,0,4375,160,1,-2,-999,0
zram,direct,741,16289,0,0,4710,159,1,-2,-999,0
zram,direct,742,13939,0,0,4166,160,1,-2,-999,0
zram,direct,743,15475,0,0,4538,161,1,-2,-999,0
zram,direct,744,15942,0,0,4582,160,1,-2,-999,0
zram,direct,745,16784,0,0,4673,162,1,-2,-999,0
zram,direct,746,14747,0,0,4177,162,1,-2,-999,0
zram,direct,747,13684,0,0,4114,161,1,-2,-999,0
zram,direct,748,15463,0,0,4417,160,1,-2,-999,0
zram,direct,749,14115,0,0,4249,161,1,-2,-999,0
zram,direct,750,12629,0,0,3719,160,1,-2,-999,0
zram,direct,751,14412,0,0,4341,159,1,-2,-999,0
zram,direct,752,12614,0,0,3787,161,1,-2,-999,0
zram,direct,753,13818,0,0,4028,163,1,-2,-999,0
zram,direct,754,13744,0,0,4080,161,1,-2,-999,0
zram,direct,755,14839,0,0,4246,162,1,-2,-999,0
zram,direct,756,13936,0,0,4157,162,1,-2,-999,0
zram,direct,757,13670,0,0,4104,160,1,-2,-999,0
zram,direct,758,14740,0,0,4312,161,1,-2,-999,0
zram,direct,759,12670,0,0,3862,161,1,-2,-999,0
zram,direct,760,14099,0,0,4023,159,1,-2,-999,0
zram,direct,761,13860,0,0,4046,161,1,-2,-999,0
zram,direct,762,14201,0,0,4176,161,1,-2,-999,0
zram,direct,763,13901,0,0,4079,160,1,-2,-999,0
zram,direct,764,18851,0,0,5830,202,1,-2,-999,0
zram,direct,765,17562,0,0,4572,160,1,-2,-999,0
zram,direct,766,13680,0,0,4044,161,1,-2,-999,0
zram,direct,767,14281,0,0,4220,160,1,-2,-999,0
zram,direct,768,13752,0,0,4114,161,1,-2,-999,0
zram,direct,769,14178,0,0,4171,160,1,-2,-999,0
zram,direct,770,14031,0,0,4076,162,1,-2,-999,0
zram,direct,771,12533,0,0,3766,161,1,-2,-999,0
zram,direct,772,14699,0,0,4351,161,1,-2,-999,0
zram,direct,773,12595,0,0,3860,161,1,-2,-999,0
zram,direct,774,14406,0,0,4236,159,1,-2,-999,0
zram,direct,775,13653,0,0,4037,160,1,-2,-999,0
zram,direct,776,15261,0,0,4500,160,1,-2,-999,0
zram,direct,777,13720,0,0,4129,160,1,-2,-999,0
zram,direct,778,12456,0,0,3736,161,1,-2,-999,0
zram,direct,779,14532,0,0,4285,160,1,-2,-999,0
zram,direct,780,12756,0,0,3814,162,1,-2,-999,0
zram,direct,781,17710,0,0,4862,159,1,-2,-999,0
zram,direct,782,14370,0,0,4190,160,1,-2,-999,0
zram,direct,783,15147,0,0,4418,161,1,-2,-999,0
zram,direct,784,13868,0,0,4098,160,1,-2,-999,0
zram,direct,785,14561,0,0,4338,161,1,-2,-999,0
zram,direct,786,12752,0,0,3756,160,1,-2,-999,0
zram,direct,787,16129,0,0,4616,162,1,-2,-999,0
zram,direct,788,13804,0,0,4103,163,1,-2,-999,0
zram,direct,789,16664,0,0,4524,162,1,-2,-999,0
zram,direct,790,14103,0,0,4148,160,1,-2,-999,0
zram,direct,791,12512,0,0,3778,161,1,-2,-999,0
zram,direct,792,16463,0,0,4578,162,1,-2,-999,0
zram,direct,793,14117,0,0,4148,160,1,-2,-999,0
zram,direct,794,14264,0,0,4169,161,1,-2,-999,0
zram,direct,795,69912,0,0,33384,172,1,-2,-999,0
zram,direct,796,21514,0,0,5592,163,1,-2,-999,0
zram,direct,797,49610,0,0,7403,173,1,-2,-999,0
zram,direct,798,18248,0,0,5069,162,1,-2,-999,0
zram,direct,799,13676,0,0,4107,161,1,-2,-999,0
zram,direct,800,17334,0,0,6725,190,1,-2,-999,0
zram,direct,801,15580,0,0,4501,161,1,-2,-999,0
zram,direct,802,16999,0,0,4667,162,1,-2,-999,0
zram,direct,803,15231,0,0,4403,161,1,-2,-999,0
zram,direct,804,14222,0,0,4185,160,1,-2,-999,0
zram,direct,805,14561,0,0,4242,163,1,-2,-999,0
zram,direct,806,15474,0,0,4383,160,1,-2,-999,0
zram,direct,807,13233,0,0,3898,161,1,-2,-999,0
zram,direct,808,13949,0,0,4093,161,1,-2,-999,0
zram,direct,809,22789,0,0,5389,172,1,-2,-999,0
zram,direct,810,18331,0,0,5004,162,1,-2,-999,0
zram,direct,811,13803,0,0,4094,161,1,-2,-999,0
zram,direct,812,21010,0,0,5198,161,1,-2,-999,0
zram,direct,813,18254,0,0,4979,161,1,-2,-999,0
zram,direct,814,14199,0,0,4114,161,1,-2,-999,0
zram,direct,815,15986,0,0,4548,163,1,-2,-999,0
zram,direct,816,14982,0,0,4368,162,1,-2,-999,0
zram,direct,817,18511,0,0,4596,163,1,-2,-999,0
zram,direct,818,18285,0,0,5460,162,1,-2,-999,0
zram,direct,819,16852,0,0,4772,161,1,-2,-999,0
zram,direct,820,14254,0,0,4164,160,1,-2,-999,0
zram,direct,821,14218,0,0,4039,159,1,-2,-999,0
zram,direct,822,16252,0,0,4536,161,1,-2,-999,0
zram,direct,823,12551,0,0,3830,162,1,-2,-999,0
zram,direct,824,16417,0,0,4695,160,1,-2,-999,0
zram,direct,825,14367,0,0,4416,160,1,-2,-999,0
zram,direct,826,15598,0,0,4403,160,1,-2,-999,0
zram,direct,827,21614,0,0,6040,186,1,-2,-999,0
zram,direct,828,16460,0,0,4564,161,1,-2,-999,0
zram,direct,829,16111,0,0,4574,160,1,-2,-999,0
zram,direct,830,12519,0,0,5451,202,1,-2,-999,0
zram,direct,831,16176,0,0,4533,161,1,-2,-999,0
zram,direct,832,14449,0,0,4319,161,1,-2,-999,0
zram,direct,833,15017,0,0,4278,161,1,-2,-999,0
zram,direct,834,21167,0,0,6624,192,1,-2,-999,0
zram,direct,835,19421,0,0,5194,161,1,-2,-999,0
zram,direct,836,15078,0,0,4529,165,1,-2,-999,0
zram,direct,837,15026,0,0,4437,160,1,-2,-999,0
zram,direct,838,14897,0,0,4307,161,1,-2,-999,0
zram,direct,839,14917,0,0,4300,161,1,-2,-999,0
zram,direct,840,15052,0,0,4570,161,1,-2,-999,0
zram,direct,841,14908,0,0,4360,160,1,-2,-999,0
zram,direct,842,16626,0,0,4595,162,1,-2,-999,0
zram,direct,843,12870,0,0,3747,161,1,-2,-999,0
zram,direct,844,15352,0,0,4366,160,1,-2,-999,0
zram,direct,845,14600,0,0,4301,161,1,-2,-999,0
zram,direct,846,14104,0,0,4157,161,1,-2,-999,0
zram,direct,847,22871,0,0,4602,161,1,-2,-999,0
zram,direct,848,14265,0,0,4053,161,1,-2,-999,0
zram,direct,849,15682,0,0,4499,160,1,-2,-999,0
zram,direct,850,12786,0,0,3790,161,1,-2,-999,0
zram,direct,851,14520,0,0,4200,160,1,-2,-999,0
zram,direct,852,12501,0,0,3827,161,1,-2,-999,0
zram,direct,853,16722,0,0,4544,160,1,-2,-999,0
zram,direct,854,15228,0,0,6355,209,1,-2,-999,0
zram,direct,855,15916,0,0,4566,161,1,-2,-999,0
zram,direct,856,15494,0,0,4406,161,1,-2,-999,0
zram,direct,857,13653,0,0,4035,160,1,-2,-999,0
zram,direct,858,14478,0,0,4212,163,1,-2,-999,0
zram,direct,859,14140,0,0,4106,165,1,-2,-999,0
zram,direct,860,15591,0,0,6346,203,1,-2,-999,0
zram,direct,861,41160,0,0,7392,187,1,-2,-999,0
zram,direct,862,19906,0,0,5198,161,1,-2,-999,0
zram,direct,863,51015,0,0,5848,162,1,-2,-999,0
zram,direct,864,14909,0,0,4237,161,1,-2,-999,0
zram,direct,865,12624,0,0,3762,160,1,-2,-999,0
zram,direct,866,13957,0,0,3940,160,1,-2,-999,0
zram,direct,867,21657,0,0,4176,161,1,-2,-999,0
zram,direct,868,14244,0,0,3934,161,1,-2,-999,0
zram,direct,869,13831,0,0,4122,160,1,-2,-999,0
zram,direct,870,12579,0,0,3712,161,1,-2,-999,0
zram,direct,871,15176,0,0,4286,162,1,-2,-999,0
zram,direct,872,12986,0,0,3842,160,1,-2,-999,0
zram,direct,873,14058,0,0,3996,162,1,-2,-999,0
zram,direct,874,13924,0,0,4073,160,1,-2,-999,0
zram,direct,875,13979,0,0,4002,161,1,-2,-999,0
zram,direct,876,13873,0,0,3995,161,1,-2,-999,0
zram,direct,877,12417,0,0,3737,160,1,-2,-999,0
zram,direct,878,14521,0,0,4288,160,1,-2,-999,0
zram,direct,879,12466,0,0,3767,162,1,-2,-999,0
zram,direct,880,17907,0,0,4840,161,1,-2,-999,0
zram,direct,881,14466,0,0,4179,159,1,-2,-999,0
zram,direct,882,13858,0,0,4057,161,1,-2,-999,0
zram,direct,883,12758,0,0,3809,160,1,-2,-999,0
zram,direct,884,14591,0,0,4188,162,1,-2,-999,0
zram,direct,885,13804,0,0,3993,163,1,-2,-999,0
zram,direct,886,16246,0,0,4622,161,1,-2,-999,0
zram,direct,887,14333,0,0,4248,159,1,-2,-999,0
zram,direct,888,14540,0,0,4081,162,1,-2,-999,0
zram,direct,889,13806,0,0,4021,162,1,-2,-999,0
zram,direct,890,12637,0,0,3777,161,1,-2,-999,0
zram,direct,891,14737,0,0,4239,161,1,-2,-999,0
zram,direct,892,12646,0,0,3793,161,1,-2,-999,0
zram,direct,893,17304,0,0,4577,162,1,-2,-999,0
zram,direct,894,14340,0,0,4149,162,1,-2,-999,0
zram,direct,895,14101,0,0,3974,160,1,-2,-999,0
zram,direct,896,13715,0,0,4121,160,1,-2,-999,0
zram,direct,897,68782,0,0,9295,172,1,-2,-999,0
zram,direct,898,16798,0,0,4571,161,1,-2,-999,0
zram,direct,899,14462,0,0,4189,161,1,-2,-999,0
zram,direct,900,17126,0,0,4767,161,1,-2,-999,0
zram,direct,901,14726,0,0,4398,161,1,-2,-999,0
zram,direct,902,12628,0,0,3811,161,1,-2,-999,0
zram,direct,903,14051,0,0,4048,161,1,-2,-999,0
zram,direct,904,14010,0,0,4099,162,1,-2,-999,0
zram,direct,905,14800,0,0,4253,161,1,-2,-999,0
zram,direct,906,13908,0,0,4075,161,1,-2,-999,0
zram,direct,907,12417,0,0,3782,160,1,-2,-999,0
zram,direct,908,14436,0,0,4292,162,1,-2,-999,0
zram,direct,909,25636,0,0,6093,163,1,-2,-999,0
zram,direct,910,23741,0,0,5479,162,1,-2,-999,0
zram,direct,911,14684,0,0,4392,159,1,-2,-999,0
zram,direct,912,31830,0,0,5539,161,1,-2,-999,0
zram,direct,913,15290,0,0,4344,160,1,-2,-999,0
zram,direct,914,14783,0,0,4326,164,1,-2,-999,0
zram,direct,915,14147,0,0,4099,162,1,-2,-999,0
zram,direct,916,13909,0,0,4106,160,1,-2,-999,0
zram,direct,917,12494,0,0,3725,160,1,-2,-999,0
zram,direct,918,14461,0,0,4199,161,1,-2,-999,0
zram,direct,919,12494,0,0,3766,160,1,-2,-999,0
zram,direct,920,14485,0,0,4040,161,1,-2,-999,0
zram,direct,921,13616,0,0,4092,161,1,-2,-999,0
zram,direct,922,13900,0,0,4016,162,1,-2,-999,0
zram,direct,923,13587,0,0,4072,162,1,-2,-999,0
zram,direct,924,15620,0,0,4595,161,1,-2,-999,0
zram,direct,925,14451,0,0,4223,162,1,-2,-999,0
zram,direct,926,14275,0,0,4202,160,1,-2,-999,0
zram,direct,927,16980,0,0,4657,159,1,-2,-999,0
zram,direct,928,13863,0,0,3946,161,1,-2,-999,0
zram,direct,929,16486,0,0,4593,162,1,-2,-999,0
zram,direct,930,13757,0,0,4084,160,1,-2,-999,0
zram,direct,931,13923,0,0,4233,159,1,-2,-999,0
zram,direct,932,14677,0,0,4260,161,1,-2,-999,0
zram,direct,933,12587,0,0,3744,161,1,-2,-999,0
zram,direct,934,14385,0,0,4124,162,1,-2,-999,0
zram,direct,935,12670,0,0,3735,160,1,-2,-999,0
zram,direct,936,34256,0,0,4529,161,1,-2,-999,0
zram,direct,937,13175,0,0,3760,160,1,-2,-999,0
zram,direct,938,14710,0,0,4096,160,1,-2,-999,0
zram,direct,939,18535,0,0,4826,160,1,-2,-999,0
zram,direct,940,14410,0,0,4114,160,1,-2,-999,0
zram,direct,941,17126,0,0,4852,162,1,-2,-999,0
zram,direct,942,13010,0,0,3858,161,1,-2,-999,0
zram,direct,943,16196,0,0,5930,189,1,-2,-999,0
zram,direct,944,13679,0,0,4172,162,1,-2,-999,0
zram,direct,945,13850,0,0,4068,160,1,-2,-999,0
zram,direct,946,14399,0,0,4181,161,1,-2,-999,0
zram,direct,947,14543,0,0,4214,161,1,-2,-999,0
zram,direct,948,14632,0,0,4291,162,1,-2,-999,0
zram,direct,949,22579,0,0,6540,197,1,-2,-999,0
zram,direct,950,16801,0,0,4670,162,1,-2,-999,0
zram,direct,951,12681,0,0,3817,161,1,-2,-999,0
zram,direct,952,14634,0,0,4218,162,1,-2,-999,0
zram,direct,953,12896,0,0,3705,159,1,-2,-999,0
zram,direct,954,13732,0,0,4111,160,1,-2,-999,0
zram,direct,955,21526,0,0,4180,162,1,-2,-999,0
zram,direct,956,14599,0,0,4326,161,1,-2,-999,0
zram,direct,957,16030,0,0,4636,161,1,-2,-999,0
zram,direct,958,12616,0,0,3747,161,1,-2,-999,0
zram,direct,959,15181,0,0,4333,160,1,-2,-999,0
zram,direct,960,12563,0,0,3798,160,1,-2,-999,0
zram,direct,961,14932,0,0,4199,163,1,-2,-999,0
zram,direct,962,13940,0,0,5663,181,1,-2,-999,0
zram,direct,963,20614,0,0,5332,160,1,-2,-999,0
zram,direct,964,16129,0,0,4535,161,1,-2,-999,0
zram,direct,965,12707,0,0,3880,161,1,-2,-999,0
zram,direct,966,16797,0,0,4673,162,1,-2,-999,0
zram,direct,967,12722,0,0,3752,161,1,-2,-999,0
zram,direct,968,18969,0,0,5192,161,1,-2,-999,0
zram,direct,969,14927,0,0,4337,161,1,-2,-999,0
zram,direct,970,14413,0,0,4214,160,1,-2,-999,0
zram,direct,971,15539,0,0,4444,161,1,-2,-999,0
zram,direct,972,14655,0,0,4380,162,1,-2,-999,0
zram,direct,973,29203,0,0,5145,163,1,-2,-999,0
zram,direct,974,16644,0,0,4619,162,1,-2,-999,0
zram,direct,975,16088,0,0,4659,161,1,-2,-999,0
zram,direct,976,14738,0,0,4390,160,1,-2,-999,0
zram,direct,977,14645,0,0,4217,161,1,-2,-999,0
zram,direct,978,12598,0,0,4016,160,1,-2,-999,0
zram,direct,979,18955,0,0,5064,161,1,-2,-999,0
zram,direct,980,15754,0,0,4578,162,1,-2,-999,0
zram,direct,981,15406,0,0,4429,159,1,-2,-999,0
zram,direct,982,14001,0,0,4023,162,1,-2,-999,0
zram,direct,983,16105,0,0,4614,161,1,-2,-999,0
zram,direct,984,14474,0,0,4159,160,1,-2,-999,0
zram,direct,985,12589,0,0,3682,161,1,-2,-999,0
zram,direct,986,14630,0,0,4294,163,1,-2,-999,0
zram,direct,987,12856,0,0,3788,161,1,-2,-999,0
zram,direct,988,14667,0,0,4117,162,1,-2,-999,0
zram,direct,989,13611,0,0,3978,161,1,-2,-999,0
zram,direct,990,13963,0,0,4158,159,1,-2,-999,0
zram,direct,991,13638,0,0,4025,161,1,-2,-999,0
zram,direct,992,12506,0,0,3734,161,1,-2,-999,0
zram,direct,993,14254,0,0,4148,160,1,-2,-999,0
zram,direct,994,12827,0,0,3712,161,1,-2,-999,0
zram,direct,995,13929,0,0,4122,161,1,-2,-999,0
zram,direct,996,14253,0,0,4084,162,1,-2,-999,0
zram,direct,997,14603,0,0,4065,161,1,-2,-999,0
zram,direct,998,20160,0,0,6170,205,1,-2,-999,0
zram,direct,999,15751,0,0,4395,162,1,-2,-999,0
zram,readwrite,0,57865,11679,0,601,233,1,-2,0,0
zram,readwrite,1,28970,6375,0,600,220,1,-2,0,0
zram,readwrite,2,18765,5820,0,593,205,1,-2,0,0
zram,readwrite,3,17938,5872,0,605,211,1,-2,0,0
zram,readwrite,4,19456,6357,0,565,224,1,-2,0,0
zram,readwrite,5,17557,6029,0,573,213,1,-2,0,0
zram,readwrite,6,20615,6234,0,582,215,1,-2,0,0
zram,readwrite,7,20120,6345,0,584,224,1,-2,0,0
zram,readwrite,8,17753,5824,0,598,212,1,-2,0,0
zram,readwrite,9,18875,5809,0,603,212,1,-2,0,0
zram,readwrite,10,18870,5862,0,596,225,1,-2,0,0
zram,readwrite,11,18925,6028,0,567,210,1,-2,0,0
zram,readwrite,12,18947,6065,0,576,219,1,-2,0,0
zram,readwrite,13,55561,6896,0,591,222,1,-2,0,0
zram,readwrite,14,19718,6043,0,596,220,1,-2,0,0
zram,readwrite,15,18116,6068,0,604,212,1,-2,0,0
zram,readwrite,16,19828,6472,0,581,222,1,-2,0,0
zram,readwrite,17,18717,6572,0,571,232,1,-2,0,0
zram,readwrite,18,18238,6072,0,590,213,1,-2,0,0
zram,readwrite,19,18766,5878,0,592,231,1,-2,0,0
zram,readwrite,20,19403,6184,0,618,213,1,-2,0,0
zram,readwrite,21,20507,6129,0,618,233,1,-2,0,0
zram,readwrite,22,18369,5803,0,602,213,1,-2,0,0
zram,readwrite,23,19588,6304,0,587,230,1,-2,0,0
zram,readwrite,24,18603,6215,0,591,220,1,-2,0,0
zram,readwrite,25,19155,6367,0,601,217,1,-2,0,0
zram,readwrite,26,18659,6080,0,589,224,1,-2,0,0
zram,readwrite,27,19231,6122,0,596,236,1,-2,0,0
zram,readwrite,28,18734,6011,0,593,219,1,-2,0,0
zram,readwrite,29,20470,6607,0,606,215,1,-2,0,0
zram,readwrite,30,18034,5719,0,602,208,1,-2,0,0
zram,readwrite,31,19250,6077,0,595,218,1,-2,0,0
zram,readwrite,32,17977,6040,0,619,219,1,-2,0,0
zram,readwrite,33,19380,6037,0,590,226,1,-2,0,0
zram,readwrite,34,17893,5724,0,609,195,1,-2,0,0
zram,readwrite,35,18817,5814,0,593,211,1,-2,0,0
zram,readwrite,36,18460,5968,0,586,205,1,-2,0,0
zram,readwrite,37,19873,6275,0,613,235,1,-2,0,0
zram,readwrite,38,18286,6369,0,572,204,1,-2,0,0
zram,readwrite,39,21209,6385,0,599,221,1,-2,0,0
zram,readwrite,40,18931,5925,0,606,212,1,-2,0,0
zram,readwrite,41,21030,6384,0,605,222,1,-2,0,0
zram,readwrite,42,19096,6292,0,590,211,1,-2,0,0
zram,readwrite,43,20807,6294,0,578,213,1,-2,0,0
zram,readwrite,44,18100,5638,0,573,217,1,-2,0,0
zram,readwrite,45,28414,6441,0,585,226,1,-2,0,0
zram,readwrite,46,20125,6018,0,628,218,1,-2,0,0
zram,readwrite,47,20341,6506,0,583,227,1,-2,0,0
zram,readwrite,48,22433,6278,0,602,175,1,-2,0,0
zram,readwrite,49,19071,6134,0,595,218,1,-2,0,0
zram,readwrite,50,19413,5976,0,608,215,1,-2,0,0
zram,readwrite,51,17888,6170,0,589,206,1,-2,0,0
zram,readwrite,52,19981,6403,0,604,221,1,-2,0,0
zram,readwrite,53,19776,6050,0,575,233,1,-2,0,0
zram,readwrite,54,17866,5632,0,627,185,1,-2,0,0
zram,readwrite,55,18981,5922,0,586,214,1,-2,0,0
zram,readwrite,56,19430,6880,0,625,224,1,-2,0,0
zram,readwrite,57,19414,5909,0,586,215,1,-2,0,0
zram,readwrite,58,19061,5945,0,593,224,1,-2,0,0
zram,readwrite,59,29034,7579,0,816,193,1,-2,0,0
zram,readwrite,60,23111,6788,0,592,243,1,-2,0,0
zram,readwrite,61,63073,7164,0,583,225,1,-2,0,0
zram,readwrite,62,20185,6070,0,590,232,1,-2,0,0
zram,readwrite,63,23492,6716,0,953,186,1,-2,0,0
zram,readwrite,64,19553,5235,0,534,176,1,-2,0,0
zram,readwrite,65,58377,5349,0,493,168,1,-2,0,0
zram,readwrite,66,15889,4567,0,493,168,1,-2,0,0
zram,readwrite,67,13775,4217,0,491,158,1,-2,0,0
zram,readwrite,68,16480,4572,0,491,168,1,-2,0,0
zram,readwrite,69,15125,4305,0,491,158,1,-2,0,0
zram,readwrite,70,14904,4352,0,494,168,1,-2,0,0
zram,readwrite,71,12853,3895,0,490,158,1,-2,0,0
zram,readwrite,72,14288,4200,0,493,168,1,-2,0,0
zram,readwrite,73,20306,5250,0,509,167,1,-2,0,0
zram,readwrite,74,17230,4919,0,492,171,1,-2,0,0
zram,readwrite,75,15986,4576,0,491,168,1,-2,0,0
zram,readwrite,76,25267,4605,0,490,168,1,-2,0,0
zram,readwrite,77,15543,4386,0,494,168,1,-2,0,0
zram,readwrite,78,13973,4141,0,495,168,1,-2,0,0
zram,readwrite,79,88329,10298,0,525,177,1,-2,0,0
zram,readwrite,80,17179,4595,0,516,163,1,-2,0,0
zram,readwrite,81,20298,5301,0,501,167,1,-2,0,0
zram,readwrite,82,18055,6520,0,534,442,1,-2,0,0
zram,readwrite,83,14217,4133,0,500,164,1,-2,0,0
zram,readwrite,84,15806,4687,0,497,166,1,-2,0,0
zram,readwrite,85,14012,4086,0,493,164,1,-2,0,0
zram,readwrite,86,13927,4099,0,514,268,1,-2,0,0
zram,readwrite,87,13989,4069,0,493,165,1,-2,0,0
zram,readwrite,88,13730,3994,0,510,165,1,-2,0,0
zram,readwrite,89,14297,4073,0,495,165,1,-2,0,0
zram,readwrite,90,14233,4184,0,515,166,1,-2,0,0
zram,readwrite,91,12893,42953,0,948,175,1,-2,0,0
zram,readwrite,92,23879,5074,0,501,164,1,-2,0,0
zram,readwrite,93,12925,3907,0,506,155,1,-2,0,0
zram,readwrite,94,15045,4256,0,489,164,1,-2,0,0
zram,readwrite,95,17552,4745,0,501,155,1,-2,0,0
zram,readwrite,96,14252,4166,0,497,294,1,-2,0,0
zram,readwrite,97,13570,4234,0,489,165,1,-2,0,0
zram,readwrite,98,14103,4119,0,489,164,1,-2,0,0
zram,readwrite,99,13828,4821,0,734,211,1,-2,0,0
zram,readwrite,100,15751,4434,0,493,166,1,-2,0,0
zram,readwrite,101,14000,4088,0,488,166,1,-2,0,0
zram,readwrite,102,12326,3825,0,489,155,1,-2,0,0
zram,readwrite,103,14438,4321,0,487,164,1,-2,0,0
zram,readwrite,104,12814,3855,0,497,155,1,-2,0,0
zram,readwrite,105,21446,5331,0,498,157,1,-2,0,0
zram,readwrite,106,12854,3893,0,499,155,1,-2,0,0
zram,readwrite,107,14750,4267,0,497,166,1,-2,0,0
zram,readwrite,108,12398,3920,0,498,155,1,-2,0,0
zram,readwrite,109,14740,4220,0,488,165,1,-2,0,0
zram,readwrite,110,13906,4168,0,488,164,1,-2,0,0
zram,readwrite,111,14268,4178,0,488,163,1,-2,0,0
zram,readwrite,112,13858,4093,0,498,164,1,-2,0,0
zram,readwrite,113,14480,4254,0,499,163,1,-2,0,0
zram,readwrite,114,13586,4067,0,499,165,1,-2,0,0
zram,readwrite,115,35179,4524,0,500,165,1,-2,0,0
zram,readwrite,116,14065,4114,0,489,163,1,-2,0,0
zram,readwrite,117,12482,3851,0,488,153,1,-2,0,0
zram,readwrite,118,15160,4378,0,490,164,1,-2,0,0
zram,readwrite,119,12880,3932,0,497,155,1,-2,0,0
zram,readwrite,120,14619,4328,0,497,165,1,-2,0,0
zram,readwrite,121,12457,3874,0,499,155,1,-2,0,0
zram,readwrite,122,14143,3958,0,489,164,1,-2,0,0
zram,readwrite,123,20862,4214,0,519,166,1,-2,0,0
zram,readwrite,124,13970,4078,0,489,165,1,-2,0,0
zram,readwrite,125,14020,4125,0,488,165,1,-2,0,0
zram,readwrite,126,19413,4940,0,488,165,1,-2,0,0
zram,readwrite,127,14281,4051,0,488,165,1,-2,0,0
zram,readwrite,128,14390,4176,0,488,164,1,-2,0,0
zram,readwrite,129,14050,4114,0,497,165,1,-2,0,0
zram,readwrite,130,14226,4141,0,499,164,1,-2,0,0
zram,readwrite,131,14047,4065,0,499,165,1,-2,0,0
zram,readwrite,132,12371,3804,0,487,155,1,-2,0,0
zram,readwrite,133,17784,4728,0,489,166,1,-2,0,0
zram,readwrite,134,12683,3839,0,490,154,1,-2,0,0
zram,readwrite,135,15243,4361,0,487,165,1,-2,0,0
zram,readwrite,136,12516,3802,0,499,155,1,-2,0,0
zram,readwrite,137,14743,4266,0,501,165,1,-2,0,0
zram,readwrite,138,12346,3828,0,489,154,1,-2,0,0
zram,readwrite,139,16651,4626,0,499,166,1,-2,0,0
zram,readwrite,140,22115,4444,0,497,165,1,-2,0,0
zram,readwrite,141,14163,3938,0,489,166,1,-2,0,0
zram,readwrite,142,25652,7705,0,564,199,1,-2,0,0
zram,readwrite,143,22048,5415,0,498,165,1,-2,0,0
zram,readwrite,144,14672,4264,0,488,165,1,-2,0,0
zram,readwrite,145,14373,4096,0,511,164,1,-2,0,0
zram,readwrite,146,36411,4609,0,488,166,1,-2,0,0
zram,readwrite,147,14208,4099,0,498,165,1,-2,0,0
zram,readwrite,148,12461,3891,0,490,154,1,-2,0,0
zram,readwrite,149,14357,4141,0,489,165,1,-2,0,0
zram,readwrite,150,12425,3870,0,490,156,1,-2,0,0
zram,readwrite,151,15285,4357,0,491,164,1,-2,0,0
zram,readwrite,152,12534,3874,0,501,156,1,-2,0,0
zram,readwrite,153,19187,6239,0,505,165,1,-2,0,0
zram,readwrite,154,14446,3994,0,580,213,1,-2,0,0
zram,readwrite,155,17123,4696,0,507,165,1,-2,0,0
zram,readwrite,156,14146,4033,0,488,164,1,-2,0,0
zram,readwrite,157,20610,5561,0,491,155,1,-2,0,0
zram,readwrite,158,15263,4409,0,507,166,1,-2,0,0
zram,readwrite,159,13703,4043,0,493,165,1,-2,0,0
zram,readwrite,160,14244,4146,0,488,164,1,-2,0,0
zram,readwrite,161,13720,4005,0,500,165,1,-2,0,0
zram,readwrite,162,14167,4114,0,498,163,1,-2,0,0
zram,readwrite,163,13835,4044,0,498,165,1,-2,0,0
zram,readwrite,164,12336,3850,0,505,155,1,-2,0,0
zram,readwrite,165,14511,4301,0,488,164,1,-2,0,0
zram,readwrite,166,12548,3887,0,488,155,1,-2,0,0
zram,readwrite,167,15119,4394,0,488,165,1,-2,0,0
zram,readwrite,168,18594,5940,0,593,196,1,-2,0,0
zram,readwrite,169,37976,5141,0,494,165,1,-2,0,0
zram,readwrite,170,17325,4897,0,496,167,1,-2,0,0
zram,readwrite,171,14556,4211,0,493,166,1,-2,0,0
zram,readwrite,172,17156,5111,0,487,157,1,-2,0,0
zram,readwrite,173,14277,4199,0,493,164,1,-2,0,0
zram,readwrite,174,13931,4074,0,500,166,1,-2,0,0
zram,readwrite,175,64695,9375,0,522,170,1,-2,0,0
zram,readwrite,176,17854,4997,0,487,168,1,-2,0,0
zram,readwrite,177,14774,4345,0,513,166,1,-2,0,0
zram,readwrite,178,14076,4125,0,506,168,1,-2,0,0
zram,readwrite,179,35316,4693,0,522,168,1,-2,0,0
zram,readwrite,180,14277,4121,0,506,169,1,-2,0,0
zram,readwrite,181,13073,4036,0,501,158,1,-2,0,0
zram,readwrite,182,16146,4566,0,502,169,1,-2,0,0
zram,readwrite,183,29166,12683,0,485,168,1,-2,0,0
zram,readwrite,184,15179,4421,0,487,158,1,-2,0,0
zram,readwrite,185,15310,4303,0,500,168,1,-2,0,0
zram,readwrite,186,13843,4074,0,489,159,1,-2,0,0
zram,readwrite,187,14890,4238,0,485,168,1,-2,0,0
zram,readwrite,188,17750,4838,0,499,159,1,-2,0,0
zram,readwrite,189,16091,4647,0,486,168,1,-2,0,0
zram,readwrite,190,14029,4048,0,490,169,1,-2,0,0
zram,readwrite,191,15153,4306,0,507,168,1,-2,0,0
zram,readwrite,192,14167,4123,0,487,168,1,-2,0,0
zram,readwrite,193,13848,4089,0,485,169,1,-2,0,0
zram,readwrite,194,12741,3846,0,499,160,1,-2,0,0
zram,readwrite,195,14459,4145,0,499,169,1,-2,0,0
zram,readwrite,196,15061,4369,0,490,159,1,-2,0,0
zram,readwrite,197,21024,5312,0,500,168,1,-2,0,0
zram,readwrite,198,14245,4274,0,485,168,1,-2,0,0
zram,readwrite,199,13574,4110,0,486,168,1,-2,0,0
zram,readwrite,200,13939,4036,0,486,168,1,-2,0,0
zram,readwrite,201,13657,4081,0,485,168,1,-2,0,0
zram,readwrite,202,14132,4127,0,485,168,1,-2,0,0
zram,readwrite,203,13736,4009,0,507,168,1,-2,0,0
zram,readwrite,204,12397,4822,0,506,169,1,-2,0,0
zram,readwrite,205,14624,4149,0,485,168,1,-2,0,0
zram,readwrite,206,13002,3790,0,485,160,1,-2,0,0
zram,readwrite,207,14484,4110,0,485,168,1,-2,0,0
zram,readwrite,208,13034,3864,0,500,157,1,-2,0,0
zram,readwrite,209,14634,4177,0,501,168,1,-2,0,0
zram,readwrite,210,13746,4005,0,499,168,1,-2,0,0
zram,readwrite,211,13878,4116,0,500,168,1,-2,0,0
zram,readwrite,212,14559,4200,0,519,168,1,-2,0,0
zram,readwrite,213,16794,4826,0,497,168,1,-2,0,0
zram,readwrite,214,14083,4163,0,499,169,1,-2,0,0
zram,readwrite,215,23934,6847,0,598,187,1,-2,0,0
zram,readwrite,216,34289,7693,0,609,238,1,-2,0,0
zram,readwrite,217,32749,6026,0,499,178,1,-2,0,0
zram,readwrite,218,16368,4544,0,504,168,1,-2,0,0
zram,readwrite,219,22671,5559,0,506,169,1,-2,0,0
zram,readwrite,220,24344,5764,0,486,169,1,-2,0,0
zram,readwrite,221,29583,7995,0,612,184,1,-2,0,0
zram,readwrite,222,26078,7627,0,620,189,1,-2,0,0
zram,readwrite,223,32070,8626,0,605,198,1,-2,0,0
zram,readwrite,224,29985,8066,0,585,200,1,-2,0,0
zram,readwrite,225,30362,7792,0,597,241,1,-2,0,0
zram,readwrite,226,27333,7457,0,578,229,1,-2,0,0
zram,readwrite,227,24820,7282,0,591,235,1,-2,0,0
zram,readwrite,228,26129,5832,0,500,168,1,-2,0,0
zram,readwrite,229,30869,8424,0,602,202,1,-2,0,0
zram,readwrite,230,32593,8271,0,706,230,1,-2,0,0
zram,readwrite,231,33126,8404,0,610,232,1,-2,0,0
zram,readwrite,232,72177,9437,0,631,208,1,-2,0,0
zram,readwrite,233,30371,8015,0,616,252,1,-2,0,0
zram,readwrite,234,28500,7478,0,603,234,1,-2,0,0
zram,readwrite,235,30925,8247,0,660,226,1,-2,0,0
zram,readwrite,236,39277,7770,0,487,168,1,-2,0,0
zram,readwrite,237,31092,8293,0,589,208,1,-2,0,0
zram,readwrite,238,25631,52498,0,599,217,1,-2,0,0
zram,readwrite,239,28849,8252,0,601,209,1,-2,0,0
zram,readwrite,240,28370,7421,0,558,218,1,-2,0,0
zram,readwrite,241,30104,8289,0,707,233,1,-2,0,0
zram,readwrite,242,27652,7303,0,592,239,1,-2,0,0
zram,readwrite,243,31245,8329,0,622,243,1,-2,0,0
zram,readwrite,244,34744,7581,0,576,215,1,-2,0,0
zram,readwrite,245,30910,8101,0,569,229,1,-2,0,0
zram,readwrite,246,23457,5640,0,504,177,1,-2,0,0
zram,readwrite,247,25747,5765,0,503,169,1,-2,0,0
zram,readwrite,248,21063,6502,0,611,194,1,-2,0,0
zram,readwrite,249,26067,8201,0,578,204,1,-2,0,0
zram,readwrite,250,30240,8155,0,620,244,1,-2,0,0
zram,readwrite,251,31251,8006,0,598,202,1,-2,0,0
zram,readwrite,252,26582,8008,0,579,221,1,-2,0,0
zram,readwrite,253,29576,8049,0,575,228,1,-2,0,0
zram,readwrite,254,26444,7670,0,617,241,1,-2,0,0
zram,readwrite,255,23885,5592,0,492,170,1,-2,0,0
zram,readwrite,256,23124,5521,0,489,178,1,-2,0,0
zram,readwrite,257,30468,7983,0,615,216,1,-2,0,0
zram,readwrite,258,31611,8446,0,837,242,1,-2,0,0
zram,readwrite,259,30400,8069,0,674,246,1,-2,0,0
zram,readwrite,260,25029,5677,0,486,168,1,-2,0,0
zram,readwrite,261,14975,4199,0,483,169,1,-2,0,0
zram,readwrite,262,15883,4440,0,487,168,1,-2,0,0
zram,readwrite,263,30668,8480,0,575,218,1,-2,0,0
zram,readwrite,264,27951,6242,0,603,220,1,-2,0,0
zram,readwrite,265,21781,5567,0,488,168,1,-2,0,0
zram,readwrite,266,26880,5719,0,490,167,1,-2,0,0
zram,readwrite,267,34533,8656,0,617,220,1,-2,0,0
zram,readwrite,268,21825,5646,0,489,178,1,-2,0,0
zram,readwrite,269,23337,5636,0,503,167,1,-2,0,0
zram,readwrite,270,24438,5681,0,505,167,1,-2,0,0
zram,readwrite,271,51306,8090,0,626,191,1,-2,0,0
zram,readwrite,272,19394,5553,0,497,168,1,-2,0,0
zram,readwrite,273,24712,5681,0,503,169,1,-2,0,0
zram,readwrite,274,25374,7238,0,600,230,1,-2,0,0
zram,readwrite,275,17712,5888,0,586,216,1,-2,0,0
zram,readwrite,276,23190,6927,0,646,243,1,-2,0,0
zram,readwrite,277,28753,7878,0,618,203,1,-2,0,0
zram,readwrite,278,33221,8254,0,659,258,1,-2,0,0
zram,readwrite,279,24143,5641,0,486,169,1,-2,0,0
zram,readwrite,280,30888,7891,0,571,226,1,-2,0,0
zram,readwrite,281,29653,6246,0,508,179,1,-2,0,0
zram,readwrite,282,28566,8236,0,721,203,1,-2,0,0
zram,readwrite,283,26842,7177,0,578,239,1,-2,0,0
zram,readwrite,284,29813,7735,0,596,241,1,-2,0,0
zram,readwrite,285,62094,10317,0,531,177,1,-2,0,0
zram,readwrite,286,28898,5984,0,490,176,1,-2,0,0
zram,readwrite,287,17884,5104,0,490,168,1,-2,0,0
zram,readwrite,288,18950,5128,0,491,160,1,-2,0,0
zram,readwrite,289,22644,5442,0,494,180,1,-2,0,0
zram,readwrite,290,17422,5101,0,489,170,1,-2,0,0
zram,readwrite,291,18976,5238,0,499,170,1,-2,0,0
zram,readwrite,292,16046,4701,0,488,168,1,-2,0,0
zram,readwrite,293,20862,5321,0,493,159,1,-2,0,0
zram,readwrite,294,22012,5409,0,493,169,1,-2,0,0
zram,readwrite,295,17535,5060,0,492,160,1,-2,0,0
zram,readwrite,296,23553,7517,0,592,185,1,-2,0,0
zram,readwrite,297,17838,4950,0,493,177,1,-2,0,0
zram,readwrite,298,22082,7553,0,653,189,1,-2,0,0
zram,readwrite,299,19821,5169,0,491,170,1,-2,0,0
zram,readwrite,300,18124,5279,0,491,168,1,-2,0,0
zram,readwrite,301,14095,4194,0,490,158,1,-2,0,0
zram,readwrite,302,15871,4576,0,490,167,1,-2,0,0
zram,readwrite,303,12407,3848,0,491,158,1,-2,0,0
zram,readwrite,304,14477,4114,0,488,168,1,-2,0,0
zram,readwrite,305,13464,4206,0,488,168,1,-2,0,0
zram,readwrite,306,14027,4047,0,487,168,1,-2,0,0
zram,readwrite,307,15194,4437,0,493,168,1,-2,0,0
zram,readwrite,308,37695,4947,0,507,169,1,-2,0,0
zram,readwrite,309,15050,4420,0,488,168,1,-2,0,0
zram,readwrite,310,17323,5977,0,487,158,1,-2,0,0
zram,readwrite,311,17514,4829,0,493,168,1,-2,0,0
zram,readwrite,312,22065,5392,0,496,157,1,-2,0,0
zram,readwrite,313,20159,5340,0,496,168,1,-2,0,0
zram,readwrite,314,16065,4674,0,488,168,1,-2,0,0
zram,readwrite,315,19568,5364,0,505,159,1,-2,0,0
zram,readwrite,316,17298,4964,0,491,160,1,-2,0,0
zram,readwrite,317,19600,5238,0,492,172,1,-2,0,0
zram,readwrite,318,19802,5310,0,496,170,1,-2,0,0
zram,readwrite,319,17391,4978,0,493,168,1,-2,0,0
zram,readwrite,320,18511,5285,0,491,168,1,-2,0,0
zram,readwrite,321,21911,5532,0,504,169,1,-2,0,0
zram,readwrite,322,14535,4163,0,492,169,1,-2,0,0
zram,readwrite,323,19667,4187,0,510,170,1,-2,0,0
zram,readwrite,324,14520,4067,0,490,159,1,-2,0,0
zram,readwrite,325,13879,4097,0,512,158,1,-2,0,0
zram,readwrite,326,13948,4013,0,490,168,1,-2,0,0
zram,readwrite,327,13615,4063,0,493,168,1,-2,0,0
zram,readwrite,328,14059,4046,0,490,158,1,-2,0,0
zram,readwrite,329,14646,4192,0,492,168,1,-2,0,0
zram,readwrite,330,12547,3839,0,487,155,1,-2,0,0
zram,readwrite,331,13958,3976,0,493,168,1,-2,0,0
zram,readwrite,332,14044,4025,0,496,168,1,-2,0,0
zram,readwrite,333,14542,4000,0,494,168,1,-2,0,0
zram,readwrite,334,13775,4062,0,494,168,1,-2,0,0
zram,readwrite,335,18098,4905,0,493,167,1,-2,0,0
zram,readwrite,336,15034,4376,0,511,169,1,-2,0,0
zram,readwrite,337,14328,4137,0,487,168,1,-2,0,0
zram,readwrite,338,25442,5548,0,490,180,1,-2,0,0
zram,readwrite,339,16544,6630,0,743,192,1,-2,0,0
zram,readwrite,340,17926,13510,0,493,160,1,-2,0,0
zram,readwrite,341,16591,5360,0,489,180,1,-2,0,0
zram,readwrite,342,15868,4502,0,488,158,1,-2,0,0
zram,readwrite,343,16848,5272,0,511,159,1,-2,0,0
zram,readwrite,344,16646,4674,0,493,169,1,-2,0,0
zram,readwrite,345,18688,5080,0,489,159,1,-2,0,0
zram,readwrite,346,15804,39391,0,593,203,1,-2,0,0
zram,readwrite,347,16735,4727,0,495,171,1,-2,0,0
zram,readwrite,348,15318,4475,0,487,160,1,-2,0,0
zram,readwrite,349,34535,4987,0,491,169,1,-2,0,0
zram,readwrite,350,15211,4380,0,486,156,1,-2,0,0
zram,readwrite,351,16032,4595,0,491,168,1,-2,0,0
zram,readwrite,352,15655,4538,0,489,168,1,-2,0,0
zram,readwrite,353,14543,5814,0,589,168,1,-2,0,0
zram,readwrite,354,15539,4399,0,489,167,1,-2,0,0
zram,readwrite,355,15150,4301,0,492,161,1,-2,0,0
zram,readwrite,356,15530,4299,0,488,167,1,-2,0,0
zram,readwrite,357,21673,4423,0,513,169,1,-2,0,0
zram,readwrite,358,17329,4739,0,490,168,1,-2,0,0
zram,readwrite,359,14835,4367,0,490,168,1,-2,0,0
zram,readwrite,360,17504,4445,0,508,158,1,-2,0,0
zram,readwrite,361,14899,4289,0,490,169,1,-2,0,0
zram,readwrite,362,14819,4531,0,488,159,1,-2,0,0
zram,readwrite,363,13906,4126,0,491,169,1,-2,0,0
zram,readwrite,364,20829,4431,0,493,170,1,-2,0,0
zram,readwrite,365,17579,4760,0,490,182,1,-2,0,0
zram,readwrite,366,14934,4380,0,489,160,1,-2,0,0
zram,readwrite,367,19157,4755,0,521,169,1,-2,0,0
zram,readwrite,368,15399,4467,0,496,158,1,-2,0,0
zram,readwrite,369,14208,4172,0,491,168,1,-2,0,0
zram,readwrite,370,21383,4739,0,492,168,1,-2,0,0
zram,readwrite,371,16196,4556,0,492,168,1,-2,0,0
zram,readwrite,372,15607,4618,0,494,169,1,-2,0,0
zram,readwrite,373,14737,4351,0,495,159,1,-2,0,0
zram,readwrite,374,16855,4827,0,487,169,1,-2,0,0
zram,readwrite,375,14536,4428,0,490,159,1,-2,0,0
zram,readwrite,376,14857,4288,0,490,168,1,-2,0,0
zram,readwrite,377,14226,4109,0,490,170,1,-2,0,0
zram,readwrite,378,14800,4291,0,490,169,1,-2,0,0
zram,readwrite,379,15892,4550,0,494,168,1,-2,0,0
zram,readwrite,380,19376,4833,0,513,158,1,-2,0,0
zram,readwrite,381,24966,6183,0,567,184,1,-2,0,0
zram,readwrite,382,17242,5097,0,487,158,1,-2,0,0
zram,readwrite,383,65259,9912,0,537,179,1,-2,0,0
zram,readwrite,384,19860,5060,0,496,169,1,-2,0,0
zram,readwrite,385,14020,4216,0,497,158,1,-2,0,0
zram,readwrite,386,15083,4350,0,495,168,1,-2,0,0
zram,readwrite,387,14809,4265,0,496,168,1,-2,0,0
zram,readwrite,388,13482,33954,0,495,170,1,-2,0,0
zram,readwrite,389,22784,5488,0,502,160,1,-2,0,0
zram,readwrite,390,13819,4219,0,495,158,1,-2,0,0
zram,readwrite,391,39039,4731,0,496,168,1,-2,0,0
zram,readwrite,392,14115,4225,0,500,164,1,-2,0,0
zram,readwrite,393,15094,4365,0,497,168,1,-2,0,0
zram,readwrite,394,14741,4291,0,497,168,1,-2,0,0
zram,readwrite,395,15137,4324,0,495,170,1,-2,0,0
zram,readwrite,396,18026,4824,0,497,169,1,-2,0,0
zram,readwrite,397,13739,4052,0,498,158,1,-2,0,0
zram,readwrite,398,16685,6323,0,497,171,1,-2,0,0
zram,readwrite,399,14978,4365,0,500,171,1,-2,0,0
zram,readwrite,400,20812,4506,0,501,167,1,-2,0,0
zram,readwrite,401,16657,4461,0,497,168,1,-2,0,0
zram,readwrite,402,17084,5722,0,724,178,1,-2,0,0
zram,readwrite,403,21014,5582,0,499,169,1,-2,0,0
zram,readwrite,404,17574,5018,0,501,168,1,-2,0,0
zram,readwrite,405,12541,3838,0,496,159,1,-2,0,0
zram,readwrite,406,15387,4489,0,500,169,1,-2,0,0
zram,readwrite,407,14082,4062,0,537,169,1,-2,0,0
zram,readwrite,408,13281,4106,0,496,159,1,-2,0,0
zram,readwrite,409,14052,3917,0,496,168,1,-2,0,0
zram,readwrite,410,13937,4018,0,496,168,1,-2,0,0
zram,readwrite,411,17329,4295,0,497,157,1,-2,0,0
zram,readwrite,412,15097,4316,0,497,168,1,-2,0,0
zram,readwrite,413,12677,3854,0,495,159,1,-2,0,0
zram,readwrite,414,14585,4112,0,496,170,1,-2,0,0
zram,readwrite,415,14103,4174,0,497,170,1,-2,0,0
zram,readwrite,416,13884,4073,0,496,168,1,-2,0,0
zram,readwrite,417,16791,4701,0,496,168,1,-2,0,0
zram,readwrite,418,14495,4264,0,504,170,1,-2,0,0
zram,readwrite,419,13754,4152,0,527,168,1,-2,0,0
zram,readwrite,420,12453,3869,0,496,160,1,-2,0,0
zram,readwrite,421,14322,4226,0,498,168,1,-2,0,0
zram,readwrite,422,12324,3850,0,496,159,1,-2,0,0
zram,readwrite,423,14508,4168,0,501,169,1,-2,0,0
zram,readwrite,424,16699,4744,0,498,169,1,-2,0,0
zram,readwrite,425,14404,4163,0,501,169,1,-2,0,0
zram,readwrite,426,14012,4119,0,497,169,1,-2,0,0
zram,readwrite,427,17765,4997,0,497,158,1,-2,0,0
zram,readwrite,428,14903,4566,0,497,166,1,-2,0,0
zram,readwrite,429,12571,3888,0,495,158,1,-2,0,0
zram,readwrite,430,13970,4057,0,495,168,1,-2,0,0
zram,readwrite,431,14181,4086,0,518,168,1,-2,0,0
zram,readwrite,432,14592,4096,0,496,168,1,-2,0,0
zram,readwrite,433,13790,4307,0,518,169,1,-2,0,0
zram,readwrite,434,12894,3895,0,497,159,1,-2,0,0
zram,readwrite,435,20712,12501,0,548,183,1,-2,0,0
zram,readwrite,436,16420,4723,0,516,159,1,-2,0,0
zram,readwrite,437,14903,4309,0,496,170,1,-2,0,0
zram,readwrite,438,15742,4504,0,496,169,1,-2,0,0
zram,readwrite,439,14622,4293,0,514,168,1,-2,0,0
zram,readwrite,440,16388,4652,0,496,170,1,-2,0,0
zram,readwrite,441,17453,5023,0,497,168,1,-2,0,0
zram,readwrite,442,13955,4166,0,499,168,1,-2,0,0
zram,readwrite,443,12923,3968,0,496,159,1,-2,0,0
zram,readwrite,444,18315,6334,0,564,220,1,-2,0,0
zram,readwrite,445,13206,3940,0,500,159,1,-2,0,0
zram,readwrite,446,13858,4059,0,498,168,1,-2,0,0
zram,readwrite,447,13588,4039,0,497,169,1,-2,0,0
zram,readwrite,448,14261,4168,0,500,169,1,-2,0,0
zram,readwrite,449,13814,4038,0,498,168,1,-2,0,0
zram,readwrite,450,12565,3946,0,495,159,1,-2,0,0
zram,readwrite,451,26082,5670,0,498,160,1,-2,0,0
zram,readwrite,452,16231,4664,0,499,158,1,-2,0,0
zram,readwrite,453,20726,5182,0,498,169,1,-2,0,0
zram,readwrite,454,15034,4454,0,498,160,1,-2,0,0
zram,readwrite,455,15878,4492,0,496,168,1,-2,0,0
zram,readwrite,456,19998,5383,0,498,170,1,-2,0,0
zram,readwrite,457,22598,5567,0,509,159,1,-2,0,0
zram,readwrite,458,13401,4027,0,500,158,1,-2,0,0
zram,readwrite,459,17379,4779,0,506,167,1,-2,0,0
zram,readwrite,460,13058,4045,0,498,158,1,-2,0,0
zram,readwrite,461,42072,7007,0,693,184,1,-2,0,0
zram,readwrite,462,14343,4191,0,504,160,1,-2,0,0
zram,readwrite,463,16767,4710,0,496,168,1,-2,0,0
zram,readwrite,464,17473,4744,0,496,168,1,-2,0,0
zram,readwrite,465,13347,41250,0,652,216,1,-2,0,0
zram,readwrite,466,20942,5232,0,496,169,1,-2,0,0
zram,readwrite,467,13529,4060,0,497,160,1,-2,0,0
zram,readwrite,468,15410,4445,0,496,169,1,-2,0,0
zram,readwrite,469,13695,4478,0,577,224,1,-2,0,0
zram,readwrite,470,14616,4260,0,497,168,1,-2,0,0
zram,readwrite,471,14598,4320,0,496,169,1,-2,0,0
zram,readwrite,472,17706,4568,0,515,169,1,-2,0,0
zram,readwrite,473,14575,4263,0,498,167,1,-2,0,0
zram,readwrite,474,14464,5956,0,731,212,1,-2,0,0
zram,readwrite,475,19168,4936,0,499,169,1,-2,0,0
zram,readwrite,476,13516,4053,0,494,160,1,-2,0,0
zram,readwrite,477,14833,4326,0,496,168,1,-2,0,0
zram,readwrite,478,14760,5782,0,503,168,1,-2,0,0
zram,readwrite,479,63112,11627,0,586,166,1,-2,0,0
zram,readwrite,480,15976,4361,0,536,159,1,-2,0,0
zram,readwrite,481,15429,4477,0,497,168,1,-2,0,0
zram,readwrite,482,15625,4527,0,497,161,1,-2,0,0
zram,readwrite,483,38967,8159,0,566,212,1,-2,0,0
zram,readwrite,484,58865,6547,0,611,182,1,-2,0,0
zram,readwrite,485,20606,5749,0,588,210,1,-2,0,0
zram,readwrite,486,18394,5521,0,616,215,1,-2,0,0
zram,readwrite,487,25940,6190,0,593,224,1,-2,0,0
zram,readwrite,488,22047,5537,0,498,166,1,-2,0,0
zram,readwrite,489,18245,5301,0,505,169,1,-2,0,0
zram,readwrite,490,16887,4922,0,501,168,1,-2,0,0
zram,readwrite,491,15696,4589,0,497,169,1,-2,0,0
zram,readwrite,492,12674,3888,0,497,158,1,-2,0,0
zram,readwrite,493,14830,4332,0,498,168,1,-2,0,0
zram,readwrite,494,18170,6054,0,572,193,1,-2,0,0
zram,readwrite,495,15938,4630,0,503,168,1,-2,0,0
zram,readwrite,496,15183,4432,0,687,167,1,-2,0,0
zram,readwrite,497,14137,4107,0,501,168,1,-2,0,0
zram,readwrite,498,13870,4081,0,501,168,1,-2,0,0
zram,readwrite,499,12700,3810,0,500,159,1,-2,0,0
zram,readwrite,500,15056,4344,0,503,168,1,-2,0,0
zram,readwrite,501,12640,3856,0,507,159,1,-2,0,0
zram,readwrite,502,14127,4045,0,500,169,1,-2,0,0
zram,readwrite,503,13889,4131,0,503,168,1,-2,0,0
zram,readwrite,504,14151,4077,0,504,170,1,-2,0,0
zram,readwrite,505,13830,4202,0,501,168,1,-2,0,0
zram,readwrite,506,12541,3861,0,497,158,1,-2,0,0
zram,readwrite,507,15578,4447,0,500,168,1,-2,0,0
zram,readwrite,508,12516,3949,0,495,158,1,-2,0,0
zram,readwrite,509,18882,4905,0,497,169,1,-2,0,0
zram,readwrite,510,25799,7857,0,960,175,1,-2,0,0
zram,readwrite,511,19305,5790,0,594,215,1,-2,0,0
zram,readwrite,512,22798,6359,0,647,229,1,-2,0,0
zram,readwrite,513,17270,5617,0,582,237,1,-2,0,0
zram,readwrite,514,23542,6461,0,592,224,1,-2,0,0
zram,readwrite,515,21518,5333,0,558,222,1,-2,0,0
zram,readwrite,516,41881,6196,0,598,261,1,-2,0,0
zram,readwrite,517,16155,4433,0,498,158,1,-2,0,0
zram,readwrite,518,21443,5448,0,503,179,1,-2,0,0
zram,readwrite,519,12813,4934,0,500,169,1,-2,0,0
zram,readwrite,520,15582,4600,0,496,157,1,-2,0,0
zram,readwrite,521,12689,3874,0,496,159,1,-2,0,0
zram,readwrite,522,14882,4258,0,495,168,1,-2,0,0
zram,readwrite,523,12630,3886,0,495,158,1,-2,0,0
zram,readwrite,524,20837,4975,0,503,167,1,-2,0,0
zram,readwrite,525,15347,4653,0,496,169,1,-2,0,0
zram,readwrite,526,43793,4564,0,496,168,1,-2,0,0
zram,readwrite,527,14679,4162,0,496,168,1,-2,0,0
zram,readwrite,528,12526,3856,0,497,160,1,-2,0,0
zram,readwrite,529,14660,4230,0,495,168,1,-2,0,0
zram,readwrite,530,13287,3879,0,497,158,1,-2,0,0
zram,readwrite,531,13900,4848,0,503,168,1,-2,0,0
zram,readwrite,532,13404,3888,0,494,158,1,-2,0,0
zram,readwrite,533,13984,3979,0,497,169,1,-2,0,0
zram,readwrite,534,13761,4024,0,500,169,1,-2,0,0
zram,readwrite,535,12497,3839,0,496,160,1,-2,0,0
zram,readwrite,536,14923,4347,0,497,169,1,-2,0,0
zram,readwrite,537,12604,3970,0,496,160,1,-2,0,0
zram,readwrite,538,42208,6779,0,590,238,1,-2,0,0
zram,readwrite,539,15535,4508,0,494,160,1,-2,0,0
zram,readwrite,540,19964,6005,0,620,245,1,-2,0,0
zram,readwrite,541,25211,8001,0,556,230,1,-2,0,0
zram,readwrite,542,16848,5509,0,592,212,1,-2,0,0
zram,readwrite,543,20146,5927,0,588,184,1,-2,0,0
zram,readwrite,544,16943,5428,0,566,232,1,-2,0,0
zram,readwrite,545,27864,6064,0,562,180,1,-2,0,0
zram,readwrite,546,21324,5716,0,540,207,1,-2,0,0
zram,readwrite,547,18831,5223,0,501,169,1,-2,0,0
zram,readwrite,548,47521,6593,0,583,220,1,-2,0,0
zram,readwrite,549,15877,4630,0,500,168,1,-2,0,0
zram,readwrite,550,12619,3943,0,495,159,1,-2,0,0
zram,readwrite,551,14954,4334,0,499,168,1,-2,0,0
zram,readwrite,552,14440,4101,0,495,168,1,-2,0,0
zram,readwrite,553,16335,4783,0,496,168,1,-2,0,0
zram,readwrite,554,39596,4287,0,496,168,1,-2,0,0
zram,readwrite,555,15324,4457,0,501,168,1,-2,0,0
zram,readwrite,556,12572,3869,0,496,158,1,-2,0,0
zram,readwrite,557,14613,4277,0,498,168,1,-2,0,0
zram,readwrite,558,12570,3884,0,496,160,1,-2,0,0
zram,readwrite,559,13911,4023,0,496,168,1,-2,0,0
zram,readwrite,560,13705,3986,0,497,168,1,-2,0,0
zram,readwrite,561,20516,5549,0,501,169,1,-2,0,0
zram,readwrite,562,15744,4609,0,499,168,1,-2,0,0
zram,readwrite,563,12835,4018,0,504,159,1,-2,0,0
zram,readwrite,564,14927,4319,0,499,168,1,-2,0,0
zram,readwrite,565,12524,3919,0,494,158,1,-2,0,0
zram,readwrite,566,15585,4441,0,497,169,1,-2,0,0
zram,readwrite,567,19589,5957,0,617,234,1,-2,0,0
zram,readwrite,568,16277,4637,0,504,169,1,-2,0,0
zram,readwrite,569,21678,6096,0,924,188,1,-2,0,0
zram,readwrite,570,59154,6268,0,619,272,1,-2,0,0
zram,readwrite,571,20352,6251,0,613,264,1,-2,0,0
zram,readwrite,572,17965,5771,0,611,216,1,-2,0,0
zram,readwrite,573,19783,6114,0,645,243,1,-2,0,0
zram,readwrite,574,17972,5772,0,1154,229,1,-2,0,0
zram,readwrite,575,22014,6272,0,626,257,1,-2,0,0
zram,readwrite,576,59150,6851,0,611,238,1,-2,0,0
zram,readwrite,577,75923,13412,0,599,234,1,-2,0,0
zram,readwrite,578,36983,6283,0,501,169,1,-2,0,0
zram,readwrite,579,19250,6441,0,599,214,1,-2,0,0
zram,readwrite,580,14373,4259,0,499,159,1,-2,0,0
zram,readwrite,581,17169,4756,0,501,169,1,-2,0,0
zram,readwrite,582,14966,4272,0,500,159,1,-2,0,0
zram,readwrite,583,16502,4382,0,500,188,1,-2,0,0
zram,readwrite,584,19361,5167,0,499,158,1,-2,0,0
zram,readwrite,585,15647,4582,0,500,169,1,-2,0,0
zram,readwrite,586,16756,6489,0,521,164,1,-2,0,0
zram,readwrite,587,18268,4981,0,720,180,1,-2,0,0
zram,readwrite,588,14158,4172,0,506,159,1,-2,0,0
zram,readwrite,589,18465,5150,0,501,164,1,-2,0,0
zram,readwrite,590,14226,4324,0,497,156,1,-2,0,0
zram,readwrite,591,21183,6811,0,1721,181,1,-2,0,0
zram,readwrite,592,22856,6139,0,499,153,1,-2,0,0
zram,readwrite,593,16543,4629,0,496,166,1,-2,0,0
zram,readwrite,594,16426,4690,0,501,164,1,-2,0,0
zram,readwrite,595,26724,5978,0,500,155,1,-2,0,0
zram,readwrite,596,22488,6975,0,548,198,1,-2,0,0
zram,readwrite,597,22908,6582,0,572,206,1,-2,0,0
zram,readwrite,598,18521,5830,0,587,239,1,-2,0,0
zram,readwrite,599,22657,18450,0,698,236,1,-2,0,0
zram,readwrite,600,32349,6921,0,713,237,1,-2,0,0
zram,readwrite,601,28913,7035,0,605,210,1,-2,0,0
zram,readwrite,602,18524,5364,0,498,178,1,-2,0,0
zram,readwrite,603,16008,4605,0,496,177,1,-2,0,0
zram,readwrite,604,14095,4048,0,497,165,1,-2,0,0
zram,readwrite,605,15397,4571,0,495,166,1,-2,0,0
zram,readwrite,606,12557,3801,0,497,156,1,-2,0,0
zram,readwrite,607,15649,4527,0,504,166,1,-2,0,0
zram,readwrite,608,12488,3841,0,496,155,1,-2,0,0
zram,readwrite,609,15615,4454,0,498,167,1,-2,0,0
zram,readwrite,610,14011,4040,0,496,165,1,-2,0,0
zram,readwrite,611,13830,4106,0,518,165,1,-2,0,0
zram,readwrite,612,37065,4199,0,497,165,1,-2,0,0
zram,readwrite,613,13958,4025,0,498,164,1,-2,0,0
zram,readwrite,614,12600,3824,0,497,155,1,-2,0,0
zram,readwrite,615,14554,4237,0,499,165,1,-2,0,0
zram,readwrite,616,12612,3800,0,496,155,1,-2,0,0
zram,readwrite,617,24122,5479,0,500,155,1,-2,0,0
zram,readwrite,618,14612,4182,0,497,166,1,-2,0,0
zram,readwrite,619,13781,4275,0,498,166,1,-2,0,0
zram,readwrite,620,23937,6944,0,599,234,1,-2,0,0
zram,readwrite,621,32621,8179,0,640,209,1,-2,0,0
zram,readwrite,622,28514,7441,0,700,226,1,-2,0,0
zram,readwrite,623,21472,5430,0,497,168,1,-2,0,0
zram,readwrite,624,14463,5363,0,498,165,1,-2,0,0
zram,readwrite,625,16704,4701,0,499,167,1,-2,0,0
zram,readwrite,626,31302,15618,0,522,165,1,-2,0,0
zram,readwrite,627,15456,4368,0,500,164,1,-2,0,0
zram,readwrite,628,21245,4434,0,497,155,1,-2,0,0
zram,readwrite,629,19756,5289,0,497,164,1,-2,0,0
zram,readwrite,630,13448,3900,0,500,154,1,-2,0,0
zram,readwrite,631,22552,5534,0,498,154,1,-2,0,0
zram,readwrite,632,14301,4200,0,497,164,1,-2,0,0
zram,readwrite,633,15893,4628,0,497,156,1,-2,0,0
zram,readwrite,634,15597,4501,0,498,165,1,-2,0,0
zram,readwrite,635,15237,4369,0,500,165,1,-2,0,0
zram,readwrite,636,12839,3898,0,497,154,1,-2,0,0
zram,readwrite,637,16291,4708,0,500,164,1,-2,0,0
zram,readwrite,638,21435,5386,0,497,165,1,-2,0,0
zram,readwrite,639,32395,7424,0,620,211,1,-2,0,0
zram,readwrite,640,35975,9142,0,620,235,1,-2,0,0
zram,readwrite,641,22793,5700,0,516,176,1,-2,0,0
zram,readwrite,642,55074,5527,0,501,178,1,-2,0,0
zram,readwrite,643,16444,4801,0,502,179,1,-2,0,0
zram,readwrite,644,87282,5588,0,498,176,1,-2,0,0
zram,readwrite,645,15898,4543,0,496,166,1,-2,0,0
zram,readwrite,646,16400,4712,0,501,164,1,-2,0,0
zram,readwrite,647,17473,4815,0,501,165,1,-2,0,0
zram,readwrite,648,14861,4268,0,504,165,1,-2,0,0
zram,readwrite,649,20084,5421,0,501,165,1,-2,0,0
zram,readwrite,650,17226,4914,0,496,164,1,-2,0,0
zram,readwrite,651,12857,3816,0,496,155,1,-2,0,0
zram,readwrite,652,17857,4816,0,499,167,1,-2,0,0
zram,readwrite,653,14289,4105,0,500,165,1,-2,0,0
zram,readwrite,654,15876,4518,0,517,164,1,-2,0,0
zram,readwrite,655,16298,4571,0,505,164,1,-2,0,0
zram,readwrite,656,14160,4235,0,499,165,1,-2,0,0
zram,readwrite,657,15480,4446,0,496,166,1,-2,0,0
zram,readwrite,658,15991,4547,0,497,166,1,-2,0,0
zram,readwrite,659,14158,4164,0,496,164,1,-2,0,0
zram,readwrite,660,35378,7611,0,621,184,1,-2,0,0
zram,readwrite,661,18535,5161,0,507,164,1,-2,0,0
zram,readwrite,662,20173,5414,0,500,163,1,-2,0,0
zram,readwrite,663,16183,4728,0,520,166,1,-2,0,0
zram,readwrite,664,14751,4351,0,505,168,1,-2,0,0
zram,readwrite,665,14607,4305,0,497,169,1,-2,0,0
zram,readwrite,666,14143,4193,0,501,168,1,-2,0,0
zram,readwrite,667,15402,4446,0,506,168,1,-2,0,0
zram,readwrite,668,44622,5740,0,502,169,1,-2,0,0
zram,readwrite,669,28546,6517,0,599,222,1,-2,0,0
zram,readwrite,670,40912,4980,0,520,168,1,-2,0,0
zram,readwrite,671,13654,4034,0,503,158,1,-2,0,0
zram,readwrite,672,15090,4311,0,499,168,1,-2,0,0
zram,readwrite,673,15544,4377,0,500,169,1,-2,0,0
zram,readwrite,674,14148,4130,0,499,168,1,-2,0,0
zram,readwrite,675,14510,4239,0,499,167,1,-2,0,0
zram,readwrite,676,22392,5976,0,675,182,1,-2,0,0
zram,readwrite,677,17495,4774,0,508,160,1,-2,0,0
zram,readwrite,678,14821,4310,0,503,167,1,-2,0,0
zram,readwrite,679,62460,10385,0,547,169,1,-2,0,0
zram,readwrite,680,17568,4538,0,472,167,1,-2,0,0
zram,readwrite,681,18768,5149,0,472,169,1,-2,0,0
zram,readwrite,682,16025,4628,0,471,159,1,-2,0,0
zram,readwrite,683,15422,4379,0,470,168,1,-2,0,0
zram,readwrite,684,22117,7076,0,531,172,1,-2,0,0
zram,readwrite,685,17591,4774,0,486,167,1,-2,0,0
zram,readwrite,686,13519,4199,0,487,158,1,-2,0,0
zram,readwrite,687,16258,4728,0,486,168,1,-2,0,0
zram,readwrite,688,18948,4791,0,477,169,1,-2,0,0
zram,readwrite,689,13825,4106,0,468,160,1,-2,0,0
zram,readwrite,690,14947,4383,0,484,168,1,-2,0,0
zram,readwrite,691,14860,4331,0,507,168,1,-2,0,0
zram,readwrite,692,14865,4373,0,468,168,1,-2,0,0
zram,readwrite,693,14629,4278,0,468,168,1,-2,0,0
zram,readwrite,694,13427,4076,0,470,158,1,-2,0,0
zram,readwrite,695,17207,4906,0,490,168,1,-2,0,0
zram,readwrite,696,13285,4099,0,468,159,1,-2,0,0
zram,readwrite,697,14903,4236,0,470,168,1,-2,0,0
zram,readwrite,698,14873,4319,0,505,168,1,-2,0,0
zram,readwrite,699,14862,4453,0,485,169,1,-2,0,0
zram,readwrite,700,14612,4249,0,491,168,1,-2,0,0
zram,readwrite,701,13610,5640,0,511,416,1,-2,0,0
zram,readwrite,702,15090,4368,0,485,165,1,-2,0,0
zram,readwrite,703,13655,4025,0,468,158,1,-2,0,0
zram,readwrite,704,22088,4700,0,470,168,1,-2,0,0
zram,readwrite,705,24211,5470,0,484,168,1,-2,0,0
zram,readwrite,706,15533,4589,0,470,157,1,-2,0,0
zram,readwrite,707,15830,4416,0,481,168,1,-2,0,0
zram,readwrite,708,13482,3980,0,488,158,1,-2,0,0
zram,readwrite,709,18568,4609,0,470,168,1,-2,0,0
zram,readwrite,710,13460,4115,0,472,160,1,-2,0,0
zram,readwrite,711,15824,4459,0,474,168,1,-2,0,0
zram,readwrite,712,15251,4343,0,468,168,1,-2,0,0
zram,readwrite,713,14955,4288,0,487,170,1,-2,0,0
zram,readwrite,714,24120,4708,0,473,159,1,-2,0,0
zram,readwrite,715,24747,5668,0,486,157,1,-2,0,0
zram,readwrite,716,19052,5159,0,471,164,1,-2,0,0
zram,readwrite,717,12720,3904,0,486,159,1,-2,0,0
zram,readwrite,718,14592,4039,0,470,168,1,-2,0,0
zram,readwrite,719,13675,10203,0,489,168,1,-2,0,0
zram,readwrite,720,18699,6270,0,586,185,1,-2,0,0
zram,readwrite,721,16179,4515,0,488,168,1,-2,0,0
zram,readwrite,722,12900,3919,0,486,160,1,-2,0,0
zram,readwrite,723,14430,4147,0,486,169,1,-2,0,0
zram,readwrite,724,13865,3921,0,475,167,1,-2,0,0
zram,readwrite,725,30659,4271,0,471,169,1,-2,0,0
zram,readwrite,726,12949,3819,0,482,158,1,-2,0,0
zram,readwrite,727,14656,4106,0,474,168,1,-2,0,0
zram,readwrite,728,15065,4258,0,493,168,1,-2,0,0
zram,readwrite,729,15573,4496,0,486,157,1,-2,0,0
zram,readwrite,730,13605,4030,0,489,160,1,-2,0,0
zram,readwrite,731,21502,5394,0,470,159,1,-2,0,0
zram,readwrite,732,16582,4839,0,472,159,1,-2,0,0
zram,readwrite,733,19060,5259,0,480,158,1,-2,0,0
zram,readwrite,734,17113,4833,0,471,160,1,-2,0,0
zram,readwrite,735,18146,4937,0,485,168,1,-2,0,0
zram,readwrite,736,15320,4548,0,595,197,1,-2,0,0
zram,readwrite,737,16506,4711,0,473,158,1,-2,0,0
zram,readwrite,738,16113,4375,0,472,159,1,-2,0,0
zram,readwrite,739,15941,4564,0,472,168,1,-2,0,0
zram,readwrite,740,18488,4736,0,491,157,1,-2,0,0
zram,readwrite,741,16854,4642,0,476,158,1,-2,0,0
zram,readwrite,742,15252,4439,0,472,159,1,-2,0,0
zram,readwrite,743,18136,4895,0,474,158,1,-2,0,0
zram,readwrite,744,13654,4111,0,473,159,1,-2,0,0
zram,readwrite,745,15632,4483,0,485,169,1,-2,0,0
zram,readwrite,746,16564,4359,0,491,172,1,-2,0,0
zram,readwrite,747,14585,4220,0,18950,170,1,-2,0,0
zram,readwrite,748,14282,4371,0,483,158,1,-2,0,0
zram,readwrite,749,15960,4467,0,469,157,1,-2,0,0
zram,readwrite,750,37634,4894,0,469,168,1,-2,0,0
zram,readwrite,751,15073,4326,0,470,159,1,-2,0,0
zram,readwrite,752,13489,4115,0,480,159,1,-2,0,0
zram,readwrite,753,15330,4925,0,559,198,1,-2,0,0
zram,readwrite,754,15309,4396,0,485,168,1,-2,0,0
zram,readwrite,755,17229,4804,0,487,158,1,-2,0,0
zram,readwrite,756,16187,4700,0,473,168,1,-2,0,0
zram,readwrite,757,15327,4362,0,474,168,1,-2,0,0
zram,readwrite,758,15185,4540,0,472,158,1,-2,0,0
zram,readwrite,759,15045,4347,0,490,169,1,-2,0,0
zram,readwrite,760,16872,4724,0,486,159,1,-2,0,0
zram,readwrite,761,15522,4502,0,485,168,1,-2,0,0
zram,readwrite,762,18396,4615,0,485,159,1,-2,0,0
zram,readwrite,763,15183,4444,0,493,159,1,-2,0,0
zram,readwrite,764,22927,5321,0,476,159,1,-2,0,0
zram,readwrite,765,22869,5438,0,469,167,1,-2,0,0
zram,readwrite,766,17607,5293,0,469,160,1,-2,0,0
zram,readwrite,767,20419,5305,0,487,168,1,-2,0,0
zram,readwrite,768,15409,4462,0,486,158,1,-2,0,0
zram,readwrite,769,64138,6258,0,560,223,1,-2,0,0
zram,readwrite,770,17530,4800,0,472,158,1,-2,0,0
zram,readwrite,771,16651,4624,0,470,156,1,-2,0,0
zram,readwrite,772,16270,6188,0,471,159,1,-2,0,0
zram,readwrite,773,18285,4978,0,486,169,1,-2,0,0
zram,readwrite,774,16245,4687,0,488,168,1,-2,0,0
zram,readwrite,775,14918,4387,0,486,168,1,-2,0,0
zram,readwrite,776,16739,4548,0,474,159,1,-2,0,0
zram,readwrite,777,15429,4462,0,476,168,1,-2,0,0
zram,readwrite,778,60678,9662,0,527,167,1,-2,0,0
zram,readwrite,779,18496,5102,0,483,168,1,-2,0,0
zram,readwrite,780,26860,16049,0,590,220,1,-2,0,0
zram,readwrite,781,28552,5387,0,488,158,1,-2,0,0
zram,readwrite,782,14077,4333,0,486,159,1,-2,0,0
zram,readwrite,783,17189,4826,0,488,169,1,-2,0,0
zram,readwrite,784,14133,4367,0,484,159,1,-2,0,0
zram,readwrite,785,14691,4026,0,483,168,1,-2,0,0
zram,readwrite,786,13883,4132,0,486,171,1,-2,0,0
zram,readwrite,787,14224,4125,0,486,168,1,-2,0,0
zram,readwrite,788,13793,4022,0,506,168,1,-2,0,0
zram,readwrite,789,12553,3992,0,488,159,1,-2,0,0
zram,readwrite,790,15745,4500,0,486,168,1,-2,0,0
zram,readwrite,791,14083,4020,0,487,169,1,-2,0,0
zram,readwrite,792,13763,4077,0,507,168,1,-2,0,0
zram,readwrite,793,13945,4137,0,486,168,1,-2,0,0
zram,readwrite,794,15624,4473,0,486,168,1,-2,0,0
zram,readwrite,795,12115,3747,0,487,161,1,-2,0,0
zram,readwrite,796,11972,3694,0,485,157,1,-2,0,0
zram,readwrite,797,11869,3739,0,483,158,1,-2,0,0
zram,readwrite,798,14365,5117,0,663,205,1,-2,0,0
zram,readwrite,799,19301,4809,0,490,317,1,-2,0,0
zram,readwrite,800,27904,7118,0,548,231,1,-2,0,0
zram,readwrite,801,18301,5550,0,592,246,1,-2,0,0
zram,readwrite,802,29598,6962,0,568,181,1,-2,0,0
zram,readwrite,803,41363,6427,0,592,235,1,-2,0,0
zram,readwrite,804,18009,5241,0,592,234,1,-2,0,0
zram,readwrite,805,18818,5643,0,565,231,1,-2,0,0
zram,readwrite,806,22308,6320,0,581,184,1,-2,0,0
zram,readwrite,807,16358,4612,0,492,159,1,-2,0,0
zram,readwrite,808,16918,4744,0,487,169,1,-2,0,0
zram,readwrite,809,14800,4305,0,489,169,1,-2,0,0
zram,readwrite,810,12691,3867,0,486,159,1,-2,0,0
zram,readwrite,811,13846,4093,0,489,169,1,-2,0,0
zram,readwrite,812,20618,4212,0,488,169,1,-2,0,0
zram,readwrite,813,13895,3957,0,486,169,1,-2,0,0
zram,readwrite,814,19619,4119,0,507,171,1,-2,0,0
zram,readwrite,815,14575,4210,0,485,169,1,-2,0,0
zram,readwrite,816,13848,4172,0,490,169,1,-2,0,0
zram,readwrite,817,13945,4046,0,490,168,1,-2,0,0
zram,readwrite,818,13582,3959,0,486,168,1,-2,0,0
zram,readwrite,819,12366,3818,0,490,159,1,-2,0,0
zram,readwrite,820,14151,4111,0,486,169,1,-2,0,0
zram,readwrite,821,12475,3802,0,486,160,1,-2,0,0
zram,readwrite,822,13634,4033,0,486,169,1,-2,0,0
zram,readwrite,823,17284,4839,0,490,169,1,-2,0,0
zram,readwrite,824,15026,4315,0,487,169,1,-2,0,0
zram,readwrite,825,20954,7082,0,613,230,1,-2,0,0
zram,readwrite,826,19950,6142,0,556,172,1,-2,0,0
zram,readwrite,827,26787,6878,0,656,227,1,-2,0,0
zram,readwrite,828,44401,7352,0,798,177,1,-2,0,0
zram,readwrite,829,20952,5988,0,534,189,1,-2,0,0
zram,readwrite,830,18076,5853,0,550,223,1,-2,0,0
zram,readwrite,831,21940,6823,0,854,233,1,-2,0,0
zram,readwrite,832,65814,7452,0,573,218,1,-2,0,0
zram,readwrite,833,16424,4678,0,486,159,1,-2,0,0
zram,readwrite,834,12670,3837,0,489,160,1,-2,0,0
zram,readwrite,835,15777,4532,0,489,169,1,-2,0,0
zram,readwrite,836,16793,4771,0,485,167,1,-2,0,0
zram,readwrite,837,19019,5189,0,506,158,1,-2,0,0
zram,readwrite,838,14305,4161,0,483,166,1,-2,0,0
zram,readwrite,839,14069,4114,0,486,167,1,-2,0,0
zram,readwrite,840,15775,4497,0,486,168,1,-2,0,0
zram,readwrite,841,12530,3859,0,483,158,1,-2,0,0
zram,readwrite,842,14461,4254,0,485,168,1,-2,0,0
zram,readwrite,843,12525,3877,0,487,159,1,-2,0,0
zram,readwrite,844,14027,4077,0,485,168,1,-2,0,0
zram,readwrite,845,13829,4151,0,484,168,1,-2,0,0
zram,readwrite,846,14047,4132,0,484,169,1,-2,0,0
zram,readwrite,847,13813,4050,0,485,168,1,-2,0,0
zram,readwrite,848,12676,3879,0,486,160,1,-2,0,0
zram,readwrite,849,15119,4280,0,485,168,1,-2,0,0
zram,readwrite,850,17414,4759,0,486,158,1,-2,0,0
zram,readwrite,851,14212,4045,0,483,168,1,-2,0,0
zram,readwrite,852,19500,4192,0,485,168,1,-2,0,0
zram,readwrite,853,20060,6155,0,598,230,1,-2,0,0
zram,readwrite,854,21144,5209,0,486,168,1,-2,0,0
zram,readwrite,855,15714,4551,0,492,157,1,-2,0,0
zram,readwrite,856,15859,4564,0,484,167,1,-2,0,0
zram,readwrite,857,16760,4837,0,489,158,1,-2,0,0
zram,readwrite,858,15404,4377,0,491,170,1,-2,0,0
zram,readwrite,859,12500,3860,0,490,159,1,-2,0,0
zram,readwrite,860,15107,4507,0,485,168,1,-2,0,0
zram,readwrite,861,14861,4412,0,7527,169,1,-2,0,0
zram,readwrite,862,16534,4773,0,484,160,1,-2,0,0
zram,readwrite,863,19877,4655,0,483,157,1,-2,0,0
zram,readwrite,864,14538,4385,0,483,157,1,-2,0,0
zram,readwrite,865,15582,4529,0,484,159,1,-2,0,0
zram,readwrite,866,13818,4286,0,484,158,1,-2,0,0
zram,readwrite,867,16138,4696,0,511,168,1,-2,0,0
zram,readwrite,868,14991,4476,0,486,168,1,-2,0,0
zram,readwrite,869,26610,4666,0,486,168,1,-2,0,0
zram,readwrite,870,13506,4216,0,483,158,1,-2,0,0
zram,readwrite,871,15492,4522,0,484,168,1,-2,0,0
zram,readwrite,872,13482,4141,0,482,158,1,-2,0,0
zram,readwrite,873,14871,4361,0,483,168,1,-2,0,0
zram,readwrite,874,14695,10590,0,491,169,1,-2,0,0
zram,readwrite,875,82253,12368,0,688,243,1,-2,0,0
zram,readwrite,876,68280,7986,0,608,216,1,-2,0,0
zram,readwrite,877,28967,7715,0,677,205,1,-2,0,0
zram,readwrite,878,22631,6848,0,606,238,1,-2,0,0
zram,readwrite,879,22224,6818,0,599,245,1,-2,0,0
zram,readwrite,880,24048,6970,0,588,224,1,-2,0,0
zram,readwrite,881,26031,7192,0,592,231,1,-2,0,0
zram,readwrite,882,31975,7866,0,646,224,1,-2,0,0
zram,readwrite,883,30745,7658,0,597,236,1,-2,0,0
zram,readwrite,884,17081,5678,0,577,214,1,-2,0,0
zram,readwrite,885,19734,5978,0,585,228,1,-2,0,0
zram,readwrite,886,20214,6007,0,602,212,1,-2,0,0
zram,readwrite,887,17967,5643,0,606,226,1,-2,0,0
zram,readwrite,888,18746,5892,0,586,253,1,-2,0,0
zram,readwrite,889,16531,34945,0,903,236,1,-2,0,0
zram,readwrite,890,30118,6867,0,575,189,1,-2,0,0
zram,readwrite,891,20920,6522,0,608,224,1,-2,0,0
zram,readwrite,892,24764,7520,0,602,238,1,-2,0,0
zram,readwrite,893,22392,6880,0,584,248,1,-2,0,0
zram,readwrite,894,19251,6160,0,599,241,1,-2,0,0
zram,readwrite,895,19046,6128,0,614,237,1,-2,0,0
zram,readwrite,896,17930,5631,0,595,210,1,-2,0,0
zram,readwrite,897,20450,6398,0,600,217,1,-2,0,0
zram,readwrite,898,17277,5728,0,570,216,1,-2,0,0
zram,readwrite,899,29870,7612,0,597,227,1,-2,0,0
zram,readwrite,900,30125,7601,0,656,250,1,-2,0,0
zram,readwrite,901,33792,8502,0,618,216,1,-2,0,0
zram,readwrite,902,32617,9606,0,554,199,1,-2,0,0
zram,readwrite,903,18894,5407,0,593,229,1,-2,0,0
zram,readwrite,904,25055,7050,0,660,192,1,-2,0,0
zram,readwrite,905,22644,7376,0,602,222,1,-2,0,0
zram,readwrite,906,28043,7406,0,593,248,1,-2,0,0
zram,readwrite,907,22699,5525,0,496,169,1,-2,0,0
zram,readwrite,908,14671,4279,0,488,169,1,-2,0,0
zram,readwrite,909,13741,4139,0,491,169,1,-2,0,0
zram,readwrite,910,12434,3807,0,475,158,1,-2,0,0
zram,readwrite,911,14605,4266,0,489,170,1,-2,0,0
zram,readwrite,912,12518,3911,0,476,159,1,-2,0,0
zram,readwrite,913,14527,26333,0,476,169,1,-2,0,0
zram,readwrite,914,28489,7756,0,573,212,1,-2,0,0
zram,readwrite,915,16523,4793,0,491,172,1,-2,0,0
zram,readwrite,916,15547,4469,0,478,168,1,-2,0,0
zram,readwrite,917,13380,3909,0,477,158,1,-2,0,0
zram,readwrite,918,14456,4233,0,491,167,1,-2,0,0
zram,readwrite,919,14583,4347,0,477,159,1,-2,0,0
zram,readwrite,920,14291,4045,0,477,168,1,-2,0,0
zram,readwrite,921,14293,4007,0,475,169,1,-2,0,0
zram,readwrite,922,29699,7719,0,546,223,1,-2,0,0
zram,readwrite,923,27022,56140,0,587,206,1,-2,0,0
zram,readwrite,924,23369,7272,0,600,216,1,-2,0,0
zram,readwrite,925,25588,7384,0,597,178,1,-2,0,0
zram,readwrite,926,27640,7237,0,609,233,1,-2,0,0
zram,readwrite,927,22863,6761,0,582,223,1,-2,0,0
zram,readwrite,928,25498,7143,0,621,169,1,-2,0,0
zram,readwrite,929,22925,6631,0,519,216,1,-2,0,0
zram,readwrite,930,19313,6247,0,603,238,1,-2,0,0
zram,readwrite,931,25695,6739,0,534,174,1,-2,0,0
zram,readwrite,932,27199,7029,0,564,187,1,-2,0,0
zram,readwrite,933,40906,7164,0,516,181,1,-2,0,0
zram,readwrite,934,30410,8113,0,616,211,1,-2,0,0
zram,readwrite,935,28324,7337,0,502,171,1,-2,0,0
zram,readwrite,936,19267,5213,0,477,168,1,-2,0,0
zram,readwrite,937,14222,4132,0,478,167,1,-2,0,0
zram,readwrite,938,15342,11619,0,492,168,1,-2,0,0
zram,readwrite,939,14829,4313,0,478,168,1,-2,0,0
zram,readwrite,940,15592,4557,0,479,168,1,-2,0,0
zram,readwrite,941,12760,3806,0,479,158,1,-2,0,0
zram,readwrite,942,14572,4205,0,480,167,1,-2,0,0
zram,readwrite,943,14153,4259,0,475,157,1,-2,0,0
zram,readwrite,944,14943,4180,0,477,167,1,-2,0,0
zram,readwrite,945,27276,4732,0,513,169,1,-2,0,0
zram,readwrite,946,14204,4043,0,498,167,1,-2,0,0
zram,readwrite,947,14016,4025,0,478,168,1,-2,0,0
zram,readwrite,948,12976,3917,0,480,159,1,-2,0,0
zram,readwrite,949,24603,6094,0,490,162,1,-2,0,0
zram,readwrite,950,17094,4895,0,478,171,1,-2,0,0
zram,readwrite,951,12614,3832,0,493,158,1,-2,0,0
zram,readwrite,952,15512,4448,0,490,168,1,-2,0,0
zram,readwrite,953,14169,4267,0,474,159,1,-2,0,0
zram,readwrite,954,14182,4142,0,491,170,1,-2,0,0
zram,readwrite,955,15449,4424,0,476,169,1,-2,0,0
zram,readwrite,956,15284,4425,0,480,168,1,-2,0,0
zram,readwrite,957,20400,4206,0,477,167,1,-2,0,0
zram,readwrite,958,14285,4096,0,476,168,1,-2,0,0
zram,readwrite,959,15246,4377,0,475,168,1,-2,0,0
zram,readwrite,960,17119,4749,0,481,169,1,-2,0,0
zram,readwrite,961,14320,5843,0,573,185,1,-2,0,0
zram,readwrite,962,19736,5171,0,493,168,1,-2,0,0
zram,readwrite,963,12854,3875,0,491,157,1,-2,0,0
zram,readwrite,964,33296,4535,0,480,167,1,-2,0,0
zram,readwrite,965,13161,3890,0,493,159,1,-2,0,0
zram,readwrite,966,14621,4159,0,493,167,1,-2,0,0
zram,readwrite,967,12555,3794,0,491,157,1,-2,0,0
zram,readwrite,968,15548,4414,0,479,168,1,-2,0,0
zram,readwrite,969,14107,4716,0,483,170,1,-2,0,0
zram,readwrite,970,13341,3883,0,478,162,1,-2,0,0
zram,readwrite,971,14022,4199,0,477,167,1,-2,0,0
zram,readwrite,972,20286,4247,0,499,168,1,-2,0,0
zram,readwrite,973,14163,4012,0,481,168,1,-2,0,0
zram,readwrite,974,14045,4112,0,476,168,1,-2,0,0
zram,readwrite,975,14827,4238,0,474,169,1,-2,0,0
zram,readwrite,976,16064,4571,0,491,168,1,-2,0,0
zram,readwrite,977,15906,4537,0,476,168,1,-2,0,0
zram,readwrite,978,13955,4120,0,493,167,1,-2,0,0
zram,readwrite,979,62144,9732,0,525,167,1,-2,0,0
zram,readwrite,980,15912,4429,0,514,158,1,-2,0,0
zram,readwrite,981,15527,4416,0,513,168,1,-2,0,0
zram,readwrite,982,12780,3886,0,517,159,1,-2,0,0
zram,readwrite,983,14033,4127,0,518,169,1,-2,0,0
zram,readwrite,984,14061,4229,0,532,167,1,-2,0,0
zram,readwrite,985,14557,4266,0,512,169,1,-2,0,0
zram,readwrite,986,15522,4494,0,514,168,1,-2,0,0
zram,readwrite,987,18846,6074,0,574,201,1,-2,0,0
zram,readwrite,988,17758,4721,0,490,169,1,-2,0,0
zram,readwrite,989,14380,4195,0,494,168,1,-2,0,0
zram,readwrite,990,20580,4249,0,512,168,1,-2,0,0
zram,readwrite,991,14567,4119,0,493,167,1,-2,0,0
zram,readwrite,992,14043,4315,0,515,168,1,-2,0,0
zram,readwrite,993,12492,3883,0,496,159,1,-2,0,0
zram,readwrite,994,14438,4237,0,492,168,1,-2,0,0
zram,readwrite,995,12505,3824,0,492,159,1,-2,0,0
zram,readwrite,996,14420,4119,0,492,167,1,-2,0,0
zram,readwrite,997,17287,4822,0,498,160,1,-2,0,0
zram,readwrite,998,25896,5735,0,497,160,1,-2,0,0
zram,readwrite,999,14038,4094,0,514,170,1,-2,0,0
zram,readrepeat,0,48744,15956,154,0,0,1,-2,0,-999
zram,readrepeat,1,18683,5462,153,0,0,1,-2,0,-999
zram,readrepeat,2,16586,4750,154,0,0,1,-2,0,-999
zram,readrepeat,3,16709,4797,153,0,0,1,-2,0,-999
zram,readrepeat,4,27309,6325,153,0,0,1,-2,0,-999
zram,readrepeat,5,18136,4943,154,0,0,1,-2,0,-999
zram,readrepeat,6,17658,4870,153,0,0,1,-2,0,-999
zram,readrepeat,7,22070,11158,152,0,0,1,-2,0,-999
zram,readrepeat,8,17149,4784,153,0,0,1,-2,0,-999
zram,readrepeat,9,16229,4765,153,0,0,1,-2,0,-999
zram,readrepeat,10,22983,4985,154,0,0,1,-2,0,-999
zram,readrepeat,11,17107,5120,154,0,0,1,-2,0,-999
zram,readrepeat,12,15084,4587,154,0,0,1,-2,0,-999
zram,readrepeat,13,27189,5760,154,0,0,1,-2,0,-999
zram,readrepeat,14,18190,5080,154,0,0,1,-2,0,-999
zram,readrepeat,15,21487,5332,154,0,0,1,-2,0,-999
zram,readrepeat,16,17642,4911,154,0,0,1,-2,0,-999
zram,readrepeat,17,19745,14015,153,0,0,1,-2,0,-999
zram,readrepeat,18,15671,15850,153,0,0,1,-2,0,-999
zram,readrepeat,19,19381,5046,154,0,0,1,-2,0,-999
zram,readrepeat,20,15098,4532,154,0,0,1,-2,0,-999
zram,readrepeat,21,17279,8760,152,0,0,1,-2,0,-999
zram,readrepeat,22,15335,4385,153,0,0,1,-2,0,-999
zram,readrepeat,23,14873,4384,154,0,0,1,-2,0,-999
zram,readrepeat,24,14947,4390,154,0,0,1,-2,0,-999
zram,readrepeat,25,15682,4455,154,0,0,1,-2,0,-999
zram,readrepeat,26,13673,4169,153,0,0,1,-2,0,-999
zram,readrepeat,27,15266,4472,153,0,0,1,-2,0,-999
zram,readrepeat,28,13528,4102,154,0,0,1,-2,0,-999
zram,readrepeat,29,15738,4483,152,0,0,1,-2,0,-999
zram,readrepeat,30,13625,4143,153,0,0,1,-2,0,-999
zram,readrepeat,31,14878,4342,154,0,0,1,-2,0,-999
zram,readrepeat,32,14967,14642,168,0,0,1,-2,0,-999
zram,readrepeat,33,14871,4373,153,0,0,1,-2,0,-999
zram,readrepeat,34,14828,4360,156,0,0,1,-2,0,-999
zram,readrepeat,35,13502,4108,153,0,0,1,-2,0,-999
zram,readrepeat,36,15063,4480,152,0,0,1,-2,0,-999
zram,readrepeat,37,14662,4155,153,0,0,1,-2,0,-999
zram,readrepeat,38,16219,4636,151,0,0,1,-2,0,-999
zram,readrepeat,39,14723,4298,154,0,0,1,-2,0,-999
zram,readrepeat,40,15430,4365,154,0,0,1,-2,0,-999
zram,readrepeat,41,13820,4144,155,0,0,1,-2,0,-999
zram,readrepeat,42,34407,9328,255,0,0,1,-2,0,-999
zram,readrepeat,43,56932,5652,153,0,0,1,-2,0,-999
zram,readrepeat,44,15627,4417,153,0,0,1,-2,0,-999
zram,readrepeat,45,12910,3988,154,0,0,1,-2,0,-999
zram,readrepeat,46,17276,4773,154,0,0,1,-2,0,-999
zram,readrepeat,47,15207,4418,155,0,0,1,-2,0,-999
zram,readrepeat,48,15017,4386,153,0,0,1,-2,0,-999
zram,readrepeat,49,30353,7395,152,0,0,1,-2,0,-999
zram,readrepeat,50,15505,4496,152,0,0,1,-2,0,-999
zram,readrepeat,51,17229,4801,153,0,0,1,-2,0,-999
zram,readrepeat,52,13514,4104,154,0,0,1,-2,0,-999
zram,readrepeat,53,16371,4646,154,0,0,1,-2,0,-999
zram,readrepeat,54,14818,4243,153,0,0,1,-2,0,-999
zram,readrepeat,55,17599,15936,153,0,0,1,-2,0,-999
zram,readrepeat,56,27215,4981,153,0,0,1,-2,0,-999
zram,readrepeat,57,15248,4406,153,0,0,1,-2,0,-999
zram,readrepeat,58,13816,32156,153,0,0,1,-2,0,-999
zram,readrepeat,59,20905,6491,198,0,0,1,-2,0,-999
zram,readrepeat,60,19409,4923,154,0,0,1,-2,0,-999
zram,readrepeat,61,17058,4841,154,0,0,1,-2,0,-999
zram,readrepeat,62,16214,4417,153,0,0,1,-2,0,-999
zram,readrepeat,63,15552,4494,154,0,0,1,-2,0,-999
zram,readrepeat,64,14888,4199,153,0,0,1,-2,0,-999
zram,readrepeat,65,14220,4141,153,0,0,1,-2,0,-999
zram,readrepeat,66,13594,4057,153,0,0,1,-2,0,-999
zram,readrepeat,67,15898,4448,153,0,0,1,-2,0,-999
zram,readrepeat,68,62018,9981,156,0,0,1,-2,0,-999
zram,readrepeat,69,15063,4120,154,0,0,1,-2,0,-999
zram,readrepeat,70,18524,4924,156,0,0,1,-2,0,-999
zram,readrepeat,71,13815,4042,154,0,0,1,-2,0,-999
zram,readrepeat,72,18721,5589,155,0,0,1,-2,0,-999
zram,readrepeat,73,36603,4440,155,0,0,1,-2,0,-999
zram,readrepeat,74,26243,7054,190,0,0,1,-2,0,-999
zram,readrepeat,75,18859,5742,232,0,0,1,-2,0,-999
zram,readrepeat,76,31829,7724,225,0,0,1,-2,0,-999
zram,readrepeat,77,26983,5428,152,0,0,1,-2,0,-999
zram,readrepeat,78,48418,5515,155,0,0,1,-2,0,-999
zram,readrepeat,79,14846,4325,155,0,0,1,-2,0,-999
zram,readrepeat,80,12579,3814,154,0,0,1,-2,0,-999
zram,readrepeat,81,14610,4240,153,0,0,1,-2,0,-999
zram,readrepeat,82,14110,4189,154,0,0,1,-2,0,-999
zram,readrepeat,83,13996,4026,154,0,0,1,-2,0,-999
zram,readrepeat,84,16968,4762,152,0,0,1,-2,0,-999
zram,readrepeat,85,41547,4851,153,0,0,1,-2,0,-999
zram,readrepeat,86,20212,6042,208,0,0,1,-2,0,-999
zram,readrepeat,87,14093,4246,154,0,0,1,-2,0,-999
zram,readrepeat,88,20181,5006,155,0,0,1,-2,0,-999
zram,readrepeat,89,15862,4619,155,0,0,1,-2,0,-999
zram,readrepeat,90,16310,4452,153,0,0,1,-2,0,-999
zram,readrepeat,91,36003,5084,156,0,0,1,-2,0,-999
zram,readrepeat,92,15361,4286,154,0,0,1,-2,0,-999
zram,readrepeat,93,14823,4304,156,0,0,1,-2,0,-999
zram,readrepeat,94,14853,4267,154,0,0,1,-2,0,-999
zram,readrepeat,95,13340,4101,155,0,0,1,-2,0,-999
zram,readrepeat,96,19231,4851,154,0,0,1,-2,0,-999
zram,readrepeat,97,24875,6934,200,0,0,1,-2,0,-999
zram,readrepeat,98,17592,5056,153,0,0,1,-2,0,-999
zram,readrepeat,99,16992,4552,155,0,0,1,-2,0,-999
zram,readrepeat,100,14809,4142,154,0,0,1,-2,0,-999
zram,readrepeat,101,15681,4457,154,0,0,1,-2,0,-999
zram,readrepeat,102,13715,4213,153,0,0,1,-2,0,-999
zram,readrepeat,103,18753,4960,155,0,0,1,-2,0,-999
zram,readrepeat,104,40371,7926,200,0,0,1,-2,0,-999
zram,readrepeat,105,16375,4620,154,0,0,1,-2,0,-999
zram,readrepeat,106,14971,4340,153,0,0,1,-2,0,-999
zram,readrepeat,107,15852,4378,153,0,0,1,-2,0,-999
zram,readrepeat,108,16127,5485,155,0,0,1,-2,0,-999
zram,readrepeat,109,14703,4228,154,0,0,1,-2,0,-999
zram,readrepeat,110,16006,4578,153,0,0,1,-2,0,-999
zram,readrepeat,111,14971,4403,152,0,0,1,-2,0,-999
zram,readrepeat,112,18820,4717,155,0,0,1,-2,0,-999
zram,readrepeat,113,13566,4115,153,0,0,1,-2,0,-999
zram,readrepeat,114,16182,4512,155,0,0,1,-2,0,-999
zram,readrepeat,115,13723,5736,199,0,0,1,-2,0,-999
zram,readrepeat,116,15474,4457,153,0,0,1,-2,0,-999
zram,readrepeat,117,13607,4345,155,0,0,1,-2,0,-999
zram,readrepeat,118,15365,4395,152,0,0,1,-2,0,-999
zram,readrepeat,119,15309,4393,153,0,0,1,-2,0,-999
zram,readrepeat,120,15174,4322,155,0,0,1,-2,0,-999
zram,readrepeat,121,14620,4229,154,0,0,1,-2,0,-999
zram,readrepeat,122,13437,4004,153,0,0,1,-2,0,-999
zram,readrepeat,123,15556,4417,153,0,0,1,-2,0,-999
zram,readrepeat,124,13493,4520,205,0,0,1,-2,0,-999
zram,readrepeat,125,15011,4269,153,0,0,1,-2,0,-999
zram,readrepeat,126,14993,4453,154,0,0,1,-2,0,-999
zram,readrepeat,127,15563,4448,153,0,0,1,-2,0,-999
zram,readrepeat,128,16220,4361,153,0,0,1,-2,0,-999
zram,readrepeat,129,13833,4107,153,0,0,1,-2,0,-999
zram,readrepeat,130,16011,4615,154,0,0,1,-2,0,-999
zram,readrepeat,131,13525,4150,154,0,0,1,-2,0,-999
zram,readrepeat,132,14763,5068,153,0,0,1,-2,0,-999
zram,readrepeat,133,15515,4418,154,0,0,1,-2,0,-999
zram,readrepeat,134,14967,4362,153,0,0,1,-2,0,-999
zram,readrepeat,135,14688,4304,153,0,0,1,-2,0,-999
zram,readrepeat,136,13512,4162,154,0,0,1,-2,0,-999
zram,readrepeat,137,15762,4485,153,0,0,1,-2,0,-999
zram,readrepeat,138,13564,5632,211,0,0,1,-2,0,-999
zram,readrepeat,139,15273,4423,152,0,0,1,-2,0,-999
zram,readrepeat,140,14760,4412,152,0,0,1,-2,0,-999
zram,readrepeat,141,15582,5498,155,0,0,1,-2,0,-999
zram,readrepeat,142,14915,4504,155,0,0,1,-2,0,-999
zram,readrepeat,143,14599,4290,155,0,0,1,-2,0,-999
zram,readrepeat,144,13341,5006,155,0,0,1,-2,0,-999
zram,readrepeat,145,17961,4516,154,0,0,1,-2,0,-999
zram,readrepeat,146,13574,4122,155,0,0,1,-2,0,-999
zram,readrepeat,147,15325,4631,154,0,0,1,-2,0,-999
zram,readrepeat,148,14864,4382,153,0,0,1,-2,0,-999
zram,readrepeat,149,16414,4628,153,0,0,1,-2,0,-999
zram,readrepeat,150,17433,6603,209,0,0,1,-2,0,-999
zram,readrepeat,151,14857,4472,154,0,0,1,-2,0,-999
zram,readrepeat,152,13497,4238,154,0,0,1,-2,0,-999
zram,readrepeat,153,15865,4666,153,0,0,1,-2,0,-999
zram,readrepeat,154,14988,4287,152,0,0,1,-2,0,-999
zram,readrepeat,155,15154,6190,205,0,0,1,-2,0,-999
zram,readrepeat,156,14790,4265,155,0,0,1,-2,0,-999
zram,readrepeat,157,16499,4687,155,0,0,1,-2,0,-999
zram,readrepeat,158,13635,4164,154,0,0,1,-2,0,-999
zram,readrepeat,159,15876,4541,155,0,0,1,-2,0,-999
zram,readrepeat,160,13376,4106,155,0,0,1,-2,0,-999
zram,readrepeat,161,33555,4945,155,0,0,1,-2,0,-999
zram,readrepeat,162,19952,6169,197,0,0,1,-2,0,-999
zram,readrepeat,163,87778,10051,154,0,0,1,-2,0,-999
zram,readrepeat,164,18560,5186,155,0,0,1,-2,0,-999
zram,readrepeat,165,23109,5876,167,0,0,1,-2,0,-999
zram,readrepeat,166,14007,4275,158,0,0,1,-2,0,-999
zram,readrepeat,167,16363,4724,155,0,0,1,-2,0,-999
zram,readrepeat,168,30992,6996,205,0,0,1,-2,0,-999
zram,readrepeat,169,15844,4636,155,0,0,1,-2,0,-999
zram,readrepeat,170,15616,4496,153,0,0,1,-2,0,-999
zram,readrepeat,171,23516,6991,192,0,0,1,-2,0,-999
zram,readrepeat,172,16468,10398,154,0,0,1,-2,0,-999
zram,readrepeat,173,13780,4143,153,0,0,1,-2,0,-999
zram,readrepeat,174,16356,4583,152,0,0,1,-2,0,-999
zram,readrepeat,175,16772,4814,152,0,0,1,-2,0,-999
zram,readrepeat,176,15577,4483,7447,0,0,1,-2,0,-999
zram,readrepeat,177,14970,4465,155,0,0,1,-2,0,-999
zram,readrepeat,178,14619,5589,155,0,0,1,-2,0,-999
zram,readrepeat,179,13590,4067,154,0,0,1,-2,0,-999
zram,readrepeat,180,15546,4427,153,0,0,1,-2,0,-999
zram,readrepeat,181,13711,4154,154,0,0,1,-2,0,-999
zram,readrepeat,182,33216,4716,154,0,0,1,-2,0,-999
zram,readrepeat,183,13902,4212,155,0,0,1,-2,0,-999
zram,readrepeat,184,16798,4668,155,0,0,1,-2,0,-999
zram,readrepeat,185,15088,4304,154,0,0,1,-2,0,-999
zram,readrepeat,186,41779,4807,166,0,0,1,-2,0,-999
zram,readrepeat,187,15082,4303,154,0,0,1,-2,0,-999
zram,readrepeat,188,14115,4139,154,0,0,1,-2,0,-999
zram,readrepeat,189,15298,4449,153,0,0,1,-2,0,-999
zram,readrepeat,190,13565,4155,158,0,0,1,-2,0,-999
zram,readrepeat,191,15990,4407,153,0,0,1,-2,0,-999
zram,readrepeat,192,19380,5846,194,0,0,1,-2,0,-999
zram,readrepeat,193,15077,4278,155,0,0,1,-2,0,-999
zram,readrepeat,194,14939,4292,154,0,0,1,-2,0,-999
zram,readrepeat,195,47471,5408,153,0,0,1,-2,0,-999
zram,readrepeat,196,16301,4823,154,0,0,1,-2,0,-999
zram,readrepeat,197,13614,4079,153,0,0,1,-2,0,-999
zram,readrepeat,198,15382,4483,153,0,0,1,-2,0,-999
zram,readrepeat,199,13735,4623,231,0,0,1,-2,0,-999
zram,readrepeat,200,15393,4341,156,0,0,1,-2,0,-999
zram,readrepeat,201,17545,4671,155,0,0,1,-2,0,-999
zram,readrepeat,202,15638,4607,154,0,0,1,-2,0,-999
zram,readrepeat,203,13566,4143,154,0,0,1,-2,0,-999
zram,readrepeat,204,15410,4505,153,0,0,1,-2,0,-999
zram,readrepeat,205,19082,4833,153,0,0,1,-2,0,-999
zram,readrepeat,206,15473,4674,154,0,0,1,-2,0,-999
zram,readrepeat,207,21451,5552,153,0,0,1,-2,0,-999
zram,readrepeat,208,16556,6063,153,0,0,1,-2,0,-999
zram,readrepeat,209,13762,4242,154,0,0,1,-2,0,-999
zram,readrepeat,210,16507,4755,153,0,0,1,-2,0,-999
zram,readrepeat,211,16612,4723,153,0,0,1,-2,0,-999
zram,readrepeat,212,15522,4512,154,0,0,1,-2,0,-999
zram,readrepeat,213,15170,4488,155,0,0,1,-2,0,-999
zram,readrepeat,214,15458,4489,154,0,0,1,-2,0,-999
zram,readrepeat,215,17747,4775,153,0,0,1,-2,0,-999
zram,readrepeat,216,15045,4340,154,0,0,1,-2,0,-999
zram,readrepeat,217,14904,6065,167,0,0,1,-2,0,-999
zram,readrepeat,218,14984,5516,200,0,0,1,-2,0,-999
zram,readrepeat,219,16083,4478,154,0,0,1,-2,0,-999
zram,readrepeat,220,18355,4970,153,0,0,1,-2,0,-999
zram,readrepeat,221,16420,4731,154,0,0,1,-2,0,-999
zram,readrepeat,222,15158,4473,152,0,0,1,-2,0,-999
zram,readrepeat,223,15788,4445,155,0,0,1,-2,0,-999
zram,readrepeat,224,13690,4212,155,0,0,1,-2,0,-999
zram,readrepeat,225,15356,4474,154,0,0,1,-2,0,-999
zram,readrepeat,226,13455,4159,154,0,0,1,-2,0,-999
zram,readrepeat,227,16006,4547,154,0,0,1,-2,0,-999
zram,readrepeat,228,15097,4432,156,0,0,1,-2,0,-999
zram,readrepeat,229,14886,4293,154,0,0,1,-2,0,-999
zram,readrepeat,230,16619,34769,156,0,0,1,-2,0,-999
zram,readrepeat,231,15456,4357,154,0,0,1,-2,0,-999
zram,readrepeat,232,16245,4511,154,0,0,1,-2,0,-999
zram,readrepeat,233,20075,6117,220,0,0,1,-2,0,-999
zram,readrepeat,234,16594,4744,152,0,0,1,-2,0,-999
zram,readrepeat,235,15428,4522,154,0,0,1,-2,0,-999
zram,readrepeat,236,15011,4696,155,0,0,1,-2,0,-999
zram,readrepeat,237,15161,4420,154,0,0,1,-2,0,-999
zram,readrepeat,238,15290,4518,156,0,0,1,-2,0,-999
zram,readrepeat,239,13712,3985,154,0,0,1,-2,0,-999
zram,readrepeat,240,15071,4428,154,0,0,1,-2,0,-999
zram,readrepeat,241,16447,4592,154,0,0,1,-2,0,-999
zram,readrepeat,242,16932,4762,153,0,0,1,-2,0,-999
zram,readrepeat,243,15567,4550,155,0,0,1,-2,0,-999
zram,readrepeat,244,14626,4406,154,0,0,1,-2,0,-999
zram,readrepeat,245,15483,4480,154,0,0,1,-2,0,-999
zram,readrepeat,246,13603,4172,154,0,0,1,-2,0,-999
zram,readrepeat,247,19024,5121,153,0,0,1,-2,0,-999
zram,readrepeat,248,13998,4143,154,0,0,1,-2,0,-999
zram,readrepeat,249,18812,5021,153,0,0,1,-2,0,-999
zram,readrepeat,250,13707,4025,154,0,0,1,-2,0,-999
zram,readrepeat,251,15362,4451,152,0,0,1,-2,0,-999
zram,readrepeat,252,18607,5908,185,0,0,1,-2,0,-999
zram,readrepeat,253,16448,4549,153,0,0,1,-2,0,-999
zram,readrepeat,254,17369,4546,156,0,0,1,-2,0,-999
zram,readrepeat,255,64014,8980,155,0,0,1,-2,0,-999
zram,readrepeat,256,18142,4977,153,0,0,1,-2,0,-999
zram,readrepeat,257,13112,4037,155,0,0,1,-2,0,-999
zram,readrepeat,258,23060,5392,155,0,0,1,-2,0,-999
zram,readrepeat,259,14216,4146,152,0,0,1,-2,0,-999
zram,readrepeat,260,16479,4734,155,0,0,1,-2,0,-999
zram,readrepeat,261,47387,4669,153,0,0,1,-2,0,-999
zram,readrepeat,262,16020,4503,154,0,0,1,-2,0,-999
zram,readrepeat,263,13451,4108,153,0,0,1,-2,0,-999
zram,readrepeat,264,16334,4696,153,0,0,1,-2,0,-999
zram,readrepeat,265,14162,4133,154,0,0,1,-2,0,-999
zram,readrepeat,266,15629,4425,153,0,0,1,-2,0,-999
zram,readrepeat,267,12714,3933,153,0,0,1,-2,0,-999
zram,readrepeat,268,15850,4488,153,0,0,1,-2,0,-999
zram,readrepeat,269,12646,3891,154,0,0,1,-2,0,-999
zram,readrepeat,270,20874,5354,152,0,0,1,-2,0,-999
zram,readrepeat,271,14264,4102,155,0,0,1,-2,0,-999
zram,readrepeat,272,15753,4504,155,0,0,1,-2,0,-999
zram,readrepeat,273,16947,4764,155,0,0,1,-2,0,-999
zram,readrepeat,274,15063,4434,154,0,0,1,-2,0,-999
zram,readrepeat,275,12389,3785,155,0,0,1,-2,0,-999
zram,readrepeat,276,13853,4064,153,0,0,1,-2,0,-999
zram,readrepeat,277,14260,4194,154,0,0,1,-2,0,-999
zram,readrepeat,278,14452,4176,154,0,0,1,-2,0,-999
zram,readrepeat,279,13682,4075,154,0,0,1,-2,0,-999
zram,readrepeat,280,12414,3859,154,0,0,1,-2,0,-999
zram,readrepeat,281,14470,4286,154,0,0,1,-2,0,-999
zram,readrepeat,282,12555,3888,155,0,0,1,-2,0,-999
zram,readrepeat,283,14201,4214,154,0,0,1,-2,0,-999
zram,readrepeat,284,26962,4335,155,0,0,1,-2,0,-999
zram,readrepeat,285,13950,4096,154,0,0,1,-2,0,-999
zram,readrepeat,286,13749,4172,155,0,0,1,-2,0,-999
zram,readrepeat,287,12480,3808,154,0,0,1,-2,0,-999
zram,readrepeat,288,16434,4634,154,0,0,1,-2,0,-999
zram,readrepeat,289,13817,4187,154,0,0,1,-2,0,-999
zram,readrepeat,290,13703,4079,153,0,0,1,-2,0,-999
zram,readrepeat,291,13630,4076,156,0,0,1,-2,0,-999
zram,readrepeat,292,14398,4174,153,0,0,1,-2,0,-999
zram,readrepeat,293,13708,4077,156,0,0,1,-2,0,-999
zram,readrepeat,294,12874,3884,155,0,0,1,-2,0,-999
zram,readrepeat,295,15144,4295,153,0,0,1,-2,0,-999
zram,readrepeat,296,12686,3850,156,0,0,1,-2,0,-999
zram,readrepeat,297,14402,4216,155,0,0,1,-2,0,-999
zram,readrepeat,298,13780,4064,155,0,0,1,-2,0,-999
zram,readrepeat,299,13903,4158,156,0,0,1,-2,0,-999
zram,readrepeat,300,13707,4030,154,0,0,1,-2,0,-999
zram,readrepeat,301,12658,3816,154,0,0,1,-2,0,-999
zram,readrepeat,302,14676,4300,154,0,0,1,-2,0,-999
zram,readrepeat,303,12497,3852,154,0,0,1,-2,0,-999
zram,readrepeat,304,13825,4114,155,0,0,1,-2,0,-999
zram,readrepeat,305,15774,4247,154,0,0,1,-2,0,-999
zram,readrepeat,306,17448,4913,152,0,0,1,-2,0,-999
zram,readrepeat,307,22937,6031,154,0,0,1,-2,0,-999
zram,readrepeat,308,40564,15828,177,0,0,1,-2,0,-999
zram,readrepeat,309,16301,4800,154,0,0,1,-2,0,-999
zram,readrepeat,310,16214,4733,153,0,0,1,-2,0,-999
zram,readrepeat,311,12439,3840,155,0,0,1,-2,0,-999
zram,readrepeat,312,13812,4120,154,0,0,1,-2,0,-999
zram,readrepeat,313,14391,4173,154,0,0,1,-2,0,-999
zram,readrepeat,314,15178,4391,154,0,0,1,-2,0,-999
zram,readrepeat,315,12398,3878,151,0,0,1,-2,0,-999
zram,readrepeat,316,14609,4320,156,0,0,1,-2,0,-999
zram,readrepeat,317,16330,4435,153,0,0,1,-2,0,-999
zram,readrepeat,318,14162,4139,153,0,0,1,-2,0,-999
zram,readrepeat,319,14522,4244,154,0,0,1,-2,0,-999
zram,readrepeat,320,14960,4265,152,0,0,1,-2,0,-999
zram,readrepeat,321,13769,4190,152,0,0,1,-2,0,-999
zram,readrepeat,322,12530,3810,155,0,0,1,-2,0,-999
zram,readrepeat,323,15326,4413,154,0,0,1,-2,0,-999
zram,readrepeat,324,12608,3853,153,0,0,1,-2,0,-999
zram,readrepeat,325,14492,4209,152,0,0,1,-2,0,-999
zram,readrepeat,326,12409,3897,155,0,0,1,-2,0,-999
zram,readrepeat,327,14259,4243,154,0,0,1,-2,0,-999
zram,readrepeat,328,12307,3846,154,0,0,1,-2,0,-999
zram,readrepeat,329,13761,4037,151,0,0,1,-2,0,-999
zram,readrepeat,330,15791,5872,171,0,0,1,-2,0,-999
zram,readrepeat,331,34540,4875,153,0,0,1,-2,0,-999
zram,readrepeat,332,16708,4604,155,0,0,1,-2,0,-999
zram,readrepeat,333,23197,7018,156,0,0,1,-2,0,-999
zram,readrepeat,334,18122,4933,154,0,0,1,-2,0,-999
zram,readrepeat,335,15405,4464,154,0,0,1,-2,0,-999
zram,readrepeat,336,15637,4509,154,0,0,1,-2,0,-999
zram,readrepeat,337,13906,4146,154,0,0,1,-2,0,-999
zram,readrepeat,338,16496,4690,153,0,0,1,-2,0,-999
zram,readrepeat,339,24734,4891,152,0,0,1,-2,0,-999
zram,readrepeat,340,15347,4322,154,0,0,1,-2,0,-999
zram,readrepeat,341,13424,4058,154,0,0,1,-2,0,-999
zram,readrepeat,342,15689,4540,154,0,0,1,-2,0,-999
zram,readrepeat,343,13478,4044,153,0,0,1,-2,0,-999
zram,readrepeat,344,14923,4318,154,0,0,1,-2,0,-999
zram,readrepeat,345,22734,4652,156,0,0,1,-2,0,-999
zram,readrepeat,346,21353,5424,152,0,0,1,-2,0,-999
zram,readrepeat,347,66265,9696,152,0,0,1,-2,0,-999
zram,readrepeat,348,16838,4866,153,0,0,1,-2,0,-999
zram,readrepeat,349,14520,4291,153,0,0,1,-2,0,-999
zram,readrepeat,350,14856,4248,153,0,0,1,-2,0,-999
zram,readrepeat,351,13621,4174,154,0,0,1,-2,0,-999
zram,readrepeat,352,12566,3830,154,0,0,1,-2,0,-999
zram,readrepeat,353,15672,4502,152,0,0,1,-2,0,-999
zram,readrepeat,354,15226,4396,154,0,0,1,-2,0,-999
zram,readrepeat,355,12481,3907,154,0,0,1,-2,0,-999
zram,readrepeat,356,13764,4024,158,0,0,1,-2,0,-999
zram,readrepeat,357,13478,11342,155,0,0,1,-2,0,-999
zram,readrepeat,358,14217,4267,156,0,0,1,-2,0,-999
zram,readrepeat,359,13800,4129,154,0,0,1,-2,0,-999
zram,readrepeat,360,24244,6427,210,0,0,1,-2,0,-999
zram,readrepeat,361,21464,6336,155,0,0,1,-2,0,-999
zram,readrepeat,362,16147,4609,154,0,0,1,-2,0,-999
zram,readrepeat,363,14048,4337,153,0,0,1,-2,0,-999
zram,readrepeat,364,15012,4365,153,0,0,1,-2,0,-999
zram,readrepeat,365,15118,4430,154,0,0,1,-2,0,-999
zram,readrepeat,366,15008,4285,154,0,0,1,-2,0,-999
zram,readrepeat,367,15200,4259,153,0,0,1,-2,0,-999
zram,readrepeat,368,17456,5175,153,0,0,1,-2,0,-999
zram,readrepeat,369,13991,4096,154,0,0,1,-2,0,-999
zram,readrepeat,370,15731,4483,155,0,0,1,-2,0,-999
zram,readrepeat,371,13787,4274,153,0,0,1,-2,0,-999
zram,readrepeat,372,15136,4449,154,0,0,1,-2,0,-999
zram,readrepeat,373,15820,4205,154,0,0,1,-2,0,-999
zram,readrepeat,374,32839,4861,154,0,0,1,-2,0,-999
zram,readrepeat,375,14130,4227,153,0,0,1,-2,0,-999
zram,readrepeat,376,15369,4411,153,0,0,1,-2,0,-999
zram,readrepeat,377,48889,8843,232,0,0,1,-2,0,-999
zram,readrepeat,378,27315,5264,165,0,0,1,-2,0,-999
zram,readrepeat,379,14333,4127,154,0,0,1,-2,0,-999
zram,readrepeat,380,13948,4166,152,0,0,1,-2,0,-999
zram,readrepeat,381,12338,3720,155,0,0,1,-2,0,-999
zram,readrepeat,382,14532,4268,153,0,0,1,-2,0,-999
zram,readrepeat,383,12466,3795,154,0,0,1,-2,0,-999
zram,readrepeat,384,14538,4285,153,0,0,1,-2,0,-999
zram,readrepeat,385,16537,4484,155,0,0,1,-2,0,-999
zram,readrepeat,386,14140,4051,154,0,0,1,-2,0,-999
zram,readrepeat,387,13668,4096,153,0,0,1,-2,0,-999
zram,readrepeat,388,12569,3774,153,0,0,1,-2,0,-999
zram,readrepeat,389,14344,4128,154,0,0,1,-2,0,-999
zram,readrepeat,390,12245,3778,155,0,0,1,-2,0,-999
zram,readrepeat,391,14441,4197,153,0,0,1,-2,0,-999
zram,readrepeat,392,12570,3768,154,0,0,1,-2,0,-999
zram,readrepeat,393,14354,4188,153,0,0,1,-2,0,-999
zram,readrepeat,394,13467,8698,159,0,0,1,-2,0,-999
zram,readrepeat,395,14043,4088,152,0,0,1,-2,0,-999
zram,readrepeat,396,13628,4057,155,0,0,1,-2,0,-999
zram,readrepeat,397,12509,3828,156,0,0,1,-2,0,-999
zram,readrepeat,398,15981,4554,154,0,0,1,-2,0,-999
zram,readrepeat,399,12919,5072,211,0,0,1,-2,0,-999
zram,readrepeat,400,32208,4848,154,0,0,1,-2,0,-999
zram,readrepeat,401,13357,3831,154,0,0,1,-2,0,-999
zram,readrepeat,402,33149,6249,153,0,0,1,-2,0,-999
zram,readrepeat,403,38642,5361,155,0,0,1,-2,0,-999
zram,readrepeat,404,14439,4223,153,0,0,1,-2,0,-999
zram,readrepeat,405,14952,4264,154,0,0,1,-2,0,-999
zram,readrepeat,406,17406,4587,155,0,0,1,-2,0,-999
zram,readrepeat,407,13504,4085,153,0,0,1,-2,0,-999
zram,readrepeat,408,15373,4407,155,0,0,1,-2,0,-999
zram,readrepeat,409,15657,4423,154,0,0,1,-2,0,-999
zram,readrepeat,410,15672,4547,154,0,0,1,-2,0,-999
zram,readrepeat,411,14999,4414,154,0,0,1,-2,0,-999
zram,readrepeat,412,17787,4575,153,0,0,1,-2,0,-999
zram,readrepeat,413,14916,4375,155,0,0,1,-2,0,-999
zram,readrepeat,414,13248,4089,153,0,0,1,-2,0,-999
zram,readrepeat,415,18107,4678,153,0,0,1,-2,0,-999
zram,readrepeat,416,13475,4099,154,0,0,1,-2,0,-999
zram,readrepeat,417,14836,4272,154,0,0,1,-2,0,-999
zram,readrepeat,418,14810,10085,155,0,0,1,-2,0,-999
zram,readrepeat,419,15339,4430,154,0,0,1,-2,0,-999
zram,readrepeat,420,14598,4280,152,0,0,1,-2,0,-999
zram,readrepeat,421,13434,4089,157,0,0,1,-2,0,-999
zram,readrepeat,422,15403,4381,155,0,0,1,-2,0,-999
zram,readrepeat,423,13288,4191,152,0,0,1,-2,0,-999
zram,readrepeat,424,14740,5837,216,0,0,1,-2,0,-999
zram,readrepeat,425,23106,5690,154,0,0,1,-2,0,-999
zram,readrepeat,426,21426,6970,224,0,0,1,-2,0,-999
zram,readrepeat,427,17215,6280,236,0,0,1,-2,0,-999
zram,readrepeat,428,15358,5933,169,0,0,1,-2,0,-999
zram,readrepeat,429,22867,5311,155,0,0,1,-2,0,-999
zram,readrepeat,430,38628,5294,153,0,0,1,-2,0,-999
zram,readrepeat,431,14584,4678,205,0,0,1,-2,0,-999
zram,readrepeat,432,16118,4552,154,0,0,1,-2,0,-999
zram,readrepeat,433,14965,4282,153,0,0,1,-2,0,-999
zram,readrepeat,434,16759,4505,428,0,0,1,-2,0,-999
zram,readrepeat,435,15399,4452,153,0,0,1,-2,0,-999
zram,readrepeat,436,13543,4114,154,0,0,1,-2,0,-999
zram,readrepeat,437,15905,4562,153,0,0,1,-2,0,-999
zram,readrepeat,438,14069,5325,157,0,0,1,-2,0,-999
zram,readrepeat,439,14881,4306,157,0,0,1,-2,0,-999
zram,readrepeat,440,59171,8886,164,0,0,1,-2,0,-999
zram,readrepeat,441,20433,4851,156,0,0,1,-2,0,-999
zram,readrepeat,442,20794,5130,154,0,0,1,-2,0,-999
zram,readrepeat,443,25127,5402,152,0,0,1,-2,0,-999
zram,readrepeat,444,20460,6168,208,0,0,1,-2,0,-999
zram,readrepeat,445,15111,4424,154,0,0,1,-2,0,-999
zram,readrepeat,446,16773,4697,154,0,0,1,-2,0,-999
zram,readrepeat,447,13404,4158,156,0,0,1,-2,0,-999
zram,readrepeat,448,40877,5971,158,0,0,1,-2,0,-999
zram,readrepeat,449,32604,5723,165,0,0,1,-2,0,-999
zram,readrepeat,450,19778,5740,154,0,0,1,-2,0,-999
zram,readrepeat,451,34793,7567,174,0,0,1,-2,0,-999
zram,readrepeat,452,25406,5492,153,0,0,1,-2,0,-999
zram,readrepeat,453,20125,6350,189,0,0,1,-2,0,-999
zram,readrepeat,454,20352,5633,154,0,0,1,-2,0,-999
zram,readrepeat,455,25992,6834,213,0,0,1,-2,0,-999
zram,readrepeat,456,14990,4261,153,0,0,1,-2,0,-999
zram,readrepeat,457,15444,4422,154,0,0,1,-2,0,-999
zram,readrepeat,458,34759,4854,154,0,0,1,-2,0,-999
zram,readrepeat,459,14111,4165,153,0,0,1,-2,0,-999
zram,readrepeat,460,15680,4638,154,0,0,1,-2,0,-999
zram,readrepeat,461,16037,4761,154,0,0,1,-2,0,-999
zram,readrepeat,462,12864,4007,152,0,0,1,-2,0,-999
zram,readrepeat,463,19845,6092,215,0,0,1,-2,0,-999
zram,readrepeat,464,15668,4794,155,0,0,1,-2,0,-999
zram,readrepeat,465,15954,4623,154,0,0,1,-2,0,-999
zram,readrepeat,466,14119,4104,154,0,0,1,-2,0,-999
zram,readrepeat,467,19522,6434,213,0,0,1,-2,0,-999
zram,readrepeat,468,15341,4484,154,0,0,1,-2,0,-999
zram,readrepeat,469,12623,3889,154,0,0,1,-2,0,-999
zram,readrepeat,470,14092,4069,153,0,0,1,-2,0,-999
zram,readrepeat,471,14015,4108,154,0,0,1,-2,0,-999
zram,readrepeat,472,13924,4002,154,0,0,1,-2,0,-999
zram,readrepeat,473,13639,4026,153,0,0,1,-2,0,-999
zram,readrepeat,474,18721,5013,154,0,0,1,-2,0,-999
zram,readrepeat,475,21887,6287,217,0,0,1,-2,0,-999
zram,readrepeat,476,17556,4863,155,0,0,1,-2,0,-999
zram,readrepeat,477,16747,4768,153,0,0,1,-2,0,-999
zram,readrepeat,478,14287,4201,152,0,0,1,-2,0,-999
zram,readrepeat,479,14088,4203,152,0,0,1,-2,0,-999
zram,readrepeat,480,14212,4174,154,0,0,1,-2,0,-999
zram,readrepeat,481,13934,4084,154,0,0,1,-2,0,-999
zram,readrepeat,482,12824,3910,154,0,0,1,-2,0,-999
zram,readrepeat,483,15291,4362,155,0,0,1,-2,0,-999
zram,readrepeat,484,12501,3820,155,0,0,1,-2,0,-999
zram,readrepeat,485,13871,4043,153,0,0,1,-2,0,-999
zram,readrepeat,486,13783,4055,154,0,0,1,-2,0,-999
zram,readrepeat,487,16342,4542,155,0,0,1,-2,0,-999
zram,readrepeat,488,14213,4057,154,0,0,1,-2,0,-999
zram,readrepeat,489,16326,4646,153,0,0,1,-2,0,-999
zram,readrepeat,490,14292,4205,153,0,0,1,-2,0,-999
zram,readrepeat,491,14662,4098,154,0,0,1,-2,0,-999
zram,readrepeat,492,15575,4584,153,0,0,1,-2,0,-999
zram,readrepeat,493,14667,4264,153,0,0,1,-2,0,-999
zram,readrepeat,494,12284,3847,153,0,0,1,-2,0,-999
zram,readrepeat,495,14439,4222,154,0,0,1,-2,0,-999
zram,readrepeat,496,13969,4057,156,0,0,1,-2,0,-999
zram,readrepeat,497,16849,4767,154,0,0,1,-2,0,-999
zram,readrepeat,498,15342,4418,154,0,0,1,-2,0,-999
zram,readrepeat,499,14247,4099,154,0,0,1,-2,0,-999
zram,readrepeat,500,20486,4228,153,0,0,1,-2,0,-999
zram,readrepeat,501,14085,4318,155,0,0,1,-2,0,-999
zram,readrepeat,502,14185,4204,153,0,0,1,-2,0,-999
zram,readrepeat,503,14642,4196,152,0,0,1,-2,0,-999
zram,readrepeat,504,12937,3906,153,0,0,1,-2,0,-999
zram,readrepeat,505,16316,4579,155,0,0,1,-2,0,-999
zram,readrepeat,506,13942,5479,153,0,0,1,-2,0,-999
zram,readrepeat,507,18387,4586,155,0,0,1,-2,0,-999
zram,readrepeat,508,40896,4792,154,0,0,1,-2,0,-999
zram,readrepeat,509,15209,4365,154,0,0,1,-2,0,-999
zram,readrepeat,510,13256,4012,155,0,0,1,-2,0,-999
zram,readrepeat,511,15341,4399,155,0,0,1,-2,0,-999
zram,readrepeat,512,13571,4136,154,0,0,1,-2,0,-999
zram,readrepeat,513,16589,4518,153,0,0,1,-2,0,-999
zram,readrepeat,514,14888,4329,154,0,0,1,-2,0,-999
zram,readrepeat,515,14891,5595,232,0,0,1,-2,0,-999
zram,readrepeat,516,16965,4831,152,0,0,1,-2,0,-999
zram,readrepeat,517,17237,4777,152,0,0,1,-2,0,-999
zram,readrepeat,518,15199,4433,155,0,0,1,-2,0,-999
zram,readrepeat,519,13866,4245,155,0,0,1,-2,0,-999
zram,readrepeat,520,16288,5322,155,0,0,1,-2,0,-999
zram,readrepeat,521,14358,4090,154,0,0,1,-2,0,-999
zram,readrepeat,522,15372,4438,154,0,0,1,-2,0,-999
zram,readrepeat,523,14769,4308,154,0,0,1,-2,0,-999
zram,readrepeat,524,13492,5966,211,0,0,1,-2,0,-999
zram,readrepeat,525,15213,4456,153,0,0,1,-2,0,-999
zram,readrepeat,526,13751,4041,154,0,0,1,-2,0,-999
zram,readrepeat,527,14951,4379,154,0,0,1,-2,0,-999
zram,readrepeat,528,15988,4522,153,0,0,1,-2,0,-999
zram,readrepeat,529,14726,4323,154,0,0,1,-2,0,-999
zram,readrepeat,530,14518,4303,155,0,0,1,-2,0,-999
zram,readrepeat,531,13363,4108,154,0,0,1,-2,0,-999
zram,readrepeat,532,61618,9578,154,0,0,1,-2,0,-999
zram,readrepeat,533,16730,4654,155,0,0,1,-2,0,-999
zram,readrepeat,534,29512,6961,200,0,0,1,-2,0,-999
zram,readrepeat,535,31042,7045,189,0,0,1,-2,0,-999
zram,readrepeat,536,23498,6341,197,0,0,1,-2,0,-999
zram,readrepeat,537,21930,6898,205,0,0,1,-2,0,-999
zram,readrepeat,538,20891,6986,184,0,0,1,-2,0,-999
zram,readrepeat,539,22502,6790,221,0,0,1,-2,0,-999
zram,readrepeat,540,36458,6584,208,0,0,1,-2,0,-999
zram,readrepeat,541,17405,6438,327,0,0,1,-2,0,-999
zram,readrepeat,542,20327,6441,214,0,0,1,-2,0,-999
zram,readrepeat,543,19612,5195,154,0,0,1,-2,0,-999
zram,readrepeat,544,16622,4727,153,0,0,1,-2,0,-999
zram,readrepeat,545,14707,4250,153,0,0,1,-2,0,-999
zram,readrepeat,546,14623,4341,154,0,0,1,-2,0,-999
zram,readrepeat,547,16431,4541,153,0,0,1,-2,0,-999
zram,readrepeat,548,14697,4371,155,0,0,1,-2,0,-999
zram,readrepeat,549,12327,3863,155,0,0,1,-2,0,-999
zram,readrepeat,550,14463,4036,153,0,0,1,-2,0,-999
zram,readrepeat,551,20727,4272,153,0,0,1,-2,0,-999
zram,readrepeat,552,14679,4204,156,0,0,1,-2,0,-999
zram,readrepeat,553,14079,4119,154,0,0,1,-2,0,-999
zram,readrepeat,554,14229,4052,154,0,0,1,-2,0,-999
zram,readrepeat,555,18427,4988,152,0,0,1,-2,0,-999
zram,readrepeat,556,16039,4696,154,0,0,1,-2,0,-999
zram,readrepeat,557,14004,4160,155,0,0,1,-2,0,-999
zram,readrepeat,558,18568,4994,153,0,0,1,-2,0,-999
zram,readrepeat,559,19855,4935,155,0,0,1,-2,0,-999
zram,readrepeat,560,15845,4577,153,0,0,1,-2,0,-999
zram,readrepeat,561,14085,4707,152,0,0,1,-2,0,-999
zram,readrepeat,562,13357,3842,154,0,0,1,-2,0,-999
zram,readrepeat,563,22356,6817,215,0,0,1,-2,0,-999
zram,readrepeat,564,15089,4475,156,0,0,1,-2,0,-999
zram,readrepeat,565,14455,4335,154,0,0,1,-2,0,-999
zram,readrepeat,566,14794,4357,154,0,0,1,-2,0,-999
zram,readrepeat,567,16647,4656,153,0,0,1,-2,0,-999
zram,readrepeat,568,15162,4362,153,0,0,1,-2,0,-999
zram,readrepeat,569,14706,4220,154,0,0,1,-2,0,-999
zram,readrepeat,570,13938,4095,155,0,0,1,-2,0,-999
zram,readrepeat,571,19161,5078,155,0,0,1,-2,0,-999
zram,readrepeat,572,15707,4668,154,0,0,1,-2,0,-999
zram,readrepeat,573,14375,4227,155,0,0,1,-2,0,-999
zram,readrepeat,574,23101,5360,152,0,0,1,-2,0,-999
zram,readrepeat,575,12850,3891,156,0,0,1,-2,0,-999
zram,readrepeat,576,14692,4343,153,0,0,1,-2,0,-999
zram,readrepeat,577,16500,6286,194,0,0,1,-2,0,-999
zram,readrepeat,578,16032,4558,154,0,0,1,-2,0,-999
zram,readrepeat,579,12849,3892,154,0,0,1,-2,0,-999
zram,readrepeat,580,14642,4210,153,0,0,1,-2,0,-999
zram,readrepeat,581,12318,3873,154,0,0,1,-2,0,-999
zram,readrepeat,582,15320,4362,154,0,0,1,-2,0,-999
zram,readrepeat,583,12541,3929,154,0,0,1,-2,0,-999
zram,readrepeat,584,13812,4041,155,0,0,1,-2,0,-999
zram,readrepeat,585,21764,5353,153,0,0,1,-2,0,-999
zram,readrepeat,586,14854,4350,153,0,0,1,-2,0,-999
zram,readrepeat,587,17348,4880,153,0,0,1,-2,0,-999
zram,readrepeat,588,14182,4329,157,0,0,1,-2,0,-999
zram,readrepeat,589,14741,4240,152,0,0,1,-2,0,-999
zram,readrepeat,590,16080,4587,153,0,0,1,-2,0,-999
zram,readrepeat,591,16134,4634,152,0,0,1,-2,0,-999
zram,readrepeat,592,12721,3871,155,0,0,1,-2,0,-999
zram,readrepeat,593,14463,4225,155,0,0,1,-2,0,-999
zram,readrepeat,594,17706,4875,153,0,0,1,-2,0,-999
zram,readrepeat,595,13959,4194,156,0,0,1,-2,0,-999
zram,readrepeat,596,17970,4962,153,0,0,1,-2,0,-999
zram,readrepeat,597,17584,6518,203,0,0,1,-2,0,-999
zram,readrepeat,598,20296,6870,197,0,0,1,-2,0,-999
zram,readrepeat,599,21420,6737,219,0,0,1,-2,0,-999
zram,readrepeat,600,23099,6928,219,0,0,1,-2,0,-999
zram,readrepeat,601,18410,5108,152,0,0,1,-2,0,-999
zram,readrepeat,602,18003,4522,153,0,0,1,-2,0,-999
zram,readrepeat,603,14927,4401,153,0,0,1,-2,0,-999
zram,readrepeat,604,13624,4132,152,0,0,1,-2,0,-999
zram,readrepeat,605,15380,4589,155,0,0,1,-2,0,-999
zram,readrepeat,606,14053,4140,154,0,0,1,-2,0,-999
zram,readrepeat,607,32760,4665,153,0,0,1,-2,0,-999
zram,readrepeat,608,14176,4163,154,0,0,1,-2,0,-999
zram,readrepeat,609,14811,4425,155,0,0,1,-2,0,-999
zram,readrepeat,610,14929,4395,154,0,0,1,-2,0,-999
zram,readrepeat,611,13620,4121,155,0,0,1,-2,0,-999
zram,readrepeat,612,15430,4565,155,0,0,1,-2,0,-999
zram,readrepeat,613,15084,4275,154,0,0,1,-2,0,-999
zram,readrepeat,614,15049,25022,153,0,0,1,-2,0,-999
zram,readrepeat,615,14393,4316,154,0,0,1,-2,0,-999
zram,readrepeat,616,14921,4409,154,0,0,1,-2,0,-999
zram,readrepeat,617,14662,4315,155,0,0,1,-2,0,-999
zram,readrepeat,618,13689,4096,155,0,0,1,-2,0,-999
zram,readrepeat,619,15273,4434,154,0,0,1,-2,0,-999
zram,readrepeat,620,13527,4144,154,0,0,1,-2,0,-999
zram,readrepeat,621,15175,4451,154,0,0,1,-2,0,-999
zram,readrepeat,622,14310,4340,153,0,0,1,-2,0,-999
zram,readrepeat,623,15764,4583,152,0,0,1,-2,0,-999
zram,readrepeat,624,62538,10409,154,0,0,1,-2,0,-999
zram,readrepeat,625,18549,5150,153,0,0,1,-2,0,-999
zram,readrepeat,626,14061,4221,154,0,0,1,-2,0,-999
zram,readrepeat,627,16764,4628,153,0,0,1,-2,0,-999
zram,readrepeat,628,13583,4136,153,0,0,1,-2,0,-999
zram,readrepeat,629,37475,5894,153,0,0,1,-2,0,-999
zram,readrepeat,630,37570,5950,153,0,0,1,-2,0,-999
zram,readrepeat,631,19017,5509,155,0,0,1,-2,0,-999
zram,readrepeat,632,13891,4293,153,0,0,1,-2,0,-999
zram,readrepeat,633,15925,4630,154,0,0,1,-2,0,-999
zram,readrepeat,634,16283,4605,153,0,0,1,-2,0,-999
zram,readrepeat,635,15329,4411,154,0,0,1,-2,0,-999
zram,readrepeat,636,17902,4675,153,0,0,1,-2,0,-999
zram,readrepeat,637,16435,4559,155,0,0,1,-2,0,-999
zram,readrepeat,638,14820,4409,155,0,0,1,-2,0,-999
zram,readrepeat,639,15558,4369,155,0,0,1,-2,0,-999
zram,readrepeat,640,15522,4406,153,0,0,1,-2,0,-999
zram,readrepeat,641,13499,4122,155,0,0,1,-2,0,-999
zram,readrepeat,642,14956,4450,154,0,0,1,-2,0,-999
zram,readrepeat,643,15130,4344,153,0,0,1,-2,0,-999
zram,readrepeat,644,28415,6254,153,0,0,1,-2,0,-999
zram,readrepeat,645,21462,5370,155,0,0,1,-2,0,-999
zram,readrepeat,646,16245,4623,152,0,0,1,-2,0,-999
zram,readrepeat,647,18656,5166,156,0,0,1,-2,0,-999
zram,readrepeat,648,16076,4691,153,0,0,1,-2,0,-999
zram,readrepeat,649,13720,4102,155,0,0,1,-2,0,-999
zram,readrepeat,650,20440,5230,155,0,0,1,-2,0,-999
zram,readrepeat,651,14413,4099,156,0,0,1,-2,0,-999
zram,readrepeat,652,15702,4453,152,0,0,1,-2,0,-999
zram,readrepeat,653,14745,4269,154,0,0,1,-2,0,-999
zram,readrepeat,654,22005,4611,154,0,0,1,-2,0,-999
zram,readrepeat,655,14085,4099,156,0,0,1,-2,0,-999
zram,readrepeat,656,15197,4418,154,0,0,1,-2,0,-999
zram,readrepeat,657,12677,3861,154,0,0,1,-2,0,-999
zram,readrepeat,658,16213,4596,155,0,0,1,-2,0,-999
zram,readrepeat,659,12864,3867,153,0,0,1,-2,0,-999
zram,readrepeat,660,16594,4638,156,0,0,1,-2,0,-999
zram,readrepeat,661,13629,4146,153,0,0,1,-2,0,-999
zram,readrepeat,662,14994,6289,213,0,0,1,-2,0,-999
zram,readrepeat,663,19919,4833,155,0,0,1,-2,0,-999
zram,readrepeat,664,15606,4350,153,0,0,1,-2,0,-999
zram,readrepeat,665,16882,4670,154,0,0,1,-2,0,-999
zram,readrepeat,666,12448,3858,154,0,0,1,-2,0,-999
zram,readrepeat,667,15225,4378,154,0,0,1,-2,0,-999
zram,readrepeat,668,14685,4170,153,0,0,1,-2,0,-999
zram,readrepeat,669,12502,3761,154,0,0,1,-2,0,-999
zram,readrepeat,670,13971,4179,153,0,0,1,-2,0,-999
zram,readrepeat,671,15239,4413,154,0,0,1,-2,0,-999
zram,readrepeat,672,16265,4371,154,0,0,1,-2,0,-999
zram,readrepeat,673,14784,4300,153,0,0,1,-2,0,-999
zram,readrepeat,674,43104,5085,154,0,0,1,-2,0,-999
zram,readrepeat,675,15369,4419,153,0,0,1,-2,0,-999
zram,readrepeat,676,16606,4315,154,0,0,1,-2,0,-999
zram,readrepeat,677,15343,4473,153,0,0,1,-2,0,-999
zram,readrepeat,678,13579,4123,154,0,0,1,-2,0,-999
zram,readrepeat,679,15151,21712,156,0,0,1,-2,0,-999
zram,readrepeat,680,14246,4300,155,0,0,1,-2,0,-999
zram,readrepeat,681,14771,4295,154,0,0,1,-2,0,-999
zram,readrepeat,682,14972,4318,154,0,0,1,-2,0,-999
zram,readrepeat,683,16053,4686,155,0,0,1,-2,0,-999
zram,readrepeat,684,14816,4352,155,0,0,1,-2,0,-999
zram,readrepeat,685,14220,4227,155,0,0,1,-2,0,-999
zram,readrepeat,686,15625,4417,155,0,0,1,-2,0,-999
zram,readrepeat,687,13547,4194,156,0,0,1,-2,0,-999
zram,readrepeat,688,14835,4299,154,0,0,1,-2,0,-999
zram,readrepeat,689,15260,4398,151,0,0,1,-2,0,-999
zram,readrepeat,690,14818,4425,154,0,0,1,-2,0,-999
zram,readrepeat,691,15058,4424,156,0,0,1,-2,0,-999
zram,readrepeat,692,15513,4357,154,0,0,1,-2,0,-999
zram,readrepeat,693,15016,4350,151,0,0,1,-2,0,-999
zram,readrepeat,694,20216,5152,156,0,0,1,-2,0,-999
zram,readrepeat,695,15481,4504,155,0,0,1,-2,0,-999
zram,readrepeat,696,17661,4574,156,0,0,1,-2,0,-999
zram,readrepeat,697,15264,4484,155,0,0,1,-2,0,-999
zram,readrepeat,698,14900,4276,155,0,0,1,-2,0,-999
zram,readrepeat,699,13499,4053,155,0,0,1,-2,0,-999
zram,readrepeat,700,16304,4561,154,0,0,1,-2,0,-999
zram,readrepeat,701,15713,4486,155,0,0,1,-2,0,-999
zram,readrepeat,702,16168,4561,153,0,0,1,-2,0,-999
zram,readrepeat,703,15113,4396,156,0,0,1,-2,0,-999
zram,readrepeat,704,15037,4391,154,0,0,1,-2,0,-999
zram,readrepeat,705,14838,4304,155,0,0,1,-2,0,-999
zram,readrepeat,706,13498,4032,155,0,0,1,-2,0,-999
zram,readrepeat,707,16113,4630,152,0,0,1,-2,0,-999
zram,readrepeat,708,13571,4108,153,0,0,1,-2,0,-999
zram,readrepeat,709,14744,5999,220,0,0,1,-2,0,-999
zram,readrepeat,710,14964,4363,153,0,0,1,-2,0,-999
zram,readrepeat,711,14922,4356,154,0,0,1,-2,0,-999
zram,readrepeat,712,14778,4385,154,0,0,1,-2,0,-999
zram,readrepeat,713,13753,4174,153,0,0,1,-2,0,-999
zram,readrepeat,714,15345,4480,153,0,0,1,-2,0,-999
zram,readrepeat,715,17900,4878,155,0,0,1,-2,0,-999
zram,readrepeat,716,16958,5096,153,0,0,1,-2,0,-999
zram,readrepeat,717,15005,4351,154,0,0,1,-2,0,-999
zram,readrepeat,718,15164,4398,155,0,0,1,-2,0,-999
zram,readrepeat,719,15206,4345,157,0,0,1,-2,0,-999
zram,readrepeat,720,15067,4266,154,0,0,1,-2,0,-999
zram,readrepeat,721,13704,4030,156,0,0,1,-2,0,-999
zram,readrepeat,722,74130,10024,152,0,0,1,-2,0,-999
zram,readrepeat,723,14429,4143,153,0,0,1,-2,0,-999
zram,readrepeat,724,16743,4695,154,0,0,1,-2,0,-999
zram,readrepeat,725,14234,4309,156,0,0,1,-2,0,-999
zram,readrepeat,726,14844,4292,165,0,0,1,-2,0,-999
zram,readrepeat,727,13935,4063,155,0,0,1,-2,0,-999
zram,readrepeat,728,42610,7659,200,0,0,1,-2,0,-999
zram,readrepeat,729,26707,5411,152,0,0,1,-2,0,-999
zram,readrepeat,730,14685,4255,164,0,0,1,-2,0,-999
zram,readrepeat,731,18602,5017,164,0,0,1,-2,0,-999
zram,readrepeat,732,13157,3974,152,0,0,1,-2,0,-999
zram,readrepeat,733,15335,4506,154,0,0,1,-2,0,-999
zram,readrepeat,734,13633,4141,154,0,0,1,-2,0,-999
zram,readrepeat,735,14145,4306,154,0,0,1,-2,0,-999
zram,readrepeat,736,14835,4321,153,0,0,1,-2,0,-999
zram,readrepeat,737,21253,4945,154,0,0,1,-2,0,-999
zram,readrepeat,738,15336,4457,155,0,0,1,-2,0,-999
zram,readrepeat,739,12597,3819,152,0,0,1,-2,0,-999
zram,readrepeat,740,15120,4524,153,0,0,1,-2,0,-999
zram,readrepeat,741,12417,3875,155,0,0,1,-2,0,-999
zram,readrepeat,742,14792,4375,153,0,0,1,-2,0,-999
zram,readrepeat,743,13619,4157,155,0,0,1,-2,0,-999
zram,readrepeat,744,13776,4068,155,0,0,1,-2,0,-999
zram,readrepeat,745,13781,19126,155,0,0,1,-2,0,-999
zram,readrepeat,746,14465,4268,153,0,0,1,-2,0,-999
zram,readrepeat,747,21663,6285,221,0,0,1,-2,0,-999
zram,readrepeat,748,21013,6258,206,0,0,1,-2,0,-999
zram,readrepeat,749,19730,4885,153,0,0,1,-2,0,-999
zram,readrepeat,750,14434,4199,154,0,0,1,-2,0,-999
zram,readrepeat,751,14418,4224,153,0,0,1,-2,0,-999
zram,readrepeat,752,13909,3966,155,0,0,1,-2,0,-999
zram,readrepeat,753,13839,4109,153,0,0,1,-2,0,-999
zram,readrepeat,754,12829,25834,154,0,0,1,-2,0,-999
zram,readrepeat,755,14058,4165,155,0,0,1,-2,0,-999
zram,readrepeat,756,12626,3834,154,0,0,1,-2,0,-999
zram,readrepeat,757,15095,4389,153,0,0,1,-2,0,-999
zram,readrepeat,758,16264,4511,154,0,0,1,-2,0,-999
zram,readrepeat,759,16890,4643,163,0,0,1,-2,0,-999
zram,readrepeat,760,20057,5043,165,0,0,1,-2,0,-999
zram,readrepeat,761,14573,4303,155,0,0,1,-2,0,-999
zram,readrepeat,762,13885,4169,155,0,0,1,-2,0,-999
zram,readrepeat,763,12791,3947,154,0,0,1,-2,0,-999
zram,readrepeat,764,14689,4196,155,0,0,1,-2,0,-999
zram,readrepeat,765,12706,3873,155,0,0,1,-2,0,-999
zram,readrepeat,766,15226,4302,153,0,0,1,-2,0,-999
zram,readrepeat,767,15041,4455,153,0,0,1,-2,0,-999
zram,readrepeat,768,13990,4173,154,0,0,1,-2,0,-999
zram,readrepeat,769,17997,5059,154,0,0,1,-2,0,-999
zram,readrepeat,770,14153,4076,153,0,0,1,-2,0,-999
zram,readrepeat,771,14503,4321,155,0,0,1,-2,0,-999
zram,readrepeat,772,13819,4129,153,0,0,1,-2,0,-999
zram,readrepeat,773,13785,4265,154,0,0,1,-2,0,-999
zram,readrepeat,774,20683,6691,153,0,0,1,-2,0,-999
zram,readrepeat,775,19121,5059,154,0,0,1,-2,0,-999
zram,readrepeat,776,13077,3945,155,0,0,1,-2,0,-999
zram,readrepeat,777,14633,4245,152,0,0,1,-2,0,-999
zram,readrepeat,778,14238,4213,153,0,0,1,-2,0,-999
zram,readrepeat,779,13666,4358,155,0,0,1,-2,0,-999
zram,readrepeat,780,14057,4115,153,0,0,1,-2,0,-999
zram,readrepeat,781,13884,4119,154,0,0,1,-2,0,-999
zram,readrepeat,782,12743,3880,154,0,0,1,-2,0,-999
zram,readrepeat,783,15123,4353,153,0,0,1,-2,0,-999
zram,readrepeat,784,12845,3916,153,0,0,1,-2,0,-999
zram,readrepeat,785,13924,4152,155,0,0,1,-2,0,-999
zram,readrepeat,786,15036,4534,154,0,0,1,-2,0,-999
zram,readrepeat,787,13882,4121,153,0,0,1,-2,0,-999
zram,readrepeat,788,13730,4118,154,0,0,1,-2,0,-999
zram,readrepeat,789,13045,3977,153,0,0,1,-2,0,-999
zram,readrepeat,790,14440,4272,154,0,0,1,-2,0,-999
zram,readrepeat,791,12424,3828,155,0,0,1,-2,0,-999
zram,readrepeat,792,15165,4379,152,0,0,1,-2,0,-999
zram,readrepeat,793,14062,4151,153,0,0,1,-2,0,-999
zram,readrepeat,794,13721,4057,153,0,0,1,-2,0,-999
zram,readrepeat,795,15018,4401,154,0,0,1,-2,0,-999
zram,readrepeat,796,13799,4084,153,0,0,1,-2,0,-999
zram,readrepeat,797,12762,3815,154,0,0,1,-2,0,-999
zram,readrepeat,798,21358,6492,181,0,0,1,-2,0,-999
zram,readrepeat,799,15556,4457,152,0,0,1,-2,0,-999
zram,readrepeat,800,15152,4388,154,0,0,1,-2,0,-999
zram,readrepeat,801,13540,4298,154,0,0,1,-2,0,-999
zram,readrepeat,802,13933,4080,152,0,0,1,-2,0,-999
zram,readrepeat,803,14244,4071,153,0,0,1,-2,0,-999
zram,readrepeat,804,14055,4017,155,0,0,1,-2,0,-999
zram,readrepeat,805,14629,3986,154,0,0,1,-2,0,-999
zram,readrepeat,806,21183,5280,154,0,0,1,-2,0,-999
zram,readrepeat,807,14486,4225,154,0,0,1,-2,0,-999
zram,readrepeat,808,14862,4149,153,0,0,1,-2,0,-999
zram,readrepeat,809,14494,4202,153,0,0,1,-2,0,-999
zram,readrepeat,810,15523,4421,153,0,0,1,-2,0,-999
zram,readrepeat,811,13957,4104,155,0,0,1,-2,0,-999
zram,readrepeat,812,12535,3791,154,0,0,1,-2,0,-999
zram,readrepeat,813,73376,9731,153,0,0,1,-2,0,-999
zram,readrepeat,814,18599,5014,154,0,0,1,-2,0,-999
zram,readrepeat,815,29734,5695,154,0,0,1,-2,0,-999
zram,readrepeat,816,13965,4048,154,0,0,1,-2,0,-999
zram,readrepeat,817,17735,4681,154,0,0,1,-2,0,-999
zram,readrepeat,818,16258,4579,153,0,0,1,-2,0,-999
zram,readrepeat,819,21909,5318,153,0,0,1,-2,0,-999
zram,readrepeat,820,26468,7479,188,0,0,1,-2,0,-999
zram,readrepeat,821,18743,5179,153,0,0,1,-2,0,-999
zram,readrepeat,822,22808,7656,154,0,0,1,-2,0,-999
zram,readrepeat,823,14009,4077,154,0,0,1,-2,0,-999
zram,readrepeat,824,19887,5540,153,0,0,1,-2,0,-999
zram,readrepeat,825,23696,7107,206,0,0,1,-2,0,-999
zram,readrepeat,826,24890,6115,153,0,0,1,-2,0,-999
zram,readrepeat,827,30138,5521,153,0,0,1,-2,0,-999
zram,readrepeat,828,20402,5355,156,0,0,1,-2,0,-999
zram,readrepeat,829,17117,4906,154,0,0,1,-2,0,-999
zram,readrepeat,830,16230,4695,153,0,0,1,-2,0,-999
zram,readrepeat,831,18686,5030,153,0,0,1,-2,0,-999
zram,readrepeat,832,12727,3907,154,0,0,1,-2,0,-999
zram,readrepeat,833,22031,5392,152,0,0,1,-2,0,-999
zram,readrepeat,834,21593,5461,153,0,0,1,-2,0,-999
zram,readrepeat,835,20816,5418,154,0,0,1,-2,0,-999
zram,readrepeat,836,16691,4801,153,0,0,1,-2,0,-999
zram,readrepeat,837,18021,5102,154,0,0,1,-2,0,-999
zram,readrepeat,838,15178,4455,155,0,0,1,-2,0,-999
zram,readrepeat,839,18351,5051,154,0,0,1,-2,0,-999
zram,readrepeat,840,13733,4169,154,0,0,1,-2,0,-999
zram,readrepeat,841,15776,4409,154,0,0,1,-2,0,-999
zram,readrepeat,842,16998,6530,154,0,0,1,-2,0,-999
zram,readrepeat,843,15045,4360,154,0,0,1,-2,0,-999
zram,readrepeat,844,15602,4501,154,0,0,1,-2,0,-999
zram,readrepeat,845,15081,4332,154,0,0,1,-2,0,-999
zram,readrepeat,846,15746,4618,154,0,0,1,-2,0,-999
zram,readrepeat,847,14989,4185,154,0,0,1,-2,0,-999
zram,readrepeat,848,16308,6263,163,0,0,1,-2,0,-999
zram,readrepeat,849,13049,3782,152,0,0,1,-2,0,-999
zram,readrepeat,850,16866,4589,155,0,0,1,-2,0,-999
zram,readrepeat,851,37557,5242,155,0,0,1,-2,0,-999
zram,readrepeat,852,15215,4427,152,0,0,1,-2,0,-999
zram,readrepeat,853,15322,4393,154,0,0,1,-2,0,-999
zram,readrepeat,854,15345,4410,153,0,0,1,-2,0,-999
zram,readrepeat,855,19148,6483,155,0,0,1,-2,0,-999
zram,readrepeat,856,15660,4499,155,0,0,1,-2,0,-999
zram,readrepeat,857,16132,4590,153,0,0,1,-2,0,-999
zram,readrepeat,858,14885,4384,155,0,0,1,-2,0,-999
zram,readrepeat,859,26362,5696,154,0,0,1,-2,0,-999
zram,readrepeat,860,22400,6978,192,0,0,1,-2,0,-999
zram,readrepeat,861,23648,5607,153,0,0,1,-2,0,-999
zram,readrepeat,862,15731,4551,154,0,0,1,-2,0,-999
zram,readrepeat,863,15759,4491,154,0,0,1,-2,0,-999
zram,readrepeat,864,40440,4472,157,0,0,1,-2,0,-999
zram,readrepeat,865,14205,4058,153,0,0,1,-2,0,-999
zram,readrepeat,866,14752,4224,153,0,0,1,-2,0,-999
zram,readrepeat,867,16624,4630,155,0,0,1,-2,0,-999
zram,readrepeat,868,14608,4373,154,0,0,1,-2,0,-999
zram,readrepeat,869,17313,4849,153,0,0,1,-2,0,-999
zram,readrepeat,870,15987,4594,152,0,0,1,-2,0,-999
zram,readrepeat,871,23886,4642,154,0,0,1,-2,0,-999
zram,readrepeat,872,15119,4310,153,0,0,1,-2,0,-999
zram,readrepeat,873,14960,4328,154,0,0,1,-2,0,-999
zram,readrepeat,874,13495,4093,153,0,0,1,-2,0,-999
zram,readrepeat,875,15281,4423,154,0,0,1,-2,0,-999
zram,readrepeat,876,13646,4065,155,0,0,1,-2,0,-999
zram,readrepeat,877,15493,4364,152,0,0,1,-2,0,-999
zram,readrepeat,878,15502,4462,154,0,0,1,-2,0,-999
zram,readrepeat,879,15046,4329,154,0,0,1,-2,0,-999
zram,readrepeat,880,15035,4373,154,0,0,1,-2,0,-999
zram,readrepeat,881,37453,4749,155,0,0,1,-2,0,-999
zram,readrepeat,882,15355,4352,153,0,0,1,-2,0,-999
zram,readrepeat,883,13605,5746,191,0,0,1,-2,0,-999
zram,readrepeat,884,15271,4345,152,0,0,1,-2,0,-999
zram,readrepeat,885,13566,4054,153,0,0,1,-2,0,-999
zram,readrepeat,886,16162,4382,153,0,0,1,-2,0,-999
zram,readrepeat,887,14830,4315,153,0,0,1,-2,0,-999
zram,readrepeat,888,15429,4484,153,0,0,1,-2,0,-999
zram,readrepeat,889,14039,4129,153,0,0,1,-2,0,-999
zram,readrepeat,890,15458,4572,155,0,0,1,-2,0,-999
zram,readrepeat,891,13677,4117,153,0,0,1,-2,0,-999
zram,readrepeat,892,14798,4296,153,0,0,1,-2,0,-999
zram,readrepeat,893,22219,4606,154,0,0,1,-2,0,-999
zram,readrepeat,894,15504,4427,153,0,0,1,-2,0,-999
zram,readrepeat,895,14941,4309,154,0,0,1,-2,0,-999
zram,readrepeat,896,13483,4127,154,0,0,1,-2,0,-999
zram,readrepeat,897,15405,4393,154,0,0,1,-2,0,-999
zram,readrepeat,898,13260,5604,175,0,0,1,-2,0,-999
zram,readrepeat,899,22795,5445,153,0,0,1,-2,0,-999
zram,readrepeat,900,15687,4367,154,0,0,1,-2,0,-999
zram,readrepeat,901,15015,4391,155,0,0,1,-2,0,-999
zram,readrepeat,902,14016,4272,155,0,0,1,-2,0,-999
zram,readrepeat,903,16948,5769,154,0,0,1,-2,0,-999
zram,readrepeat,904,16305,4604,153,0,0,1,-2,0,-999
zram,readrepeat,905,15294,4378,153,0,0,1,-2,0,-999
zram,readrepeat,906,36994,17751,188,0,0,1,-2,0,-999
zram,readrepeat,907,23515,5569,153,0,0,1,-2,0,-999
zram,readrepeat,908,14029,4168,153,0,0,1,-2,0,-999
zram,readrepeat,909,61644,9743,155,0,0,1,-2,0,-999
zram,readrepeat,910,19202,5118,155,0,0,1,-2,0,-999
zram,readrepeat,911,13264,3949,154,0,0,1,-2,0,-999
zram,readrepeat,912,17773,4991,153,0,0,1,-2,0,-999
zram,readrepeat,913,15713,4711,154,0,0,1,-2,0,-999
zram,readrepeat,914,12698,3893,154,0,0,1,-2,0,-999
zram,readrepeat,915,14802,4313,154,0,0,1,-2,0,-999
zram,readrepeat,916,12771,3898,156,0,0,1,-2,0,-999
zram,readrepeat,917,15805,4500,155,0,0,1,-2,0,-999
zram,readrepeat,918,14401,4237,152,0,0,1,-2,0,-999
zram,readrepeat,919,13895,4157,152,0,0,1,-2,0,-999
zram,readrepeat,920,42796,4915,153,0,0,1,-2,0,-999
zram,readrepeat,921,23882,5398,154,0,0,1,-2,0,-999
zram,readrepeat,922,21573,5401,154,0,0,1,-2,0,-999
zram,readrepeat,923,23532,5141,154,0,0,1,-2,0,-999
zram,readrepeat,924,14293,4137,154,0,0,1,-2,0,-999
zram,readrepeat,925,14110,4204,154,0,0,1,-2,0,-999
zram,readrepeat,926,12482,3797,154,0,0,1,-2,0,-999
zram,readrepeat,927,14952,4305,156,0,0,1,-2,0,-999
zram,readrepeat,928,12638,3831,154,0,0,1,-2,0,-999
zram,readrepeat,929,13906,3968,153,0,0,1,-2,0,-999
zram,readrepeat,930,19014,4199,154,0,0,1,-2,0,-999
zram,readrepeat,931,14783,4170,155,0,0,1,-2,0,-999
zram,readrepeat,932,13756,4048,154,0,0,1,-2,0,-999
zram,readrepeat,933,12466,3814,154,0,0,1,-2,0,-999
zram,readrepeat,934,14397,4137,153,0,0,1,-2,0,-999
zram,readrepeat,935,21068,6406,173,0,0,1,-2,0,-999
zram,readrepeat,936,14863,4494,155,0,0,1,-2,0,-999
zram,readrepeat,937,15720,4541,153,0,0,1,-2,0,-999
zram,readrepeat,938,15472,5901,185,0,0,1,-2,0,-999
zram,readrepeat,939,16630,4762,153,0,0,1,-2,0,-999
zram,readrepeat,940,38622,5060,154,0,0,1,-2,0,-999
zram,readrepeat,941,14602,4149,154,0,0,1,-2,0,-999
zram,readrepeat,942,37549,4151,156,0,0,1,-2,0,-999
zram,readrepeat,943,14434,4199,152,0,0,1,-2,0,-999
zram,readrepeat,944,12701,3812,153,0,0,1,-2,0,-999
zram,readrepeat,945,14631,4247,154,0,0,1,-2,0,-999
zram,readrepeat,946,12582,3803,154,0,0,1,-2,0,-999
zram,readrepeat,947,17606,5207,220,0,0,1,-2,0,-999
zram,readrepeat,948,27244,7407,180,0,0,1,-2,0,-999
zram,readrepeat,949,15697,4589,155,0,0,1,-2,0,-999
zram,readrepeat,950,16798,4872,154,0,0,1,-2,0,-999
zram,readrepeat,951,12362,3803,154,0,0,1,-2,0,-999
zram,readrepeat,952,41671,5524,153,0,0,1,-2,0,-999
zram,readrepeat,953,13932,3827,153,0,0,1,-2,0,-999
zram,readrepeat,954,14180,4146,155,0,0,1,-2,0,-999
zram,readrepeat,955,15204,4426,154,0,0,1,-2,0,-999
zram,readrepeat,956,12702,3753,155,0,0,1,-2,0,-999
zram,readrepeat,957,16158,4626,154,0,0,1,-2,0,-999
zram,readrepeat,958,12505,3772,154,0,0,1,-2,0,-999
zram,readrepeat,959,15592,4415,153,0,0,1,-2,0,-999
zram,readrepeat,960,17584,4626,151,0,0,1,-2,0,-999
zram,readrepeat,961,14384,4259,155,0,0,1,-2,0,-999
zram,readrepeat,962,15360,4434,154,0,0,1,-2,0,-999
zram,readrepeat,963,12907,4853,153,0,0,1,-2,0,-999
zram,readrepeat,964,15272,4543,153,0,0,1,-2,0,-999
zram,readrepeat,965,12348,3846,155,0,0,1,-2,0,-999
zram,readrepeat,966,16118,4573,153,0,0,1,-2,0,-999
zram,readrepeat,967,15488,4581,154,0,0,1,-2,0,-999
zram,readrepeat,968,13824,3967,156,0,0,1,-2,0,-999
zram,readrepeat,969,15418,4451,153,0,0,1,-2,0,-999
zram,readrepeat,970,18115,4891,155,0,0,1,-2,0,-999
zram,readrepeat,971,12596,3842,154,0,0,1,-2,0,-999
zram,readrepeat,972,14899,4205,153,0,0,1,-2,0,-999
zram,readrepeat,973,12462,3861,154,0,0,1,-2,0,-999
zram,readrepeat,974,14749,21820,154,0,0,1,-2,0,-999
zram,readrepeat,975,19595,6195,222,0,0,1,-2,0,-999
zram,readrepeat,976,21540,6411,188,0,0,1,-2,0,-999
zram,readrepeat,977,17978,4901,154,0,0,1,-2,0,-999
zram,readrepeat,978,18224,5081,155,0,0,1,-2,0,-999
zram,readrepeat,979,15375,4406,153,0,0,1,-2,0,-999
zram,readrepeat,980,13144,4002,156,0,0,1,-2,0,-999
zram,readrepeat,981,14541,4225,155,0,0,1,-2,0,-999
zram,readrepeat,982,13050,3906,154,0,0,1,-2,0,-999
zram,readrepeat,983,14404,4144,155,0,0,1,-2,0,-999
zram,readrepeat,984,13888,4499,154,0,0,1,-2,0,-999
zram,readrepeat,985,14052,4019,153,0,0,1,-2,0,-999
zram,readrepeat,986,13704,4075,155,0,0,1,-2,0,-999
zram,readrepeat,987,18541,4910,154,0,0,1,-2,0,-999
zram,readrepeat,988,15026,4429,154,0,0,1,-2,0,-999
zram,readrepeat,989,13074,3851,154,0,0,1,-2,0,-999
zram,readrepeat,990,31860,4768,155,0,0,1,-2,0,-999
zram,readrepeat,991,16543,4608,154,0,0,1,-2,0,-999
zram,readrepeat,992,14868,4228,155,0,0,1,-2,0,-999
zram,readrepeat,993,13635,4123,154,0,0,1,-2,0,-999
zram,readrepeat,994,15877,4434,153,0,0,1,-2,0,-999
zram,readrepeat,995,14761,4209,154,0,0,1,-2,0,-999
zram,readrepeat,996,17608,6196,232,0,0,1,-2,0,-999
zram,readrepeat,997,20167,4958,155,0,0,1,-2,0,-999
zram,readrepeat,998,13939,4122,154,0,0,1,-2,0,-999
zram,readrepeat,999,13910,4031,154,0,0,1,-2,0,-999
